term_uuid	lbl	class_code	class_name	tier	method	reason	gtc_ids	n_sources
GSD:864352e3-4959-5d32-b9e3-b0973c89c4a1	β3-linked glucose	2A	Linkage-specified substructure	2	curator	Curator-assigned classification (ground truth)		1
GSD:b115b40e-fdf0-573a-9549-0ec68f296584	1-4-linked α-L-guluronic acid	2A	Linkage-specified substructure	2	curator	Curator-assigned classification (ground truth)		1
GSD:28b652e2-5923-5c29-96f1-988d8d23c5e6	1-4-linked β-D-mannuronic acid	2A	Linkage-specified substructure	2	curator	Curator-assigned classification (ground truth)		1
GSD:165697ec-4d3c-5222-b659-a519d5f852b1	β6-linked galactose	2A	Linkage-specified substructure	2	curator	Curator-assigned classification (ground truth)		1
GSD:59ad35d6-72e6-5621-84da-36ff79658b40	β6-linked glucose	2A	Linkage-specified substructure	2	curator	Curator-assigned classification (ground truth)		1
GSD:3b67a794-e241-56bb-b993-661b1a47f3ef	2-6-branch of complex N-glycans	1B	Named recurrent structural feature	1	curator	Curator-assigned classification (ground truth)	G56868BH	2
GSD:10ae2b99-1d75-5290-a777-47b7b1fcaf32	2'-fucosyllactose	3B	Monosaccharide or named disaccharide	3	curator	Curator-assigned classification (ground truth)		1
GSD:5a262e8e-7861-5764-aa44-fdfb05a1e92b	3-O-sulfated galactose	3B	Monosaccharide or named disaccharide	3	curator	Curator-assigned classification (ground truth)		1
GSD:f0e62919-4120-5fd2-af20-33525dfb29a9	3-O-sulfated GlcNS6S	3B	Monosaccharide or named disaccharide	3	curator	Curator-assigned classification (ground truth)		1
GSD:5c444dc8-d458-53df-88a8-65344b643df1	chondroitin-4-sulfate	1A	Canonical named glycan entity	1	curator	Curator-assigned classification (ground truth)	G19059PI	5
GSD:5f243ab7-64a6-5a23-9ce1-529071201a5a	6-O-sulfated glucosamine	3B	Monosaccharide or named disaccharide	3	curator	Curator-assigned classification (ground truth)		1
GSD:6e033c8a-f202-509b-8b71-6eef358777b2	6'-sulfo-sialyl Lewis x	1A	Canonical named glycan entity	1	curator	Curator-assigned classification (ground truth)	G80722US; G00672PE; G77659VW; G23322RK	25
GSD:9447ca95-04fd-5700-9db0-2a3ee02c2a4a	9-O-acetylated sialic acid	3B	Monosaccharide or named disaccharide	3	curator	Curator-assigned classification (ground truth)		1
GSD:f054a590-0d24-5438-b871-64b001b53954	ABO blood group antigens	3A	Umbrella / glycoconjugate class	3	curator	Curator-assigned classification (ground truth)		1
GSD:667030ec-2d62-5573-9fa1-f4482afc0782	alkylacylphosphatidylinositol-anchored glycan	1A	Canonical named glycan entity	1	curator	Curator-assigned classification (ground truth)		1
GSD:62c19a81-2859-5cac-8aae-c9a9d6da5eb4	amylopectin	1C	Non-GAG homo/hetero-polymer	1	curator	Curator-assigned classification (ground truth)		1
GSD:d742c56c-350f-5f5e-bf18-d4ed7d085155	apiogalacturonan	1C	Non-GAG homo/hetero-polymer	1	curator	Curator-assigned classification (ground truth)		1
GSD:687c2e68-ec7d-54ca-a4ee-2996b7df7ebb	arabinoglucuronoxylan	1C	Non-GAG homo/hetero-polymer	1	curator	Curator-assigned classification (ground truth)		1
GSD:44424bf0-a3e2-524d-9b57-0879a7c56c2b	arthroseries glycosphingolipids	3A	Umbrella / glycoconjugate class	3	curator	Curator-assigned classification (ground truth)		1
GSD:70869a6d-1921-5736-8f3a-af3e124c381a	a-series gangliosides	3A	Umbrella / glycoconjugate class	3	curator	Curator-assigned classification (ground truth)		1
GSD:8ce1f4e6-8cbe-5167-8ece-a1cfc850d3a5	asialo-GM1	1A	Canonical named glycan entity	1	curator	Curator-assigned classification (ground truth)	G21856LC; G00407UJ	13
GSD:a7868da4-a6c2-4825-97b9-c86700b1c213	GA1	1A	Canonical named glycan entity	1	curator	Curator-assigned classification (ground truth)	G21856LC	3
GSD:7548e42d-e075-5fef-a148-a06913542f40	biantennary complex-type N-glycan	2C	Composite descriptive phrase	2	curator	Curator-assigned classification (ground truth)		2
GSD:abc37e9a-7363-5440-87f1-1e620ed70a9a	biantennary N-glycan	1B	Named recurrent structural feature	1	curator	Curator-assigned classification (ground truth)		2
GSD:c453bc0a-a177-5fa0-b20d-23636ce0200e	bisected complex-type N-glycan	2C	Composite descriptive phrase	2	curator	Curator-assigned classification (ground truth)		1
GSD:69988744-7296-5f26-8c2b-7a2cf6cd3ad3	bisecting GlcNAc	1B	Named recurrent structural feature	1	curator	Curator-assigned classification (ground truth)		2
GSD:404bf970-2534-5f2f-86e1-746f0302e08a	bisecting α1-4GlcNAc	1B	Named recurrent structural feature	1	curator	Curator-assigned classification (ground truth)		1
GSD:7ec6f782-4bc2-57ae-a15d-27c73f9a14f7	blood group A determinant	1A	Canonical named glycan entity	1	curator	Curator-assigned classification (ground truth)	G00066MO	2
GSD:b584b143-e0c4-5b8f-8523-f8b53ea2cfbe	blood group antigens	3A	Umbrella / glycoconjugate class	3	curator	Curator-assigned classification (ground truth)		1
GSD:79a67483-e981-5415-9ec5-1725243f3795	blood group B determinant	1A	Canonical named glycan entity	1	curator	Curator-assigned classification (ground truth)		1
GSD:33654432-0fbb-5d63-964b-04779c68d99e	blood group H determinant	1A	Canonical named glycan entity	1	curator	Curator-assigned classification (ground truth)		1
GSD:5e28351b-8816-5e00-8aeb-cdc7a43e3eb9	branched N-glycan	2B	Single descriptor phrase	2	curator	Curator-assigned classification (ground truth)		1
GSD:e21a336f-6519-5fe7-9429-bcfa0d13f084	b-series gangliosides	3A	Umbrella / glycoconjugate class	3	curator	Curator-assigned classification (ground truth)		1
GSD:1083d84a-bf43-50ba-a94d-bf349b194916	callose	1C	Non-GAG homo/hetero-polymer	1	curator	Curator-assigned classification (ground truth)		1
GSD:1631d080-5dbb-5950-a0da-474aeb12d32d	cellobiose	3B	Monosaccharide or named disaccharide	3	curator	Curator-assigned classification (ground truth)	G55560AP	4
GSD:c7381b2b-a6b8-53b0-9ccd-02d2e5f775f7	cellulose	1C	Non-GAG homo/hetero-polymer	1	curator	Curator-assigned classification (ground truth)	G00025MO	2
GSD:87cba7f2-dfd0-5338-a6bb-0100197ad8ad	chitin	1C	Non-GAG homo/hetero-polymer	1	curator	Curator-assigned classification (ground truth)	G97099AY	3
GSD:8756b00b-9dcc-514c-a965-d339f8ec93b2	chitobiose	3B	Monosaccharide or named disaccharide	3	curator	Curator-assigned classification (ground truth)		1
GSD:c0561c11-1067-5e5a-ba4b-43ad894ccf41	chondroitin	1A	Canonical named glycan entity	1	curator	Curator-assigned classification (ground truth)	G43702JT; G00018MO	6
GSD:0a5b0166-1241-5a4a-a0d8-d7d1970792c6	chondroitin sulfate A	1A	Canonical named glycan entity	1	curator	Curator-assigned classification (ground truth)		2
GSD:37210836-4c03-58ec-ae10-befc14eacc9e	chondroitin sulfate B	1A	Canonical named glycan entity	1	curator	Curator-assigned classification (ground truth)		2
GSD:0d5ea83b-21ec-59e0-a01e-35fb322984f4	chondroitin sulfate C	1A	Canonical named glycan entity	1	curator	Curator-assigned classification (ground truth)		2
GSD:3d250b8c-6c0f-5d52-9fd3-1a58a7660e1d	chondroitin sulfate	1A	Canonical named glycan entity	1	curator	Curator-assigned classification (ground truth)	G00018MO	3
GSD:12a331e1-df46-5810-a2c0-83a4675298ce	C-mannose	2B	Single descriptor phrase	2	curator	Curator-assigned classification (ground truth)		1
GSD:83407b75-f351-5941-a80f-f5f3e662a358	complex ganglioside	3A	Umbrella / glycoconjugate class	3	curator	Curator-assigned classification (ground truth)		1
GSD:01252e39-1f93-59e0-a64c-0655bfa4d620	complex glycolipid	3A	Umbrella / glycoconjugate class	3	curator	Curator-assigned classification (ground truth)		1
GSD:ebb26565-ed41-5f38-b9a5-a436515b2e86	complex O-glycan	3A	Umbrella / glycoconjugate class	3	curator	Curator-assigned classification (ground truth)		1
GSD:8898cfbc-b227-5381-aa3b-2d6e8f5c855c	complex-type N-glycan	1B	Named recurrent structural feature	1	curator	Curator-assigned classification (ground truth)		2
GSD:13c3b217-f4d2-5e5f-9349-c2754539e341	sialylated complex-type N-glycan	2C	Composite descriptive phrase	2	curator	Curator-assigned classification (ground truth)		2
GSD:d30c0796-5386-5d5a-b374-96d79431db98	core 1 O-glycan	1A	Canonical named glycan entity	1	curator	Curator-assigned classification (ground truth)	G00031MO	2
GSD:84263c50-3256-5701-b917-3856baedd01f	core 2 O-glycan	1A	Canonical named glycan entity	1	curator	Curator-assigned classification (ground truth)	G00033MO	2
GSD:0bdf4f51-9378-5d0c-a017-220cfd707bbe	core 3 O-glycan	1A	Canonical named glycan entity	1	curator	Curator-assigned classification (ground truth)	G00035MO	2
GSD:380c3655-bfc9-5931-977b-294df335f2c3	core 4 O-glycan	1A	Canonical named glycan entity	1	curator	Curator-assigned classification (ground truth)	G00037MO	2
GSD:50d1be21-660a-5e10-a72d-f832009f71db	core fucose	1B	Named recurrent structural feature	1	curator	Curator-assigned classification (ground truth)	G78059CC	2
GSD:d8e7f221-faf6-5ef2-8636-480671b984df	core M1 O-mannose glycan	1A	Canonical named glycan entity	1	curator	Curator-assigned classification (ground truth)		1
GSD:9a0d5141-888d-51f3-b8b5-30b5a6456aa8	core M2 O-mannose glycan	1A	Canonical named glycan entity	1	curator	Curator-assigned classification (ground truth)		1
GSD:67c80166-8447-5f77-b32c-17101f58e923	core M3 O-mannose glycan	1A	Canonical named glycan entity	1	curator	Curator-assigned classification (ground truth)		1
GSD:ad4eef06-adc3-5576-ab88-d97ecabba171	c-series gangliosides	3A	Umbrella / glycoconjugate class	3	curator	Curator-assigned classification (ground truth)		1
GSD:812d8fe6-24aa-5c10-afab-b0f3523c1d49	cyclic β1-2 glucan	1C	Non-GAG homo/hetero-polymer	1	curator	Curator-assigned classification (ground truth)		1
GSD:0ef0d5e3-6dad-54e6-9bde-79eec7ce6000	dermatan sulfate	1A	Canonical named glycan entity	1	curator	Curator-assigned classification (ground truth)	G00019MO	4
GSD:1fb3e01a-50ec-56fb-ab50-f6f757d82d96	dextran	1C	Non-GAG homo/hetero-polymer	1	curator	Curator-assigned classification (ground truth)		1
GSD:6f1bee5a-4792-5ca8-b631-f32c4052b8c5	di-N-acetylbacillosamine	3B	Monosaccharide or named disaccharide	3	curator	Curator-assigned classification (ground truth)		1
GSD:2c92929a-4f34-5166-a815-b20e3decb896	disialyl Lewis a	1A	Canonical named glycan entity	1	curator	Curator-assigned classification (ground truth)	G93400AK	6
GSD:fc360443-5e52-5286-9023-5a450d05986c	extended core-1 O-glycan	1A	Canonical named glycan entity	1	curator	Curator-assigned classification (ground truth)		1
GSD:d5eb4aa0-0881-5a7f-8b55-4027c9e0d7df	fructan	1C	Non-GAG homo/hetero-polymer	1	curator	Curator-assigned classification (ground truth)		1
GSD:d437d34e-537b-57ce-8704-433177d46d46	fucoidan	1C	Non-GAG homo/hetero-polymer	1	curator	Curator-assigned classification (ground truth)		1
GSD:48b33e4c-bedf-5af1-ba2a-8730ba59a999	fucosylated glycan	2B	Single descriptor phrase	2	curator	Curator-assigned classification (ground truth)		1
GSD:513ef5dc-3e7b-5d21-9757-fd24642c2e46	fucosylated N-glycan	2B	Single descriptor phrase	2	curator	Curator-assigned classification (ground truth)		2
GSD:04968aef-3b4e-5f07-8352-79ac445ab345	Fucα1-2Gal	2A	Linkage-specified substructure	2	curator	Curator-assigned classification (ground truth)		1
GSD:bf0e78e7-7656-5f66-8677-a96d59743cfe	G0	2D	Glycoform shorthand code	2	curator	Curator-assigned classification (ground truth)	G36191CD	2
GSD:a2c78d58-1d1e-5488-972e-60788bd92662	galabiose	3B	Monosaccharide or named disaccharide	3	curator	Curator-assigned classification (ground truth)	G62763GO	5
GSD:672c9b68-8cc9-5b73-a41f-4f1912dbe84b	galactan	1C	Non-GAG homo/hetero-polymer	1	curator	Curator-assigned classification (ground truth)		1
GSD:a92a3278-eedb-5329-b627-fe354524b4f1	galactolipid	3A	Umbrella / glycoconjugate class	3	curator	Curator-assigned classification (ground truth)		1
GSD:1d4660e2-b1f4-5dfd-8daa-7b23494e4747	galactomannan	1C	Non-GAG homo/hetero-polymer	1	curator	Curator-assigned classification (ground truth)	G93424OB	5
GSD:0a1fb874-2e4b-58f7-8fd4-4bb308613cb0	galactose-terminated N-glycan branch	2C	Composite descriptive phrase	2	curator	Curator-assigned classification (ground truth)		1
GSD:7829c0b5-3df6-5e54-baad-fb4c64380426	galactosylceramide	1A	Canonical named glycan entity	1	curator	Curator-assigned classification (ground truth)	G65889KE	10
GSD:4dfd069b-a6b4-53af-96b3-b6464421b392	GalNAcα1-3Gal	2A	Linkage-specified substructure	2	curator	Curator-assigned classification (ground truth)		1
GSD:f38bd421-3733-5f59-a1e6-c07ff71a9298	GalNAcα1-4GalNAcα1-3-diNAcBac	2A	Linkage-specified substructure	2	curator	Curator-assigned classification (ground truth)		1
GSD:dc576e33-db61-5a15-beff-20d06f37e944	GalNAcα1-4GalNAcα1-4	2A	Linkage-specified substructure	2	curator	Curator-assigned classification (ground truth)		1
GSD:e20326f3-93ec-5b08-83c8-4b0fbc04ef9c	Galα1-3GalNAc	2A	Linkage-specified substructure	2	curator	Curator-assigned classification (ground truth)		1
GSD:395a4112-0689-5bb3-92fc-a60b2e0cb3a3	Galα1-3Galα	2A	Linkage-specified substructure	2	curator	Curator-assigned classification (ground truth)		1
GSD:b9bc662d-a00d-52c9-8b01-e6483eb298f2	Galα1-3Galβ1-4GlcNAc	2A	Linkage-specified substructure	2	curator	Curator-assigned classification (ground truth)		1
GSD:69fbdafc-9293-50a2-8401-c788fa54b2fd	Galα1-3Glcα	2A	Linkage-specified substructure	2	curator	Curator-assigned classification (ground truth)		1
GSD:e1fbb8c1-c50d-59a7-97f0-870d83b0601c	Galβ1-3GalNAcβ1-4Gal	2A	Linkage-specified substructure	2	curator	Curator-assigned classification (ground truth)		1
GSD:5363637f-5a19-5108-ae9d-02b3e1d7003e	Galβ1-3GlcNAcβ1-3Galβ1-4GlcNAc	2A	Linkage-specified substructure	2	curator	Curator-assigned classification (ground truth)		1
GSD:cac8e53d-b210-51f2-8b22-4d0f32b77326	ganglio-series glycosphingolipid	3A	Umbrella / glycoconjugate class	3	curator	Curator-assigned classification (ground truth)		1
GSD:7a810b44-8bb6-56ba-b76c-339d66b301d7	ganglioside	3A	Umbrella / glycoconjugate class	3	curator	Curator-assigned classification (ground truth)		1
GSD:20e88f5c-c2b3-59f6-be89-7e0e58465d7c	Gb3	1A	Canonical named glycan entity	1	curator	Curator-assigned classification (ground truth)	G00059MO	5
GSD:94c78688-31d6-41ea-b885-c811f945864d	Pk antigen	1A	Canonical named glycan entity	1	curator	Curator-assigned classification (ground truth)	G00059MO; G06000DZ	11
GSD:2721b555-911d-4079-a026-e761a752deb8	CD77	1A	Canonical named glycan entity	1	curator	Curator-assigned classification (ground truth)	G00059MO	2
GSD:b137039e-0172-5d89-8fa3-68775f8d4016	Gb4	1A	Canonical named glycan entity	1	curator	Curator-assigned classification (ground truth)	G00061MO	6
GSD:cf106ff8-f5cf-494a-a7bd-47029cde0d2b	P antigen	1A	Canonical named glycan entity	1	curator	Curator-assigned classification (ground truth)	G00061MO	5
GSD:ce08ddcb-1567-5caa-9ad2-9c2209277bcc	GD1a	1A	Canonical named glycan entity	1	curator	Curator-assigned classification (ground truth)	G46677TE; G45714BQ; G13258LA; G69277LC	12
GSD:e4e3df0d-c881-5a91-97fc-fbe47b595923	GD1b	1A	Canonical named glycan entity	1	curator	Curator-assigned classification (ground truth)	G37184KW; G97612UN	14
GSD:d0c0ead3-30f7-5dbf-97a0-dc0aaf2624c4	GD1	1A	Canonical named glycan entity	1	curator	Curator-assigned classification (ground truth)	G81983KG; G24638PB	6
GSD:19d06add-13da-49d3-9c6c-55cec93a8981	Gg4	1A	Canonical named glycan entity	1	curator	Curator-assigned classification (ground truth)	G21856LC	3
GSD:cc06bb89-924b-5d6d-a843-baca062dd6a4	Glc3Man9GlcNAc2	2E	Composition formula	2	curator	Curator-assigned classification (ground truth)		1
GSD:297e2bb5-a492-5cd7-bda2-0b6e10d91868	GlcA-GlcNAc repeating unit	2A	Linkage-specified substructure	2	curator	Curator-assigned classification (ground truth)		1
GSD:a5eb4dff-4b85-50db-bbd6-af4b55393241	GlcAβ1-3GalNAc repeating unit	2A	Linkage-specified substructure	2	curator	Curator-assigned classification (ground truth)		1
GSD:a2d09e61-b751-50c2-be00-9be4c20148f3	GlcAβ1-3Galβ	2A	Linkage-specified substructure	2	curator	Curator-assigned classification (ground truth)		1
GSD:6c9a6faf-fad0-566d-ad32-8d6d1bd04f1f	GlcNAc-P-Man phosphodiester	2A	Linkage-specified substructure	2	curator	Curator-assigned classification (ground truth)		1
GSD:909439ef-1f1a-5c74-9e36-56cca3f8b024	GlcNAcβ1-2Manα1-3	2A	Linkage-specified substructure	2	curator	Curator-assigned classification (ground truth)		1
GSD:333cf741-734c-5f79-929e-7aba2473fd6d	GlcNAcβ1-2Manα1-6	2A	Linkage-specified substructure	2	curator	Curator-assigned classification (ground truth)		1
GSD:05a85523-3746-5e27-b26c-b6be92baa9ce	GlcNAcβ1-4Gal	2A	Linkage-specified substructure	2	curator	Curator-assigned classification (ground truth)		1
GSD:a4024824-8ebd-52bb-bd77-3d2bfc7428bb	GlcNAcβ1-4GlcNAc	2A	Linkage-specified substructure	2	curator	Curator-assigned classification (ground truth)		1
GSD:5534ac2a-997a-55ae-a2ac-0ecef58af642	GlcNAcβ1-4Glc-Cer	2A	Linkage-specified substructure	2	curator	Curator-assigned classification (ground truth)		1
GSD:b6520151-5833-5a29-8b9e-5366ad982946	GlcNAcβ1-4Man	2A	Linkage-specified substructure	2	curator	Curator-assigned classification (ground truth)		1
GSD:6348b8f8-fc3a-5bf8-a237-9e1c4b573f2d	Glcα1-4Glc repeating unit	2A	Linkage-specified substructure	2	curator	Curator-assigned classification (ground truth)		1
GSD:4f0d6449-4ecc-5890-be80-3712fd55caad	Glcα1-phosphate-Man	2A	Linkage-specified substructure	2	curator	Curator-assigned classification (ground truth)		1
GSD:51a57210-2ae6-5077-808c-5b752b914b6b	Glcβ1-3Fucα-O-	2A	Linkage-specified substructure	2	curator	Curator-assigned classification (ground truth)		1
GSD:ee15a6e1-4986-5710-b1f7-04d74d0ebfba	globo-series glycospingolipids	3A	Umbrella / glycoconjugate class	3	curator	Curator-assigned classification (ground truth)		1
GSD:f103e2fb-58a5-5b16-80c5-8e27ca3c0536	glucan	1C	Non-GAG homo/hetero-polymer	1	curator	Curator-assigned classification (ground truth)		1
GSD:2312c43c-2cd4-563f-b74c-b95ee7b58642	glucomannan	1C	Non-GAG homo/hetero-polymer	1	curator	Curator-assigned classification (ground truth)	G88924MD	5
GSD:3d06d77f-0323-508b-8678-7e86c86b85c4	glucosylceramide	1A	Canonical named glycan entity	1	curator	Curator-assigned classification (ground truth)	G71142DF	6
GSD:77ceee42-d16d-590b-ae3e-94e617326342	glucuronoarabinoxylan	1C	Non-GAG homo/hetero-polymer	1	curator	Curator-assigned classification (ground truth)	G54315VV	2
GSD:68812b8d-f8a2-5064-86e7-b8389b0069d5	glucuronoxylan	1C	Non-GAG homo/hetero-polymer	1	curator	Curator-assigned classification (ground truth)	G94091AV	2
GSD:159b23d6-4463-518c-b6d0-edc0916ae57e	glycogen	1C	Non-GAG homo/hetero-polymer	1	curator	Curator-assigned classification (ground truth)		1
GSD:e96d30e8-eb7c-52f4-9b67-9a92a86513c7	glycoglycerolipid	3A	Umbrella / glycoconjugate class	3	curator	Curator-assigned classification (ground truth)		1
GSD:a103e2ec-3b91-522f-8955-3b125da6d21f	glycoinositolphospholipids	1A	Canonical named glycan entity	1	curator	Curator-assigned classification (ground truth)		1
GSD:045f4287-6314-539a-bc4b-5bbdad4b4b7f	glycolipids	3A	Umbrella / glycoconjugate class	3	curator	Curator-assigned classification (ground truth)		1
GSD:b2e9740e-1fe6-5a6b-97f2-5a4d864900a0	glycosaminoglycans	3A	Umbrella / glycoconjugate class	3	curator	Curator-assigned classification (ground truth)		1
GSD:aaadcfba-0977-5dd9-965d-40aa49d81920	glycosphingolipids	3A	Umbrella / glycoconjugate class	3	curator	Curator-assigned classification (ground truth)		1
GSD:4f42f90c-4af2-5926-95b6-d0bfead73c72	glycosylceramide	1A	Canonical named glycan entity	1	curator	Curator-assigned classification (ground truth)		1
GSD:2039886e-7957-5b3b-bceb-1f3c3e3c1252	glycosyldiacylglycerolipid	3A	Umbrella / glycoconjugate class	3	curator	Curator-assigned classification (ground truth)		1
GSD:eb91bceb-53d2-568b-8e05-ea0447fc3a5a	glycosylinositolphosphorylceramide	1A	Canonical named glycan entity	1	curator	Curator-assigned classification (ground truth)		1
GSD:03eade63-065b-5266-b0d6-2d0feb657606	GM1b	1A	Canonical named glycan entity	1	curator	Curator-assigned classification (ground truth)	G03277YI	5
GSD:3aa27544-ba80-5023-b104-e0747c328c0c	GM1	1A	Canonical named glycan entity	1	curator	Curator-assigned classification (ground truth)	G48558GR; G03277YI; G46613JI	13
GSD:f05f9823-137e-586e-9ce6-90956a04b6bc	GM2	1A	Canonical named glycan entity	1	curator	Curator-assigned classification (ground truth)	G79389NT; G61168WC	12
GSD:40982fbc-1026-5333-acdb-aafdf94892be	GM3	1A	Canonical named glycan entity	1	curator	Curator-assigned classification (ground truth)	G91237TK; G56516VH	11
GSD:6541a9ff-3d21-5b09-8297-2ae4b63eb6c4	GPI glycan	1A	Canonical named glycan entity	1	curator	Curator-assigned classification (ground truth)		1
GSD:2f4047e2-bc8c-577d-9c8c-ed2e04227c65	GQ1b	1A	Canonical named glycan entity	1	curator	Curator-assigned classification (ground truth)	G18625KA; G17077FL	13
GSD:926d7349-2069-5615-b469-3b6c845ce149	GT1b	1A	Canonical named glycan entity	1	curator	Curator-assigned classification (ground truth)	G40183QN; G05952XV	13
GSD:3b3e1c65-614e-57dc-aa07-85a170fcf39a	GT1c	1A	Canonical named glycan entity	1	curator	Curator-assigned classification (ground truth)	G78818SP; G50762GU	10
GSD:76dafbf0-bbad-51c3-a5ff-fcd0648bef27	hemicellulose	1C	Non-GAG homo/hetero-polymer	1	curator	Curator-assigned classification (ground truth)		1
GSD:6048df8d-01b1-53ec-93b6-3b712d0b5eeb	heparan sulfate backbone	1A	Canonical named glycan entity	1	curator	Curator-assigned classification (ground truth)		1
GSD:928fc0f5-5bfb-5be8-9eb6-dd405155d720	heparan sulfate	1A	Canonical named glycan entity	1	curator	Curator-assigned classification (ground truth)	G17927IW	4
GSD:1b759e1d-9070-5800-9001-ee81290ddc26	heparin	1A	Canonical named glycan entity	1	curator	Curator-assigned classification (ground truth)	G00021MO; G54161DR	4
GSD:017402ef-2612-5929-912c-b2b5634f6ebd	heteroxylan	1C	Non-GAG homo/hetero-polymer	1	curator	Curator-assigned classification (ground truth)		1
GSD:bae38c9e-4501-5161-bf22-a17698ab4153	highly branched complex-type N-glycan	2C	Composite descriptive phrase	2	curator	Curator-assigned classification (ground truth)		1
GSD:bd55e967-56fc-57a8-a669-0f45c0eb9a21	high-mannose N-glycan	1B	Named recurrent structural feature	1	curator	Curator-assigned classification (ground truth)	G55220VL; G00028MO	3
GSD:4aa392ab-169b-5da1-86a0-bb18312dba93	HNK-1	1A	Canonical named glycan entity	1	curator	Curator-assigned classification (ground truth)	G54406UD	6
GSD:12a886f2-8d40-554c-93dd-cc2f8894e46c	homogalacturonan	1C	Non-GAG homo/hetero-polymer	1	curator	Curator-assigned classification (ground truth)	G25318VQ	5
GSD:6811049f-c1fb-5111-bcf3-360ba4f8e672	hyaluronan	1A	Canonical named glycan entity	1	curator	Curator-assigned classification (ground truth)	G29086KO; G00017MO	3
GSD:d4bdcdc4-b702-5263-b380-9175249b1ed6	hybrid N-glycan	1B	Named recurrent structural feature	1	curator	Curator-assigned classification (ground truth)	G16828VN	2
GSD:d09ee5db-281c-40b1-95c3-53f11f4aef41	I antigen	1A	Canonical named glycan entity	1	curator	Curator-assigned classification (ground truth)	G56045WU; G46055MA; G26929DQ	9
GSD:48f5dc7c-77b8-5e42-98c5-768334218a4e	keratan sulfate–related glycan antigens	3C	Association-defined glycan marker	3	curator	Curator-assigned classification (ground truth)		1
GSD:55518b88-605c-5d07-a328-555ccbea84d0	keratan sulfate	1A	Canonical named glycan entity	1	curator	Curator-assigned classification (ground truth)	G82109MW; G00020MO	8
GSD:cea1d668-1fe6-50d0-9982-477ee729a810	LacdiNAc	1B	Named recurrent structural feature	1	curator	Curator-assigned classification (ground truth)	G31736BK; G00057MO	8
GSD:04d45d70-b2b3-5f73-bbe0-cf1fd8a53b5d	LacNAc	1B	Named recurrent structural feature	1	curator	Curator-assigned classification (ground truth)	G66213AR	5
GSD:6b96f33b-d7b7-5e34-ad41-d3b621495dff	lacto-series glycosphingolipids	3A	Umbrella / glycoconjugate class	3	curator	Curator-assigned classification (ground truth)		1
GSD:0a063c08-7f72-5da7-9397-33bdcbc5315c	lactosylceramide	1A	Canonical named glycan entity	1	curator	Curator-assigned classification (ground truth)	G84224TW; G20420WT; G74621DY	12
GSD:898a8243-636a-5c97-90ac-fa638de41d03	Leishmania lipophosphoglycan repeat unit	3C	Association-defined glycan marker	3	curator	Curator-assigned classification (ground truth)		1
GSD:232bb3ce-533d-555d-a9f4-ed9809d4ad1d	levan-type fructan	1C	Non-GAG homo/hetero-polymer	1	curator	Curator-assigned classification (ground truth)		1
GSD:cabb56b2-34c2-5250-be10-65af64594104	Lewis antigens	3A	Umbrella / glycoconjugate class	3	curator	Curator-assigned classification (ground truth)		1
GSD:4327ef94-5fff-5d27-8f23-207afe82a8d1	Lewis b	1A	Canonical named glycan entity	1	curator	Curator-assigned classification (ground truth)	G39211DH; G00048MO; G09552LA; G00052MO; G49963IQ	14
GSD:29cf4976-eff8-5c90-b2ce-05ee2f1e908a	lipid A core oligosaccharide	1B	Named recurrent structural feature	1	curator	Curator-assigned classification (ground truth)		1
GSD:97780e7f-7a97-52e0-bcef-62e033517882	lipo-chitooligosaccharide	1C	Non-GAG homo/hetero-polymer	1	curator	Curator-assigned classification (ground truth)		1
GSD:5ce320b8-ced2-5597-9134-b409afd7632f	lipoglycan	3A	Umbrella / glycoconjugate class	3	curator	Curator-assigned classification (ground truth)		1
GSD:755bd8b9-fb88-5107-b53c-4a9fa6a0f664	lipopeptidophosphoglycan	1C	Non-GAG homo/hetero-polymer	1	curator	Curator-assigned classification (ground truth)		1
GSD:dea28036-c3f0-562f-9196-0d68504e1445	lipophosphoglycan	3A	Umbrella / glycoconjugate class	3	curator	Curator-assigned classification (ground truth)		1
GSD:ce35d9a0-c346-5335-8128-5430003359c9	lipopolysaccharide	1C	Non-GAG homo/hetero-polymer	1	curator	Curator-assigned classification (ground truth)		1
GSD:e44b5779-9508-562c-9490-a76618c6623a	lipoteichoic acid	1C	Non-GAG homo/hetero-polymer	1	curator	Curator-assigned classification (ground truth)		1
GSD:649ec44c-8ca8-51fc-ab09-791ddb37fde2	M7BC	2D	Glycoform shorthand code	2	curator	Curator-assigned classification (ground truth)		2
GSD:3b8d8834-2436-5048-9e58-0a0c4ed97585	M8B	2D	Glycoform shorthand code	2	curator	Curator-assigned classification (ground truth)		2
GSD:d7aaf087-4381-5ac9-889c-e4793293c978	Man5	2D	Glycoform shorthand code	2	curator	Curator-assigned classification (ground truth)	G32104JU	3
GSD:ac85d43d-be44-59fa-a524-580fbff1c6e3	Man6	2D	Glycoform shorthand code	2	curator	Curator-assigned classification (ground truth)	G56038AR	3
GSD:dc08638c-1152-5e27-adb4-2e805b91dffc	Man-6-P-containing N-glycan	2B	Single descriptor phrase	2	curator	Curator-assigned classification (ground truth)		1
GSD:76f55f17-29ee-5938-bef1-bee233b36669	Man7	2D	Glycoform shorthand code	2	curator	Curator-assigned classification (ground truth)	G04216GB	4
GSD:652f4ddf-ec6a-59c8-ba0e-46a26173f4b7	Man8	2D	Glycoform shorthand code	2	curator	Curator-assigned classification (ground truth)	G91704UR	2
GSD:171cbaf9-e31b-5be4-ab4c-b9a60cf10330	Man9	2D	Glycoform shorthand code	2	curator	Curator-assigned classification (ground truth)	G26508HK	2
GSD:038734aa-0f88-58d2-9ee6-d2f72d775a65	mannan	1C	Non-GAG homo/hetero-polymer	1	curator	Curator-assigned classification (ground truth)		1
GSD:19877723-8cc4-55e5-80fb-b478f3358924	mannose-terminated N-glycan	2B	Single descriptor phrase	2	curator	Curator-assigned classification (ground truth)		1
GSD:08ea19f8-5687-56dc-9812-ce892691fca0	mannosylated lipoarabinomannan	1C	Non-GAG homo/hetero-polymer	1	curator	Curator-assigned classification (ground truth)		1
GSD:f2dab9ed-ecb3-569f-ab8a-93c8083d549d	Aspergillus fumigatus GPI oligosaccharide	3C	Association-defined glycan marker	3	curator	Curator-assigned classification (ground truth)		1
GSD:20de8d28-539e-5869-9718-cf9c103f2fc6	Manα1-3Man disaccharide	3B	Monosaccharide or named disaccharide	3	curator	Curator-assigned classification (ground truth)		1
GSD:7480c595-8fc8-5ffa-b750-26ae3fb65f8a	Manβ1-4Glc-ceramide	2A	Linkage-specified substructure	2	curator	Curator-assigned classification (ground truth)		1
GSD:1cd04026-2429-5e21-a7ab-c21c2150a456	matriglycan	1C	Non-GAG homo/hetero-polymer	1	curator	Curator-assigned classification (ground truth)		1
GSD:96cf2a55-237d-5a94-8c48-ea3a5399fcc2	methanochondroitin	1C	Non-GAG homo/hetero-polymer	1	curator	Curator-assigned classification (ground truth)		1
GSD:6d8d4be9-d746-5d48-9da6-ca1f0eb3b919	monoantennary N-glycan	2B	Single descriptor phrase	2	curator	Curator-assigned classification (ground truth)		1
GSD:9dbd00b1-daa1-5dd7-8643-cfc47dc7f67e	monoglucosylated N-glycan	2B	Single descriptor phrase	2	curator	Curator-assigned classification (ground truth)		1
GSD:c2c341af-933d-5fc8-9481-74150676c0bb	monosialylated ganglioside	2B	Single descriptor phrase	2	curator	Curator-assigned classification (ground truth)		1
GSD:07f53917-abb0-5512-9eb2-b97850950eee	mucin-type O-glycans	3A	Umbrella / glycoconjugate class	3	curator	Curator-assigned classification (ground truth)		2
GSD:4bcdab57-7409-55df-98c2-eadb9cd4ed93	multiantennary complex-type N-glycan	3C	Association-defined glycan marker	3	curator	Curator-assigned classification (ground truth)		1
GSD:cf5631fb-aa17-5630-9cf9-3ec070faf8ed	neolacto-series glycosphingolipids	3A	Umbrella / glycoconjugate class	3	curator	Curator-assigned classification (ground truth)		1
GSD:473ec64b-303a-53b4-842b-2f8156bc19d1	Neu5Acα2-3Gal	2A	Linkage-specified substructure	2	curator	Curator-assigned classification (ground truth)		1
GSD:24d335a2-51a3-5232-96e6-2d60815f8e55	N-glycan core	1B	Named recurrent structural feature	1	curator	Curator-assigned classification (ground truth)	G00026MO	3
GSD:3fda8660-e983-5497-aba6-bb4d277e8486	keratan sulfate type I	1A	Canonical named glycan entity	1	curator	Curator-assigned classification (ground truth)		1
GSD:b6aa2621-651c-5dc5-af13-e3dc0b932d37	N-glycans	3A	Umbrella / glycoconjugate class	3	curator	Curator-assigned classification (ground truth)	G78059CC	2
GSD:929ed22f-b4a5-54aa-9c0d-8000b75e4a33	O-acetylated sialic acids	3B	Monosaccharide or named disaccharide	3	curator	Curator-assigned classification (ground truth)		1
GSD:831262e4-f719-5510-a84a-ee900c77b375	O-antigen	1A	Canonical named glycan entity	1	curator	Curator-assigned classification (ground truth)		1
GSD:90a94f3e-97fc-5377-bba5-0d13d2766193	O-fucose glycan	2B	Single descriptor phrase	2	curator	Curator-assigned classification (ground truth)	G39294YF	2
GSD:7cee9dd6-9c05-54fc-947b-afca69f08b9e	O-GalNAc core structures	3A	Umbrella / glycoconjugate class	3	curator	Curator-assigned classification (ground truth)		1
GSD:fa47b325-2aab-42f9-9d2d-b2499fab770c	O-GalNAc glycans	3A	Umbrella / glycoconjugate class	3	curator	Curator-assigned classification (ground truth)		1
GSD:365d7f89-b85d-538a-b378-d8b369d75d62	O-GalNAc-linked sialoglycans	3C	Association-defined glycan marker	3	curator	Curator-assigned classification (ground truth)		1
GSD:d740545e-dea4-57d3-8167-6524292d59ac	O-glucose glycan	2B	Single descriptor phrase	2	curator	Curator-assigned classification (ground truth)		1
GSD:d0dfe91d-737b-59d2-9fa5-746a0d0ed6ad	O-glycans	3A	Umbrella / glycoconjugate class	3	curator	Curator-assigned classification (ground truth)		1
GSD:8d7f339e-041d-5fb1-a248-0b53939bc648	oligogalacturonides	3B	Monosaccharide or named disaccharide	3	curator	Curator-assigned classification (ground truth)		1
GSD:4128c067-002f-552f-80b1-b1ba152cce73	oligoglucosides	3B	Monosaccharide or named disaccharide	3	curator	Curator-assigned classification (ground truth)		1
GSD:17d4b1f6-7f34-5221-9454-43f9e00c5f98	oligomannose	1B	Named recurrent structural feature	1	curator	Curator-assigned classification (ground truth)		1
GSD:0b39b32b-2f19-537b-a733-8b030a6cf9dd	O-linked fucose	2B	Single descriptor phrase	2	curator	Curator-assigned classification (ground truth)		1
GSD:3a5c03e8-e8e4-50e5-9148-03bd2d061521	O-linked Glc-Gal disaccharide	3B	Monosaccharide or named disaccharide	3	curator	Curator-assigned classification (ground truth)		1
GSD:2492d774-7ee5-590a-abf8-920a662f7221	O-linked glucose	2B	Single descriptor phrase	2	curator	Curator-assigned classification (ground truth)		1
GSD:cfd82c73-ecd9-5aed-afd2-2a8504110238	keratan sulfate type II	1A	Canonical named glycan entity	1	curator	Curator-assigned classification (ground truth)		1
GSD:b0d84bd5-9ed4-50a8-bd4f-4c25eea96d25	O-linked mannose	2B	Single descriptor phrase	2	curator	Curator-assigned classification (ground truth)	G59126YU	5
GSD:627dd562-b899-5fd3-8bb3-c5ad42f31300	O-linked N-acetylglucosamine	2B	Single descriptor phrase	2	curator	Curator-assigned classification (ground truth)	G49108TO	2
GSD:eede026a-633a-577e-9f11-044f45476b06	O-linked sialoglycan	2C	Composite descriptive phrase	2	curator	Curator-assigned classification (ground truth)		1
GSD:7f2b0e5a-45b8-5366-9e6d-892f75c98d6a	O-mannose glycan	2B	Single descriptor phrase	2	curator	Curator-assigned classification (ground truth)	G59126YU	2
GSD:8fbb3cd6-990c-57ec-bf3c-e6826c0b93ec	Outer arm fucose	1B	Named recurrent structural feature	1	curator	Curator-assigned classification (ground truth)		1
GSD:a9cdd507-5984-5398-a41a-79a9dc01deb4	O-xylose-linked glycosaminoglycan	3A	Umbrella / glycoconjugate class	3	curator	Curator-assigned classification (ground truth)		1
GSD:d64e0922-936d-54e7-9182-bf7f2ccdba85	P1 antigen	1A	Canonical named glycan entity	1	curator	Curator-assigned classification (ground truth)	G12460DL; G55205ZV; G00060MO; G00076PK	11
GSD:146aba34-600b-5250-8eaa-78b19e76b286	paucimannose N-glycan	1B	Named recurrent structural feature	1	curator	Curator-assigned classification (ground truth)		2
GSD:24ed65cb-f624-5126-8f05-af4d87063b0f	P blood group antigens	3A	Umbrella / glycoconjugate class	3	curator	Curator-assigned classification (ground truth)		1
GSD:995a508c-70c2-50eb-b141-863139196fe1	pectin	1C	Non-GAG homo/hetero-polymer	1	curator	Curator-assigned classification (ground truth)		1
GSD:d51dc931-a3ca-5b24-a263-ae807bf9cb6e	phosphomannan	1C	Non-GAG homo/hetero-polymer	1	curator	Curator-assigned classification (ground truth)		1
GSD:f2f7171a-ce36-5d80-b7f6-0ae02cc92d57	phosphopeptidomannan	1C	Non-GAG homo/hetero-polymer	1	curator	Curator-assigned classification (ground truth)		1
GSD:197964ba-03d7-5f0a-ae09-b7a7e1fd478c	polyfucose branch	1B	Named recurrent structural feature	1	curator	Curator-assigned classification (ground truth)		1
GSD:32f8e4bf-4bce-5880-822c-2bbe9e194237	polyglycosylceramide	1B	Named recurrent structural feature	1	curator	Curator-assigned classification (ground truth)		1
GSD:3414ff02-7a95-507c-b1c0-efdc59904ea2	poly-lacto-N-biose	1B	Named recurrent structural feature	1	curator	Curator-assigned classification (ground truth)		1
GSD:99e7e9ac-4324-5ba3-bc57-1c68b48aba2a	polymannose	1B	Named recurrent structural feature	1	curator	Curator-assigned classification (ground truth)		1
GSD:b3b96d8e-5d7b-5cd5-adce-1c284a2a8086	polymannosyl N-glycan	1B	Named recurrent structural feature	1	curator	Curator-assigned classification (ground truth)		1
GSD:2cd03630-ad1c-52c7-b888-7c495783fe10	poly-N-acetylglucosamine	1B	Named recurrent structural feature	1	curator	Curator-assigned classification (ground truth)		1
GSD:6b4d591f-cc04-56e8-a565-f8198ae070e4	poly-N-acetyllactosamine	1B	Named recurrent structural feature	1	curator	Curator-assigned classification (ground truth)		1
GSD:68aeaab4-aaf3-5255-adab-08c0a0d5453d	polysaccharide A	1A	Canonical named glycan entity	1	curator	Curator-assigned classification (ground truth)		1
GSD:bbaf1170-1d3f-55a0-946d-268cf8f7fa4d	polysialic acid	1B	Named recurrent structural feature	1	curator	Curator-assigned classification (ground truth)	G77612ZC	4
GSD:78ce0d7e-50a2-5e7b-aba2-98aa9bb1ef3d	pseudomurein	1C	Non-GAG homo/hetero-polymer	1	curator	Curator-assigned classification (ground truth)		1
GSD:311d11b4-4abe-5b2e-942a-596c17524017	raffinose	1C	Non-GAG homo/hetero-polymer	1	curator	Curator-assigned classification (ground truth)		2
GSD:32bec96f-bd7c-5876-85ff-5a7ef6c01be7	Rhamnogalacturonan-II	1C	Non-GAG homo/hetero-polymer	1	curator	Curator-assigned classification (ground truth)		1
GSD:7fc01df9-8288-52ae-934e-2e65dfab5a1d	Rhamnogalacturonan-I	1C	Non-GAG homo/hetero-polymer	1	curator	Curator-assigned classification (ground truth)		1
GSD:ff4ec627-d237-5bcb-a389-251ba334d130	rhamnogalacturonan	1C	Non-GAG homo/hetero-polymer	1	curator	Curator-assigned classification (ground truth)		1
GSD:97e3ae1b-7f96-5148-8f6f-02eea317eef6	rhamnomannan	1C	Non-GAG homo/hetero-polymer	1	curator	Curator-assigned classification (ground truth)		1
GSD:e3ef0583-e447-564b-8ece-c17fb722d0c7	R-linked α-N-acetylglucosamine	2C	Composite descriptive phrase	2	curator	Curator-assigned classification (ground truth)		1
GSD:9bca4dac-0b6f-50fb-9ef6-a9ac73ee810f	Sda antigen	1A	Canonical named glycan entity	1	curator	Curator-assigned classification (ground truth)	G41052GC	2
GSD:b149418a-ba3f-56cb-aaef-e93051829234	sialofucosylated glycolipid	2C	Composite descriptive phrase	2	curator	Curator-assigned classification (ground truth)		1
GSD:3b6347fa-116a-58bd-94ef-2398080b4861	sialoglycan polymer	1B	Named recurrent structural feature	1	curator	Curator-assigned classification (ground truth)		1
GSD:85de55d3-c7bc-5196-9eb1-80795c555e3e	sialoglycan	1B	Named recurrent structural feature	1	curator	Curator-assigned classification (ground truth)		1
GSD:b157895c-4432-56f2-b984-d30820a25a33	sialoglycolipid	1B	Named recurrent structural feature	1	curator	Curator-assigned classification (ground truth)		1
GSD:2af27ed8-674b-5471-adb0-e8456d8f0ea1	sialylated biantennary N-glycan	2C	Composite descriptive phrase	2	curator	Curator-assigned classification (ground truth)		2
GSD:35ef481e-71f9-5f52-8643-a36b9c465ab7	sialylated glycolipid	2B	Single descriptor phrase	2	curator	Curator-assigned classification (ground truth)		1
GSD:7d7d82c3-15e3-546f-a46d-f6187b6cbf2c	sialylated glycosphingolipid	3A	Umbrella / glycoconjugate class	3	curator	Curator-assigned classification (ground truth)		1
GSD:d6d5d9b1-e690-541d-b5fb-6b58d336553a	sialylated N-acetyllactosamine	1B	Named recurrent structural feature	1	curator	Curator-assigned classification (ground truth)		1
GSD:66cd1dd7-b3bf-5df6-b3c3-69e6354149e1	sialylated N-glycan	2B	Single descriptor phrase	2	curator	Curator-assigned classification (ground truth)		1
GSD:2f79f606-6a5c-5ac0-ae1f-b931f02464ef	sialylated O-GalNAc glycan	2B	Single descriptor phrase	2	curator	Curator-assigned classification (ground truth)		1
GSD:846e7a18-60cf-5ee0-bc8a-337519077430	sialylated O-glycan	2B	Single descriptor phrase	2	curator	Curator-assigned classification (ground truth)		1
GSD:89e36335-2fea-5ef3-a3a8-559985883dad	sialyl Lewis a	1A	Canonical named glycan entity	1	curator	Curator-assigned classification (ground truth)	G00053MO; G50321QR; G91326YS; G81971FM; G16258KS	13
GSD:d5606d4d-5018-4a71-997a-6b29f4187a99	CA19-9	1A	Canonical named glycan entity	1	curator	Curator-assigned classification (ground truth)	G00053MO	2
GSD:32e928fb-1550-5e0a-945f-2218ac79b83c	sialyl Lewis x	1A	Canonical named glycan entity	1	curator	Curator-assigned classification (ground truth)	G00054MO; G96401FK	13
GSD:56c1c4e3-2f6b-59db-b7c5-46e6567feea0	sialyl-Tn antigen	1A	Canonical named glycan entity	1	curator	Curator-assigned classification (ground truth)	G36123IU	2
GSD:562a7a4f-9d8e-5682-ab69-9673ba3599c6	sialyl-Tn	1A	Canonical named glycan entity	1	curator	Curator-assigned classification (ground truth)	G36123IU; G08371CD; G38301SX	9
GSD:96329dbf-4f65-50bc-899b-539e25568d12	Siaα2-3Galβ1-4GlcNAc	2A	Linkage-specified substructure	2	curator	Curator-assigned classification (ground truth)		1
GSD:e04fcc39-8f52-5bae-8af2-bd7eafdf3b15	Siaα2-6Galβ1-4GlcNAc	2A	Linkage-specified substructure	2	curator	Curator-assigned classification (ground truth)		1
GSD:7dfddd82-e3ae-57a6-a604-155faf7ca2a8	S-linked glucose	2B	Single descriptor phrase	2	curator	Curator-assigned classification (ground truth)		1
GSD:eb14b505-7275-5888-9bc7-4b07107af0b3	SSEA-4	1A	Canonical named glycan entity	1	curator	Curator-assigned classification (ground truth)	G84263XI; G32254QI	9
GSD:ad85463a-3111-5186-94b3-b074cddaead4	starch	1C	Non-GAG homo/hetero-polymer	1	curator	Curator-assigned classification (ground truth)		1
GSD:2ecd47eb-1349-5683-b84c-d6986496c78d	sulfated galactan	1C	Non-GAG homo/hetero-polymer	1	curator	Curator-assigned classification (ground truth)		1
GSD:bf54b03e-d24b-5886-997b-2a52ede11173	sulfated glucuronosyl glycan	2C	Composite descriptive phrase	2	curator	Curator-assigned classification (ground truth)		1
GSD:a2613919-1e6d-5428-aba4-5997bad45f8b	sulfated glycan	2B	Single descriptor phrase	2	curator	Curator-assigned classification (ground truth)		1
GSD:037ed9e9-fe72-5b57-9710-13e1e02b20c4	sulfated glycosaminoglycan	2B	Single descriptor phrase	2	curator	Curator-assigned classification (ground truth)		1
GSD:b8143bd5-05c6-5619-b1c1-33b000af2e7c	sulfated N-glycan	2B	Single descriptor phrase	2	curator	Curator-assigned classification (ground truth)		1
GSD:98efacdd-c1d7-5dc7-8d0b-06c6d5967cef	sulfated O-GalNAc glycan	2B	Single descriptor phrase	2	curator	Curator-assigned classification (ground truth)		1
GSD:e0e0fe41-e988-5381-a1a6-932e18899850	sulfated terminal β-linked GalNAc	2B	Single descriptor phrase	2	curator	Curator-assigned classification (ground truth)		1
GSD:f9726a72-e7bc-5b9f-bd06-b85ea099456d	sulfatide	1A	Canonical named glycan entity	1	curator	Curator-assigned classification (ground truth)	G72548RZ; G07169WN; G60011XD; G40843KY; G95090DW	12
GSD:5b6ede6e-9829-5690-a1a3-d1883b62d46d	T antigen	1A	Canonical named glycan entity	1	curator	Curator-assigned classification (ground truth)	G00031MO; G78436BB	11
GSD:9a4adb24-5192-5017-8286-14828329a8e1	teichoic acid	1C	Non-GAG homo/hetero-polymer	1	curator	Curator-assigned classification (ground truth)		1
GSD:caf303a2-143f-51b8-887a-9fdc7e34a48c	terminal fucose	2C	Composite descriptive phrase	2	curator	Curator-assigned classification (ground truth)		1
GSD:0c32fd16-6ba8-5f21-aacc-e67e0b71acc1	terminal galactose	2C	Composite descriptive phrase	2	curator	Curator-assigned classification (ground truth)		1
GSD:9555ca61-aba2-5e44-947a-a6faeb0ccf73	terminal glucuronic acid	2C	Composite descriptive phrase	2	curator	Curator-assigned classification (ground truth)		1
GSD:9b46c1bc-c89c-51be-a6bd-cb98e416888c	terminal mannose	2C	Composite descriptive phrase	2	curator	Curator-assigned classification (ground truth)		1
GSD:cd483672-3ab7-5734-a40a-b489a133c301	terminal N-acetylgalactosamine	2C	Composite descriptive phrase	2	curator	Curator-assigned classification (ground truth)		1
GSD:7562f115-e4a2-5461-8cea-be68033775d0	terminal N-acetylglucosamine	2C	Composite descriptive phrase	2	curator	Curator-assigned classification (ground truth)		1
GSD:7e50b61a-ea7e-5c9c-860e-a5296d3b2339	terminal sialic acid	2C	Composite descriptive phrase	2	curator	Curator-assigned classification (ground truth)		1
GSD:8759d2e6-5d43-508d-bec0-a9cdf395b049	terminal α1-6 mannose	2C	Composite descriptive phrase	2	curator	Curator-assigned classification (ground truth)		1
GSD:57fe1544-36ee-52f8-9802-d4ffc1867028	terminal α-linked fucose	2C	Composite descriptive phrase	2	curator	Curator-assigned classification (ground truth)		1
GSD:ddda1d65-b417-51b2-8b8a-d5e9e86509b5	terminal α-linked-galactose	2C	Composite descriptive phrase	2	curator	Curator-assigned classification (ground truth)		1
GSD:a7da3922-7453-5cc0-897b-4bb463ece798	terminal α-linked mannose	2C	Composite descriptive phrase	2	curator	Curator-assigned classification (ground truth)		1
GSD:2d13a3a8-39c6-5ce0-ba08-9ea5582c6ff4	terminal β-linked galactose	2C	Composite descriptive phrase	2	curator	Curator-assigned classification (ground truth)		1
GSD:e16fd11e-688e-51f7-b405-dd0bb8b17879	terminal β-linked N-acetylgalactosamine	2C	Composite descriptive phrase	2	curator	Curator-assigned classification (ground truth)		1
GSD:aee918cb-25f8-50b7-8174-0b8aee6bfdb1	tetraantennary N-glycan	1B	Named recurrent structural feature	1	curator	Curator-assigned classification (ground truth)		2
GSD:25e2c658-4349-5dc1-ba23-f9dbe366f1e7	Tn antigen	1A	Canonical named glycan entity	1	curator	Curator-assigned classification (ground truth)	G57321FI; G61406KC	9
GSD:341d1909-eedf-5265-b3ee-cc78924c8a00	trehalose-6,6-dimycolate	2A	Linkage-specified substructure	2	curator	Curator-assigned classification (ground truth)		1
GSD:1471df12-b367-5f77-b47f-f8e31ae9707f	triantennary N-glycan	1B	Named recurrent structural feature	1	curator	Curator-assigned classification (ground truth)		2
GSD:e42c7aa4-8b95-5f1c-8fe3-c263093d7b5a	tri-mannose / O-linked	1B	Named recurrent structural feature	1	curator	Curator-assigned classification (ground truth)		1
GSD:65bba6d7-e07f-577c-b95a-b2c2a4b87b0b	truncated core 1 O-glycan	1A	Canonical named glycan entity	1	curator	Curator-assigned classification (ground truth)		1
GSD:cd5c19d8-26c9-5540-b4b5-005c0b9f735c	truncated N-glycan	2B	Single descriptor phrase	2	curator	Curator-assigned classification (ground truth)		1
GSD:76a59293-d803-5115-8d91-bfe83bf96e4d	truncated O-GalNAc glycan	2B	Single descriptor phrase	2	curator	Curator-assigned classification (ground truth)		1
GSD:1a0dea3e-99dc-509f-b1e7-72f22adabe1d	truncated O-glycan	2B	Single descriptor phrase	2	curator	Curator-assigned classification (ground truth)		1
GSD:fe424dbf-51ec-555c-926c-3f41890b54c4	type-1 unit	1B	Named recurrent structural feature	1	curator	Curator-assigned classification (ground truth)		1
GSD:b9977dd8-7121-5b87-8b2a-75ca0fbeba71	type-2 unit	1B	Named recurrent structural feature	1	curator	Curator-assigned classification (ground truth)		1
GSD:8a16aa22-c6c7-504a-b0a9-c4e7a92d84ea	type-4 chain	1B	Named recurrent structural feature	1	curator	Curator-assigned classification (ground truth)		1
GSD:a99ba2f3-c21f-5d4f-b958-3576be9c9188	xylan	1C	Non-GAG homo/hetero-polymer	1	curator	Curator-assigned classification (ground truth)		1
GSD:db5ed7f2-45f9-5e86-9eb1-bc412c33afc7	xylogalacturonan	1C	Non-GAG homo/hetero-polymer	1	curator	Curator-assigned classification (ground truth)	G00367NK	5
GSD:6e9249d9-1b1b-5dbf-8561-76de16821a00	xyloglucan	1C	Non-GAG homo/hetero-polymer	1	curator	Curator-assigned classification (ground truth)	G25326UC	5
GSD:b301b0d9-2ac9-589a-9cd1-4539be294d96	xyloside	3B	Monosaccharide or named disaccharide	3	curator	Curator-assigned classification (ground truth)		1
GSD:9f46e63f-395f-55cb-9230-c011b593b822	xylosylated glycans	2B	Single descriptor phrase	2	curator	Curator-assigned classification (ground truth)		1
GSD:88ff1b8f-bd93-5eb3-b4ae-8ba697b28122	α(1-3)-linked N-acetylgalactosamine	2A	Linkage-specified substructure	2	curator	Curator-assigned classification (ground truth)		1
GSD:10dc47f9-89f6-59b5-aa58-22fd27d80b6e	α(1-6)-linked glucose branch	2A	Linkage-specified substructure	2	curator	Curator-assigned classification (ground truth)		1
GSD:7cf55d9d-bacd-51cb-8500-ef798d5c7e9b	α2-3 sialic acid branch	2A	Linkage-specified substructure	2	curator	Curator-assigned classification (ground truth)		1
GSD:5bb8d8c8-c3d1-5fce-b193-1c59dd7fa899	α2-3 sialyllactosamine	2A	Linkage-specified substructure	2	curator	Curator-assigned classification (ground truth)		1
GSD:d7673802-e0d9-5653-b39e-076f90358a60	α-Gal epitope	1A	Canonical named glycan entity	1	curator	Curator-assigned classification (ground truth)		1
GSD:f4f8ff22-b9e8-5e3e-a230-680056063e4b	α-linked mannose	2B	Single descriptor phrase	2	curator	Curator-assigned classification (ground truth)		1
GSD:c8753ce2-90c7-5f6d-8408-8771b0fbcdd3	α-linked O-fucose modification	2B	Single descriptor phrase	2	curator	Curator-assigned classification (ground truth)		1
GSD:7a5bd3ed-8cf1-590b-a0d0-361864a820eb	α-linked polyglucose	2A	Linkage-specified substructure	2	curator	Curator-assigned classification (ground truth)		1
GSD:32bfa27a-d28a-584a-9a53-7b24e852853f	α-mannan	1C	Non-GAG homo/hetero-polymer	1	curator	Curator-assigned classification (ground truth)		1
GSD:a2975b50-96f1-55c1-9723-87fb404221fb	α-mannose-containing glycan	2B	Single descriptor phrase	2	curator	Curator-assigned classification (ground truth)		1
GSD:602bc4bf-da9f-505c-8a5d-d3de8020b72d	β-(1,3)-glucan	1C	Non-GAG homo/hetero-polymer	1	curator	Curator-assigned classification (ground truth)		1
GSD:3f1f513f-f9df-5475-8bb2-ca5235e3de00	β-(1,4)-glucan	1C	Non-GAG homo/hetero-polymer	1	curator	Curator-assigned classification (ground truth)		1
GSD:e8b1df23-5a49-5fd5-ba6a-9e4701e140d1	β-(1,4)-mannuronate	2A	Linkage-specified substructure	2	curator	Curator-assigned classification (ground truth)		1
GSD:a682ef18-7c67-5471-bd36-7a689b7f6114	β2-linked mannose polymer	2A	Linkage-specified substructure	2	curator	Curator-assigned classification (ground truth)		1
GSD:444a9542-bd90-5bca-a8ea-78fc7b905dc4	β2-linked N-acetylglucosamine	2A	Linkage-specified substructure	2	curator	Curator-assigned classification (ground truth)		1
GSD:2f37ec04-7fb3-58c1-8f7b-4995e61eda24	β4-linked N-acetylgalactosamine	2A	Linkage-specified substructure	2	curator	Curator-assigned classification (ground truth)		1
GSD:be8acfd3-8241-5bb3-8e7f-21348d2fbb17	β4-linked N-acetylglucosamine	2A	Linkage-specified substructure	2	curator	Curator-assigned classification (ground truth)		1
GSD:787243fc-eea6-5ac3-b76f-ff0e45698791	β6-linked N-acetylglucosamine	2A	Linkage-specified substructure	2	curator	Curator-assigned classification (ground truth)		1
GSD:b1e943e8-3b74-5ca0-b624-b7035cb5867d	β-D-xyloside	3B	Monosaccharide or named disaccharide	3	curator	Curator-assigned classification (ground truth)		1
GSD:6c978e40-5b00-580b-b7c6-94bc0e970ccc	β-glucan	1C	Non-GAG homo/hetero-polymer	1	curator	Curator-assigned classification (ground truth)		1
GSD:ad1e80a4-92ce-5bc2-b892-ffbbfaff2a25	β-linked galactose	2A	Linkage-specified substructure	2	curator	Curator-assigned classification (ground truth)		1
GSD:09f4cd98-a90c-5754-a796-8af8fcfd5b82	β-linked Kdo	2A	Linkage-specified substructure	2	curator	Curator-assigned classification (ground truth)		1
GSD:21c1d325-ee1a-45f2-8d78-2a695c39599a	α2-6-sialylated 6-sulfo-LacNAc	2A	Linkage-specified substructure	2	regex	Explicit linkage notation present.	G41145LF	1
GSD:39f43575-ae55-4706-9456-72a78938691b	2-fucosyl GD1b	1A	Canonical named glycan entity	1	curator	Curator-assigned classification (ground truth)	G67383AR; G93694YU	6
GSD:6c9a6faf-fad0-566d-ad32-8d6d1bd04f1f	GlcNAc-P-Man phosphodiester	2C	Composite descriptive phrase	2	llm	upgraded from 2B: contains two distinct sugar moieties linked together		1
GSD:909439ef-1f1a-5c74-9e36-56cca3f8b024	GlcNAcβ1-2Manα1-3	2A	Linkage-specified substructure	2	regex	Explicit linkage notation present.		1
GSD:333cf741-734c-5f79-929e-7aba2473fd6d	GlcNAcβ1-2Manα1-6	2A	Linkage-specified substructure	2	regex	Explicit linkage notation present.		1
GSD:05a85523-3746-5e27-b26c-b6be92baa9ce	GlcNAcβ1-4Gal	2A	Linkage-specified substructure	2	regex	Explicit linkage notation present.		1
GSD:a4024824-8ebd-52bb-bd77-3d2bfc7428bb	GlcNAcβ1-4GlcNAc	2A	Linkage-specified substructure	2	regex	Explicit linkage notation present.		1
GSD:5534ac2a-997a-55ae-a2ac-0ecef58af642	GlcNAcβ1-4Glc	2A	Linkage-specified substructure	2	regex	Explicit linkage notation present.		1
GSD:b6520151-5833-5a29-8b9e-5366ad982946	GlcNAcβ1-4Man	2A	Linkage-specified substructure	2	regex	Explicit linkage notation present.		1
GSD:6348b8f8-fc3a-5bf8-a237-9e1c4b573f2d	Glcα1-4Glc repeating unit	2A	Linkage-specified substructure	2	regex	Explicit linkage notation present.		1
GSD:9206a8e4-f606-4bab-b7e6-5c0a17da023e	2-fucosyl GM1	1A	Canonical named glycan entity	1	llm	canonical ganglioside name	G56526JU; G91532KA	6
GSD:d95c86dc-5486-4223-95b7-8161bf28b412	3-sialyl LN (type 2)	1B	Named recurrent structural feature	1	curator	Curator-assigned classification (ground truth)	G10203DW	6
GSD:969a1348-7a24-4a66-866b-c87caba8a9e8	3'-sulfo Lewis a	1A	Canonical named glycan entity	1	curator	Curator-assigned classification (ground truth)	G78706CK; G36845IZ; G14395NH	12
GSD:8f470fe6-edc7-4605-a4ee-d22439fb8c44	3'-sulfo Lewis X	1A	Canonical named glycan entity	1	curator	Curator-assigned classification (ground truth)	G12295TB; G26555CS	10
GSD:1dc6c632-bd63-43c8-a063-56e9450d4969	6,6'-dissulfo sialyl Lewis X	1A	Canonical named glycan entity	1	llm	canonical Lewis X epitope	G00659GQ	1
GSD:4f0d6449-4ecc-5890-be80-3712fd55caad	Glcα1-phosphate-Man	2A	Linkage-specified substructure	2	llm	upgraded from 2B: contains explicit α1 linkage		1
GSD:51a57210-2ae6-5077-808c-5b752b914b6b	Glcβ1-3Fucα-O-	2A	Linkage-specified substructure	2	regex	Explicit linkage notation present.		1
GSD:750c698e-8e07-41b0-9544-0913ce47c510	6-sialyl GalNAc	3B	Monosaccharide or named disaccharide	3	llm	monosaccharide derivative	G08371CD; G73708UL	6
GSD:f103e2fb-58a5-5b16-80c5-8e27ca3c0536	glucan	1C	Non-GAG homo/hetero-polymer	1	llm	Plant/microbial polysaccharide		1
GSD:62034e28-8d2d-44a0-8798-c5e7ac0ffbe3	9-O-acetyl GD3	1A	Canonical named glycan entity	1	llm	Modified ganglioside GD3	G74121RX; G98544DH; G81928IQ	8
GSD:ccf7465a-2414-4f89-9037-ab5553fdcd95	9-O-acetyl sialic acid	3B	Monosaccharide or named disaccharide	3	curator	Curator-assigned classification (ground truth)	G47325QT	5
GSD:82b9cec8-2cf0-4645-84fa-a2f32096f855	alpha-gal antigen	1A	Canonical named glycan entity	1	curator	Curator-assigned classification (ground truth)	G24432YB; G00046MO	7
GSD:2312c43c-2cd4-563f-b74c-b95ee7b58642	glucomannan	1C	Non-GAG homo/hetero-polymer	1	llm	Plant heteropolymer glucomannan	G88924MD	5
GSD:4413027a-000c-4d52-b149-7cbdd9eae3f2	alpha-galactosylceramide	1A	Canonical named glycan entity	1	llm	canonical epitope		1
GSD:77ceee42-d16d-590b-ae3e-94e617326342	glucuronoarabinoxylan	1C	Non-GAG homo/hetero-polymer	1	llm	Plant polysaccharide	G54315VV	5
GSD:68812b8d-f8a2-5064-86e7-b8389b0069d5	glucuronoxylan	1C	Non-GAG homo/hetero-polymer	1	regex	Listed non-GAG polymer.	G94091AV	5
GSD:159b23d6-4463-518c-b6d0-edc0916ae57e	glycogen	1C	Non-GAG homo/hetero-polymer	1	regex	Listed non-GAG polymer.		1
GSD:e3714d91-2bac-4534-973d-4b133840c744	asialylated biantennary N-glycan	2C	Composite descriptive phrase	2	llm	multiple descriptors combined		1
GSD:93378260-2740-4c40-8ebb-ee12c93b020b	B-GM1	1A	Canonical named glycan entity	1	curator	Curator-assigned classification (ground truth)	G11485ID; G46884IT	7
GSD:82cda56f-fb8a-4ab1-8f18-f9c6f3af0101	blood group A type 1	1A	Canonical named glycan entity	1	curator	Curator-assigned classification (ground truth)	G66163TI; G03986GH; G44060QH; G97501MA	10
GSD:472ff3df-4f0f-40ae-94cf-d3e88ad3b8c1	blood group A type 2	1A	Canonical named glycan entity	1	curator	Curator-assigned classification (ground truth)	G74353FF; G54826OZ	9
GSD:207fa7ce-3be1-4238-9f15-898b2619f3eb	blood group A type 3	1A	Canonical named glycan entity	1	curator	Curator-assigned classification (ground truth)	G99315PE	5
GSD:0885805e-d52a-4a04-9cca-f75c60a82a62	blood group A type 4	1A	Canonical named glycan entity	1	curator	Curator-assigned classification (ground truth)	G37830TX; G17480GI	8
GSD:2cfbb66d-c3bb-4bb7-b9b5-ba9fe800f805	blood group B type 1	1A	Canonical named glycan entity	1	llm	canonical blood group B type 1 glycan	G31734OS; G89208KM	5
GSD:0de8e83d-136a-4a18-b54b-03bed4dc0ea0	blood group B type 2	1A	Canonical named glycan entity	1	curator	Curator-assigned classification (ground truth)	G34881WK; G94956AW	8
GSD:9867f64d-2c40-4a2c-b1ed-7b567a831081	blood group B type 4	1A	Canonical named glycan entity	1	curator	Curator-assigned classification (ground truth)	G25216QA	3
GSD:21b06f4b-72a6-44ef-843b-ee9e7b9f882b	blood group H type 2	1A	Canonical named glycan entity	1	curator	Curator-assigned classification (ground truth)	G70519XK; G61459JW; G00052MO	9
GSD:bcdec788-57db-4059-a9d7-7e41db1cbc36	blood group H type 3	1A	Canonical named glycan entity	1	curator	Curator-assigned classification (ground truth)	G94435QH	9
GSD:c9e0a269-4ff1-41d3-b7b4-8b37e578051d	blood group H type 4	1A	Canonical named glycan entity	1	curator	Curator-assigned classification (ground truth)	G98465JN; G35778AN	8
GSD:e96d30e8-eb7c-52f4-9b67-9a92a86513c7	glycoglycerolipid	3A	Umbrella / glycoconjugate class	3	llm	umbrella glycolipid category		1
GSD:8f6f7c24-3f1b-4db2-ba76-11880d6a7348	chondroitin sulfate/dermatan sulfate	1A	Canonical named glycan entity	1	llm	contains canonical GAG names		1
GSD:5f294313-bf3e-4534-ab2c-0ba48f9080f0	core-fucosylated biantennary N-glycan	2C	Composite descriptive phrase	2	llm	multiple descriptors combined	G78059CC	1
GSD:a103e2ec-3b91-522f-8955-3b125da6d21f	glycoinositolphospholipids	3A	Umbrella / glycoconjugate class	3	llm	General lipid glycan family		1
GSD:c2860c4e-665b-4cdb-836e-6de5c4736f0a	core-fucosylated biantennary complex-type N-glycan	2C	Composite descriptive phrase	2	llm	multiple descriptors combined	G78059CC	1
GSD:7140c861-92e4-43c2-bacd-2f7273d3bcc4	Cytolipin R	1A	Canonical named glycan entity	1	curator	Curator-assigned classification (ground truth)	G57710SU; G19926LY	6
GSD:045f4287-6314-539a-bc4b-5bbdad4b4b7f	glycolipids	3A	Umbrella / glycoconjugate class	3	llm	umbrella family		1
GSD:48427888-e55f-4eff-b5bb-8802704629ad	desialylated glycan	2B	Single descriptor phrase	2	llm	"single descriptor ""desialylated"" + noun"		1
GSD:64cf17ab-91de-4d2e-8960-30777be8a563	difucosylated tetraantennary N-glycan	2C	Composite descriptive phrase	2	llm	multiple descriptors combined		1
GSD:99bcbb99-d2a4-44c1-83d4-39911cd9392c	dimeric Lewis x	1A	Canonical named glycan entity	1	curator	Curator-assigned classification (ground truth)	G79535HZ	6
GSD:e3f9c6db-d4ed-42b0-a8fa-62711dccdd65	diphosphorylated Man6	2C	Composite descriptive phrase	2	curator	Curator-assigned classification (ground truth)	G54792LL; G10907PF	3
GSD:b2e9740e-1fe6-5a6b-97f2-5a4d864900a0	glycosaminoglycans	3A	Umbrella / glycoconjugate class	3	llm	umbrella class		1
GSD:e2a4d7b2-d63d-4a6f-903b-8b8496105935	disialosyl globopentaosylceramide	1A	Canonical named glycan entity	1	llm	canonical globo-series glycan	G97932OH; G75814EP	6
GSD:3fc7d3d4-bfff-419b-8439-8bff26bc97e3	disialyl T antigen	1A	Canonical named glycan entity	1	curator	Curator-assigned classification (ground truth)	G01614ZM; G65191ST; G84906ML	10
GSD:04ab99af-f21f-4c5a-82d7-1f1c0491f681	disialylated fucosylated glycan	2C	Composite descriptive phrase	2	llm	multiple descriptors combined		1
GSD:4e97b7d7-e78b-4159-956a-6985d8fea400	Forssman glycolipid	1A	Canonical named glycan entity	1	curator	Curator-assigned classification (ground truth)	G80062GG; G00064MO	7
GSD:aaadcfba-0977-5dd9-965d-40aa49d81920	glycosphingolipids	3A	Umbrella / glycoconjugate class	3	llm	umbrella category		1
GSD:342db817-3a0f-4608-88db-c774f6cb9525	fucosylated tetraantennary N-glycan	2C	Composite descriptive phrase	2	llm	multiple descriptors combined		1
GSD:66a18163-ab2e-41c1-ab59-66f084b32074	fucosylated asialo-biantennary N-glycan	2C	Composite descriptive phrase	2	llm	multiple descriptors combined		1
GSD:4f42f90c-4af2-5926-95b6-d0bfead73c72	glycosylceramide	3A	Umbrella / glycoconjugate class	3	llm	umbrella glycosphingolipid		1
GSD:a47dfc91-828d-439e-bc70-b72c8acea46a	fucosylated biantennary N-glycan	2C	Composite descriptive phrase	2	llm	multiple descriptors combined		1
GSD:c2ff1832-e1db-4219-ab3a-29577304f83d	fucosylated disialylated biantennary N-glycan	2C	Composite descriptive phrase	2	llm	multiple descriptors combined		1
GSD:2039886e-7957-5b3b-bceb-1f3c3e3c1252	glycosyldiacylglycerolipid	3A	Umbrella / glycoconjugate class	3	llm	General glycolipid classification		1
GSD:8dbc5b79-f425-49fd-a776-3f88ce2dc373	fucosylated lacdiNAc	1B	Named recurrent structural feature	1	llm	substructure feature	G02240AO	1
GSD:eb91bceb-53d2-568b-8e05-ea0447fc3a5a	glycosylinositolphosphorylceramide	3A	Umbrella / glycoconjugate class	3	llm	Specific glycolipid fits umbrella category		1
GSD:e8ae9e19-4f4f-41c1-b74d-348bc89d633c	fucosylated triantennary N-glycan	2C	Composite descriptive phrase	2	llm	upgraded from 2B: contains two descriptors ('fucosylated' and 'triantennary')		1
GSD:833e18dc-f06a-4873-b90c-b06c2b199b6e	galabiosylceramide	1A	Canonical named glycan entity	1	curator	Curator-assigned classification (ground truth)	G67988RO	7
GSD:03eade63-065b-5266-b0d6-2d0feb657606	GM1b	1A	Canonical named glycan entity	1	llm	canonical ganglioside GM1b	G03277YI	3
GSD:6541a9ff-3d21-5b09-8297-2ae4b63eb6c4	GPI glycan	2C	Composite descriptive phrase	2	llm	multiple descriptors – GPI plus glycan	G00045MO; G46392BZ	4
GSD:98d075fe-32ec-4d87-a3d3-aade96f0fdfb	globopentaosylceramide	3A	Umbrella / glycoconjugate class	3	llm	Specific globo‑series glycolipid	G99053DY	1
GSD:fceea642-73e8-4ad0-9636-7ce85ab9e6ee	GD2	1A	Canonical named glycan entity	1	curator	Curator-assigned classification (ground truth)	G02657AK; G41759HA	13
GSD:2a2043ea-58d4-4eb6-9cc7-26aba2edeb34	GD3	1A	Canonical named glycan entity	1	curator	Curator-assigned classification (ground truth)	G98544DH; G81928IQ	12
GSD:76dafbf0-bbad-51c3-a5ff-fcd0648bef27	hemicellulose	1C	Non-GAG homo/hetero-polymer	1	llm	Plant heteropolysaccharide		1
GSD:6048df8d-01b1-53ec-93b6-3b712d0b5eeb	heparan sulfate backbone	1A	Canonical named glycan entity	1	llm	named GAG entity		1
GSD:770da5c6-79a7-467e-bd8a-bcc296a53de0	globosides	3A	Umbrella / glycoconjugate class	3	llm	belongs to globo-series family	G00061MO	1
GSD:dc369560-523e-4f21-8072-6a1cd9e5a552	globotetraosylceramide	1A	Canonical named glycan entity	1	curator	Curator-assigned classification (ground truth)	G00061MO; G04616ST	4
GSD:adf49fc3-0a1f-4b18-99de-e79cc11af3ee	globoside	1A	Canonical named glycan entity	1	curator	Curator-assigned classification (ground truth)	G00061MO	7
GSD:017402ef-2612-5929-912c-b2b5634f6ebd	heteroxylan	1C	Non-GAG homo/hetero-polymer	1	llm	Plant polysaccharide subtype		1
GSD:bae38c9e-4501-5161-bf22-a17698ab4153	highly branched complex-type N-glycan	2C	Composite descriptive phrase	2	llm	multiple descriptors combined		1
GSD:469b06b7-a851-419a-b825-3bd7a1c44d9e	globoside I	3A	Umbrella / glycoconjugate class	3	llm	Specific globo-series glycan	G00061MO	1
GSD:12a886f2-8d40-554c-93dd-cc2f8894e46c	homogalacturonan	1C	Non-GAG homo/hetero-polymer	1	llm	Plant polysaccharide homopolysaccharide	G25318VQ	5
GSD:48f5dc7c-77b8-5e42-98c5-768334218a4e	keratan sulfate–related glycan antigens	1A	Canonical named glycan entity	1	llm	"contains canonical GAG ""keratan sulfate"""		1
GSD:85d6d0f2-2894-4933-8805-aef2daea4421	cytolipin K	X	Outside scheme	X	llm	non‑glycan lipid term	G00061MO	1
GSD:04d45d70-b2b3-5f73-bbe0-cf1fd8a53b5d	LacNAc	1B	Named recurrent structural feature	1	llm	Recognized substructure feature	G66213AR	5
GSD:4a34d191-5be6-4d2c-a6d3-11af678e1f4f	globotriaosylceramide	1A	Canonical named glycan entity	1	llm	canonical globo-series glycan	G00059MO	3
GSD:15331070-8cdb-43d9-a119-dd63f1a73802	GM4	1A	Canonical named glycan entity	1	curator	Curator-assigned classification (ground truth)	G30207PZ; G77824XV	9
GSD:66f89a52-b76d-4714-a2f2-a92114ca054c	GP1c	1A	Canonical named glycan entity	1	curator	Curator-assigned classification (ground truth)	G93805MV; G26203DP; G04433GV; G77608BK	8
GSD:3dab600a-ad2a-4f3c-a67f-0d60eb50a913	GQ1c	1A	Canonical named glycan entity	1	curator	Curator-assigned classification (ground truth)	G99524KA; G54442GQ	8
GSD:e5e9762a-3708-4f4d-a675-4a469995e3ca	GT1a	1A	Canonical named glycan entity	1	curator	Curator-assigned classification (ground truth)	G68110IF; G93468NI	10
GSD:1e1a61c1-7758-46f5-b5b7-ff3b534a79ea	GT2	1A	Canonical named glycan entity	1	curator	Curator-assigned classification (ground truth)	G36476BA; G35228ZS	11
GSD:0faf2439-6ae7-4f74-84c4-9008692b7086	GT3	1A	Canonical named glycan entity	1	curator	Curator-assigned classification (ground truth)	G93899SO; G33570YF	12
GSD:dfa723f4-07b0-4cb4-97e4-88e60dd82890	isoglobotetraosylceramide	1A	Canonical named glycan entity	1	curator	Curator-assigned classification (ground truth)	G57710SU; G19926LY; G32862WC	6
GSD:42d15d6c-3af7-48d4-b3c9-54405ebc70d3	lactotriaosylceramide	1A	Canonical named glycan entity	1	curator	Curator-assigned classification (ground truth)	G06239NA; G71142DF; G87727XV	9
GSD:c076a6cd-d503-4c4f-8f25-2adfdf739708	LcGg4	1A	Canonical named glycan entity	1	curator	Curator-assigned classification (ground truth)	G62554JH; G85237WB	6
GSD:662184b8-4ef9-426d-8391-7c163250ce9d	Lewis a	1A	Canonical named glycan entity	1	curator	Curator-assigned classification (ground truth)	G00047MO; G39023AU; G26123AX	13
GSD:6b96f33b-d7b7-5e34-ad41-d3b621495dff	lacto-series glycosphingolipids	3A	Umbrella / glycoconjugate class	3	llm	family-level grouping	G00069MO	4
GSD:23d26af4-50e5-471b-9fc8-64abacea97d5	monosialylated N-glycan	2B	Single descriptor phrase	2	llm	single descriptor + N‑glycan		1
GSD:898a8243-636a-5c97-90ac-fa638de41d03	Leishmania lipophosphoglycan repeat unit	3C	Association-defined glycan marker	3	llm	contains Leishmania reference		1
GSD:185f10ba-89ae-4527-a8d7-5e4f0daa4565	monosialylated biantennary N-glycan	2C	Composite descriptive phrase	2	llm	multiple descriptors combined		1
GSD:232bb3ce-533d-555d-a9f4-ed9809d4ad1d	levan-type fructan	1C	Non-GAG homo/hetero-polymer	1	llm	Plant polysaccharide levan – non‑GAG polymer		1
GSD:593531d5-b025-49cc-9e8e-bde0db60be92	monosialyl Gb5	1A	Canonical named glycan entity	1	llm	named globo-series glycan	G32254QI	5
GSD:c0ad2422-5391-4241-a96b-98ae8e55eb8b	monosulfated globopentaosylceramide	1A	Canonical named glycan entity	1	curator	Curator-assigned classification (ground truth)	G80193TN; G30925QW; G57710SU	5
GSD:bd45bada-5e44-471c-a569-8c32b3351756	monosulfated globotetraosylceramide	1A	Canonical named glycan entity	1	curator	Curator-assigned classification (ground truth)	G05297EK; G50866KI; G44854SQ; G87212TR	6
GSD:28681753-41cf-493d-b715-15ca3ecb7795	N-acetyl GM2	1A	Canonical named glycan entity	1	curator	Curator-assigned classification (ground truth)	G79389NT	5
GSD:9be48202-88cd-40b6-ab89-a0a4d4aebbdd	N-acetyllactosamine (type 1)	2C	Composite descriptive phrase	2	llm	compound descriptor	G00056MO	1
GSD:cabb56b2-34c2-5250-be10-65af64594104	Lewis antigens	3A	Umbrella / glycoconjugate class	3	llm	umbrella family		1
GSD:92dcd6b9-f368-4d91-90b7-04877d3248a9	N-acetyllactosamine (type 2)	1B	Named recurrent structural feature	1	llm	Recognized glycobiology feature – lactosamine	G00055MO	3
GSD:afd1e48b-3bef-499a-a5cb-5ca1ce262a0a	N-glycolyl GM2	1A	Canonical named glycan entity	1	curator	Curator-assigned classification (ground truth)	G56478LD; G18221CF	10
GSD:29cf4976-eff8-5c90-b2ce-05ee2f1e908a	lipid A core oligosaccharide	1A	Canonical named glycan entity	1	llm	canonical glycan entity	G00022MO	2
GSD:ef121878-ca41-4a09-a259-e14225b9eaee	nonfucosylated N-glycan	2B	Single descriptor phrase	2	llm	single descriptor plus noun		1
GSD:97780e7f-7a97-52e0-bcef-62e033517882	lipo-chitooligosaccharide	2C	Composite descriptive phrase	2	llm	upgraded from 2B: contains two distinct descriptors – ‘lipid’ and ‘chitooligosaccharide’		1
GSD:c8af37cc-f74c-4674-9d04-342c4fc95dc4	nonfucosylated biantennary N-glycan	2C	Composite descriptive phrase	2	llm	multiple descriptors with noun		1
GSD:7248b6bb-13a3-4a30-ad02-e4072d9dbf3c	nonfucosylated triantennary N-glycan	2C	Composite descriptive phrase	2	llm	multiple descriptors combined		1
GSD:5ce320b8-ced2-5597-9134-b409afd7632f	lipoglycan	2B	Single descriptor phrase	2	llm	generic composite term		1
GSD:03a31ec3-32e0-4b58-aece-3666cc2358cb	nonsialylated N-glycan	2B	Single descriptor phrase	2	llm	single descriptor plus N‑glycan		1
GSD:755bd8b9-fb88-5107-b53c-4a9fa6a0f664	lipopeptidophosphoglycan	2C	Composite descriptive phrase	2	llm	upgraded from 2B: The term combines several structural elements (lipid, peptide, phosphate, glucose) and thus represents more than one descriptor.		1
GSD:dea28036-c3f0-562f-9196-0d68504e1445	lipophosphoglycan	2B	Single descriptor phrase	2	llm	default fallback		1
GSD:c1fd04f7-a8fa-416b-859d-3ff67bd19aa5	O-glycan	3A	Umbrella / glycoconjugate class	3	llm	umbrella N/O attachment class		1
GSD:8842a371-cbbf-4cbb-a590-d3257df4f2d2	Para-Forssman glycolipid	1A	Canonical named glycan entity	1	curator	Curator-assigned classification (ground truth)	G51699SI; G98848EU	6
GSD:59303526-22bb-44e3-bdb0-5786c559a2d9	paragloboside	1A	Canonical named glycan entity	1	curator	Curator-assigned classification (ground truth)	G58896AZ; G48059CD; G40585SO	9
GSD:ce35d9a0-c346-5335-8128-5430003359c9	lipopolysaccharide	1A	Canonical named glycan entity	1	llm	upgraded from 2B: canonical named entity	G00022MO	2
GSD:b0c2ecca-a5ae-45b0-99ab-fad359da7570	seminolipid	3A	Umbrella / glycoconjugate class	3	llm	umbrella glycolipid class	G72548RZ; G95090DW	6
GSD:2e0bfe1a-5256-4725-83a4-bb8c240ace11	sialopentaosylceramide	1B	Named recurrent structural feature	1	curator	Curator-assigned classification (ground truth)	G13224CR; G96400MT	6
GSD:6570d5b9-de57-4054-a8a2-7480d0e44229	sialosyl paragloboside	2A	Linkage-specified substructure	2	curator	Curator-assigned classification (ground truth)	G50123ZO; G01767JJ; G00065MO; G98750DB	7
GSD:9de93554-2339-4f06-9b60-2993618a4610	sialyl T antigen	1A	Canonical named glycan entity	1	curator	Curator-assigned classification (ground truth)	G65562ZE; G56299XO	6
GSD:801711dd-7758-4216-a3fd-1cb7365b46f8	sialylated LacdiNAc	2C	Composite descriptive phrase	2	llm	compound descriptor	G55583HW	1
GSD:e44b5779-9508-562c-9490-a76618c6623a	lipoteichoic acid	1A	Canonical named glycan entity	1	llm	upgraded from 2B: Lipoteichoic acid is a distinct named biomolecule rather than a simple descriptor+noun form.		1
GSD:649ec44c-8ca8-51fc-ab09-791ddb37fde2	M7BC	2D	Glycoform shorthand code	2	regex	Glycoform shorthand code.		2
GSD:3b8d8834-2436-5048-9e58-0a0c4ed97585	M8B	2D	Glycoform shorthand code	2	regex	Glycoform shorthand code.		2
GSD:d4e20de5-5097-44c5-962e-3223ceccf423	sialylated tetraantennary N-glycan	2C	Composite descriptive phrase	2	llm	multiple descriptors plus N‑glycan		1
GSD:cc352622-e501-4189-98f3-ef1e958b98c2	SSEA-1	1A	Canonical named glycan entity	1	curator	Curator-assigned classification (ground truth)	G85497PI; G01187XC	6
GSD:51344d15-206a-41ea-8ad1-a8e30f00b1a5	SSEA-3	1A	Canonical named glycan entity	1	curator	Curator-assigned classification (ground truth)	G25129BT; G99053DY; G19298OA	8
GSD:dd1653b0-671f-5a14-872b-aaa5a18bcd82	Man3	2D	Glycoform shorthand code	2	llm	shorthand glycoform code	G22768VO	3
GSD:a79de7c9-d26d-401a-a575-0342fcf41dae	sulfated LacdiNAc	2B	Single descriptor phrase	2	llm	descriptor + sugar	G18464VS	1
GSD:d7aaf087-4381-5ac9-889c-e4793293c978	Man5	2D	Glycoform shorthand code	2	llm	shorthand glycoform code	G32104JU	4
GSD:02e92b82-a0a2-4d1a-a1f6-7cb0dd328fe2	tetraantennary complex-type N-glycan	2C	Composite descriptive phrase	2	llm	multiple descriptors with N‑glycan		1
GSD:509aa3f3-d759-48ff-a4a4-e815b95e709c	triantennary complex-type N-glycan	2C	Composite descriptive phrase	2	llm	multiple descriptors combined		1
GSD:ac85d43d-be44-59fa-a524-580fbff1c6e3	Man6	2D	Glycoform shorthand code	2	llm	upgraded from 2B: Short alphanumeric glycoform-like abbreviation	G56038AR	5
GSD:94a6260b-6125-40ef-845f-e6b41e2ae13d	fucosylated trisialylated triantennary N-glycan	2C	Composite descriptive phrase	2	llm	multiple descriptors combined		1
GSD:08cb7e56-946e-444f-a104-e44c3351d646	trifucosyl Lewis b	1A	Canonical named glycan entity	1	curator	Curator-assigned classification (ground truth)	G74578MX	2
GSD:3bd312ee-26f6-48a6-ac60-1a62d1369a96	trifucosyl lewis y	1A	Canonical named glycan entity	1	curator	Curator-assigned classification (ground truth)	G74917JX	2
GSD:0efdf83c-def5-4353-bee1-e251faca6648	trimannosyl core	1B	Named recurrent structural feature	1	llm	Trimannosyl core is a recognized glycobiology feature.		1
GSD:dc08638c-1152-5e27-adb4-2e805b91dffc	Man-6-P-containing N-glycan	2B	Single descriptor phrase	2	llm	descriptor+N‑glycan		1
GSD:f1b29b21-dd80-4087-8619-200dc424f014	trisialylated biantennary N-glycan	2C	Composite descriptive phrase	2	llm	multiple descriptors combined		1
GSD:76f55f17-29ee-5938-bef1-bee233b36669	Man7	2D	Glycoform shorthand code	2	llm	shorthand glycoform code	G04216GB	3
GSD:dae10330-cb00-4758-a0a4-062bb71f827e	trisialylated triantennary N-glycan	2C	Composite descriptive phrase	2	llm	multiple descriptors combined		1
GSD:0f3a2ef2-0eb7-4907-a8df-58934e89da01	VIM-2	1A	Canonical named glycan entity	1	curator	Curator-assigned classification (ground truth)	G22418PV; G01296LJ; G00065MO	10
GSD:6344e425-4651-4d92-8a4f-2662dfd4c27a	cyclic sialyl 6-sulfo Lewis x	1A	Canonical named glycan entity	1	curator	Curator-assigned classification (ground truth)	G11148DZ; G80722US; G23322RK; G53231FE	8
GSD:ebbd7ee3-06ee-45d7-89c6-f1b7cb9e019b	sialyl Lewis x-i antigen	1A	Canonical named glycan entity	1	curator	Curator-assigned classification (ground truth)	G06597DS	2
GSD:2fcd187a-07d1-4f8a-8e73-e4be32278219	6-sulfo LacNAc	1B	Named recurrent structural feature	1	curator	Curator-assigned classification (ground truth)	G13157WZ	5
GSD:652f4ddf-ec6a-59c8-ba0e-46a26173f4b7	Man8	2E	Composition formula	2	llm	composition formula	G91704UR	2
GSD:f58e66b6-a333-454d-a680-cf8046554c05	disialyl Gb5	1A	Canonical named glycan entity	1	llm	named globo-series epitope	G97932OH	5
GSD:80b0fdd0-ff35-4158-affe-375c12812fa6	GalNAc disialyl Lc4 hexasaccharide	1A	Canonical named glycan entity	1	curator	Curator-assigned classification (ground truth)	G33532XU	3
GSD:a54d603d-774a-475d-b233-2f4722607df0	GQ1b alpha	1A	Canonical named glycan entity	1	curator	Curator-assigned classification (ground truth)	G54733XO; G49791FJ	8
GSD:cda84801-eca6-4e11-bd98-80867a9e6212	GT1a alpha	1A	Canonical named glycan entity	1	curator	Curator-assigned classification (ground truth)	G02149VR; G17486WU	10
GSD:8e6a621e-97de-4a29-801b-63515b820626	disialyl I antigen	1A	Canonical named glycan entity	1	curator	Curator-assigned classification (ground truth)	G54937EM	5
GSD:3dea8810-9a5a-4e56-ac13-be12a66db9e1	2,6-branched O-mannose	2C	Composite descriptive phrase	2	curator	Curator-assigned classification (ground truth)	G56868BH; G06953DR	5
GSD:171cbaf9-e31b-5be4-ab4c-b9a60cf10330	Man9	2D	Glycoform shorthand code	2	llm	shorthand glycoform code	G26508HK	3
GSD:038734aa-0f88-58d2-9ee6-d2f72d775a65	mannan	1C	Non-GAG homo/hetero-polymer	1	regex	Listed non-GAG polymer.		1
GSD:03707cbe-e7ab-48a0-81f8-d15046bfab3f	disialylated biantennary N-glycan	2C	Composite descriptive phrase	2	llm	multiple descriptors combined		1
GSD:975fddad-f0e8-4474-a9b2-42f6de2219c2	tetrasialylated biantennary N-glycan	2C	Composite descriptive phrase	2	llm	multiple descriptors combined		1
GSD:720fab0f-04fc-4f4b-80ff-608d90085d7c	ceramide dihexosyl sulfate	1B	Named recurrent structural feature	1	curator	Curator-assigned classification (ground truth)	G04416BG; G50926NK; G98482BC	6
GSD:a87bffd5-8013-40b9-83a5-e3087d62e873	cisGM1	1A	Canonical named glycan entity	1	curator	Curator-assigned classification (ground truth)	G03277YI; G14633CL	7
GSD:19877723-8cc4-55e5-80fb-b478f3358924	mannose-terminated N-glycan	2B	Single descriptor phrase	2	llm	descriptor+context noun		1
GSD:ae7edf02-9951-4110-9932-a68d1721d7ba	disialylated biantennary complex-type N-glycan	2C	Composite descriptive phrase	2	llm	multiple descriptors combined		1
GSD:2f24f668-fcdb-401e-a0e7-8f1d3d9e9b85	GM1a	1A	Canonical named glycan entity	1	curator	Curator-assigned classification (ground truth)	G48558GR	3
GSD:bfc302a4-e00e-4599-b7b9-b284c8a80d65	A1	2D	Glycoform shorthand code	2	curator	Curator-assigned classification (ground truth)	G61751GZ	1
GSD:d40aef87-b0a6-43c5-a9b6-ab3d2bf5fec1	A1G1	2D	Glycoform shorthand code	2	curator	Curator-assigned classification (ground truth)	G69411IG	1
GSD:f02cc66d-18b6-49b8-9939-0ea7fd616ee2	A2	2D	Glycoform shorthand code	2	curator	Curator-assigned classification (ground truth)	G36191CD	1
GSD:4a6593d8-e327-44af-af08-e8b06954df88	A2[3]G1	2D	Glycoform shorthand code	2	curator	Curator-assigned classification (ground truth)	G66937TJ	1
GSD:e0ae10aa-0136-4989-a4ca-7ba9ace2308b	A2[6]G1	2D	Glycoform shorthand code	2	curator	Curator-assigned classification (ground truth)	G89993FE	1
GSD:dcc80fd1-d059-4fc4-91a1-da95e26f5a05	A2B	2D	Glycoform shorthand code	2	curator	Curator-assigned classification (ground truth)	G59471TH	1
GSD:39f78458-3d12-4df4-b72f-041d4e71bf7b	A2BG0	2D	Glycoform shorthand code	2	curator	Curator-assigned classification (ground truth)	G59471TH	1
GSD:5c08aef6-f186-491b-81b0-dc7c4f4c7ced	A2BG1	2D	Glycoform shorthand code	2	curator	Curator-assigned classification (ground truth)	G72718TT	1
GSD:c8c2ba5b-efc6-43a3-a275-2085ec060ff5	A2BG2	2D	Glycoform shorthand code	2	curator	Curator-assigned classification (ground truth)	G52934AK	1
GSD:a111b088-d71f-4593-879a-db4ee60fccc2	A2BG2S1	2D	Glycoform shorthand code	2	curator	Curator-assigned classification (ground truth)		1
GSD:ec5bc446-f965-49b7-96b1-12b590fa776d	A2BG2S2	2D	Glycoform shorthand code	2	curator	Curator-assigned classification (ground truth)		1
GSD:29bed233-9d2f-4b00-b6d1-af66d0f1ad4a	A2F1	2E	Composition formula	2	curator	Curator-assigned classification (ground truth)		1
GSD:30f8f6be-d46c-4aa2-86e1-b332a2b0f4f7	A2F1G2S2	2D	Glycoform shorthand code	2	curator	Curator-assigned classification (ground truth)		1
GSD:c9f868cb-fac5-49ae-8c3c-383aeede3923	A2G1	2D	Glycoform shorthand code	2	curator	Curator-assigned classification (ground truth)	G66937TJ	1
GSD:06c7e6db-6faa-4711-b08f-b4492f3b03e4	A2G2	2D	Glycoform shorthand code	2	curator	Curator-assigned classification (ground truth)	G36191CD	1
GSD:630d6de6-d549-41af-8c5d-02e12fed79fd	A2G2S1	2D	Glycoform shorthand code	2	curator	Curator-assigned classification (ground truth)		1
GSD:04145041-b133-496d-b2e3-d24cde2a7280	A2G2S2	2D	Glycoform shorthand code	2	curator	Curator-assigned classification (ground truth)		1
GSD:8d1bf9cc-7988-4514-826e-a20f9439a398	A3	2D	Glycoform shorthand code	2	curator	Curator-assigned classification (ground truth)	G29011JC	1
GSD:5190ec70-2c1b-4d7d-9580-6e9d401ebbcf	A3F1	2E	Composition formula	2	curator	Curator-assigned classification (ground truth)		1
GSD:0321e938-9c0e-413d-8d96-13ef69e99220	A3F1G3S2	2D	Glycoform shorthand code	2	curator	Curator-assigned classification (ground truth)		1
GSD:b2c1dc47-5cd7-4334-a33e-10aebe51c7dc	A3F1G3S3	2D	Glycoform shorthand code	2	curator	Curator-assigned classification (ground truth)		1
GSD:3723aa2e-1790-427d-8307-7500a410f36c	A3F2G3S3	2D	Glycoform shorthand code	2	curator	Curator-assigned classification (ground truth)		1
GSD:722479e7-c9a0-40a4-bcda-0e789d88074a	A3G3	2D	Glycoform shorthand code	2	curator	Curator-assigned classification (ground truth)	G29857RC	1
GSD:a40db782-19fe-44db-bd82-2495cf6d482f	A3G3S2	2D	Glycoform shorthand code	2	curator	Curator-assigned classification (ground truth)		1
GSD:184dd92e-f0e4-48b1-90db-d973516caa9c	A3G3S3	2D	Glycoform shorthand code	2	curator	Curator-assigned classification (ground truth)		1
GSD:d2f114ff-d1cb-463e-a161-dd7faf97f4b4	A4	2D	Glycoform shorthand code	2	curator	Curator-assigned classification (ground truth)	G20030CU	1
GSD:79251fc6-b37b-4409-98d2-f0489e4397e0	A4F1	2E	Composition formula	2	curator	Curator-assigned classification (ground truth)		1
GSD:8cf727af-11b9-4cae-aa63-55474d4be3fe	A4F1G4	2D	Glycoform shorthand code	2	curator	Curator-assigned classification (ground truth)		1
GSD:2673ae25-e1f9-40bc-9262-7fb7582de459	A4F1G4S4	2D	Glycoform shorthand code	2	curator	Curator-assigned classification (ground truth)		1
GSD:66fe3ab8-64ef-48f3-9118-7b5f5470ed8d	A4G4	2D	Glycoform shorthand code	2	curator	Curator-assigned classification (ground truth)	G18938DW	1
GSD:2614c503-0026-4dee-aa73-9076e7d97f75	A4G4S1	2D	Glycoform shorthand code	2	curator	Curator-assigned classification (ground truth)		1
GSD:8cd340a7-3489-4632-a45c-ae8f34e35a3d	A4G4S2	2D	Glycoform shorthand code	2	curator	Curator-assigned classification (ground truth)		1
GSD:11932c5a-9a14-43d6-b0ad-58f4e5df62ee	A4G4S3	2D	Glycoform shorthand code	2	curator	Curator-assigned classification (ground truth)		1
GSD:aec2274a-c362-47e2-a324-a8c43ee58adb	A4G4S4	2D	Glycoform shorthand code	2	curator	Curator-assigned classification (ground truth)		1
GSD:2c6608d8-7cc4-4a6c-8e9e-8cbf8f4aed3a	FA1	2D	Glycoform shorthand code	2	curator	Curator-assigned classification (ground truth)		1
GSD:47cfdd3c-160e-403b-80dc-d8d1582fa8bb	FA1G1	2D	Glycoform shorthand code	2	curator	Curator-assigned classification (ground truth)		1
GSD:6a4dee3f-1151-4a95-8e21-7256f60b61b8	FA2	2D	Glycoform shorthand code	2	curator	Curator-assigned classification (ground truth)		1
GSD:92627d20-c569-41c1-bcc9-ad9d0b172496	FA2[3]BG1	2D	Glycoform shorthand code	2	curator	Curator-assigned classification (ground truth)		1
GSD:2417b372-a45f-4507-865a-1a084158e225	FA2[3]G1	2D	Glycoform shorthand code	2	curator	Curator-assigned classification (ground truth)		1
GSD:a0af63f5-288a-45dc-b63f-349091649746	FA2[3]G1S1	2D	Glycoform shorthand code	2	curator	Curator-assigned classification (ground truth)		1
GSD:3d27094e-0b90-4890-b1f5-8c62d12603fb	FA2[6]BG1	2D	Glycoform shorthand code	2	curator	Curator-assigned classification (ground truth)		1
GSD:b21bdf12-4702-40cb-9d3b-79c08b925749	FA2[6]G1	2D	Glycoform shorthand code	2	curator	Curator-assigned classification (ground truth)		1
GSD:63c39c56-6856-48c8-b21c-7077ad7cdd48	FA2B	2D	Glycoform shorthand code	2	curator	Curator-assigned classification (ground truth)		1
GSD:b501ac00-cfbd-4cc3-9382-984fae4ff714	FA2BG2	2D	Glycoform shorthand code	2	curator	Curator-assigned classification (ground truth)		1
GSD:0572d113-cbed-42e7-8242-618aad4a21b1	FA2BG2S1	2D	Glycoform shorthand code	2	curator	Curator-assigned classification (ground truth)		1
GSD:cd1193e4-c689-44bb-a6a6-1720ac7f35d0	FA2BG2S2	2D	Glycoform shorthand code	2	curator	Curator-assigned classification (ground truth)		1
GSD:dd9fc577-a681-45ab-9b3f-23798e89b46f	FA2F1G2S2	2D	Glycoform shorthand code	2	curator	Curator-assigned classification (ground truth)		1
GSD:88720e12-1139-4829-917b-dbc0c4746a65	FA2G1	2D	Glycoform shorthand code	2	curator	Curator-assigned classification (ground truth)		1
GSD:82e48ded-5109-48eb-b619-6be15008068f	FA2G1S1	2D	Glycoform shorthand code	2	curator	Curator-assigned classification (ground truth)		1
GSD:07c275b9-fb5b-49ce-80d1-ef02ad901b43	FA2G2	2D	Glycoform shorthand code	2	curator	Curator-assigned classification (ground truth)		1
GSD:17ac6666-18f3-4158-870f-70c4bc848187	FA2G2S1	2D	Glycoform shorthand code	2	curator	Curator-assigned classification (ground truth)		1
GSD:bbe90bca-4394-41ac-81aa-1abcc7293f2b	FA2G2S2	2D	Glycoform shorthand code	2	curator	Curator-assigned classification (ground truth)		1
GSD:845ebdbe-1ef7-4be9-86b1-c01781cd3a41	FA3	2D	Glycoform shorthand code	2	curator	Curator-assigned classification (ground truth)		1
GSD:7c78a401-bb4e-4774-bdfc-3c882c0aa294	FA3B	2D	Glycoform shorthand code	2	curator	Curator-assigned classification (ground truth)		1
GSD:70d288cb-9ae4-49b4-b975-aeddf4e4d723	FA3F1G3S3	2D	Glycoform shorthand code	2	curator	Curator-assigned classification (ground truth)		1
GSD:56adc89d-bb33-47db-85c5-d180cdf85c5c	FA3G3	2D	Glycoform shorthand code	2	curator	Curator-assigned classification (ground truth)		1
GSD:deddc552-6be1-4c82-bb17-cb216b15868f	FA3G3S3	2D	Glycoform shorthand code	2	curator	Curator-assigned classification (ground truth)		1
GSD:836fcadb-481f-4aa9-a69f-b1f841b94c5d	FA4	2D	Glycoform shorthand code	2	curator	Curator-assigned classification (ground truth)		1
GSD:8a84c7da-6fc4-42ab-a1ed-0a214d7fc344	FA4F1G4S4	2D	Glycoform shorthand code	2	curator	Curator-assigned classification (ground truth)		1
GSD:9357eb9b-992f-4bb7-8b2d-515c18a50251	FA4G4	2D	Glycoform shorthand code	2	curator	Curator-assigned classification (ground truth)		1
GSD:625e721a-5bae-4520-80d4-d36f7d6a53bc	FA4G4S4	2D	Glycoform shorthand code	2	curator	Curator-assigned classification (ground truth)		1
GSD:08ea19f8-5687-56dc-9812-ce892691fca0	mannosylated lipoarabinomannan	2C	Composite descriptive phrase	2	llm	compound description with two modifiers		1
GSD:f2dab9ed-ecb3-569f-ab8a-93c8083d549d	Manα1-2Manα1-2Manα1-6Manα1-4GlcN-inositolphosphoceramide	2A	Linkage-specified substructure	2	regex	Explicit linkage notation present.		1
GSD:20de8d28-539e-5869-9718-cf9c103f2fc6	Manα1-3Man disaccharide	2A	Linkage-specified substructure	2	regex	Explicit linkage notation present.		1
GSD:7480c595-8fc8-5ffa-b750-26ae3fb65f8a	Manβ1-4Glc-ceramide	2A	Linkage-specified substructure	2	regex	Explicit linkage notation present.		1
GSD:f1dd750e-9e41-44ad-84e6-9c93143c93c7	G0-N	2D	Glycoform shorthand code	2	llm	shorthand glycoform code	G61751GZ	1
GSD:185d947d-25ac-487f-a8cd-1f40fda90902	G0B	2D	Glycoform shorthand code	2	curator	Curator-assigned classification (ground truth)	G59471TH	1
GSD:141f8373-6d7e-4ab5-998c-4cdb07494912	G0F	2D	Glycoform shorthand code	2	curator	Curator-assigned classification (ground truth)		1
GSD:d7978edc-a840-4dd1-93ad-aba587f95936	G0FB	2D	Glycoform shorthand code	2	curator	Curator-assigned classification (ground truth)		1
GSD:587d6ca7-9216-42f6-9ee9-7959c200ac2a	G1	2D	Glycoform shorthand code	2	curator	Curator-assigned classification (ground truth)	G66937TJ	1
GSD:58e7d780-da44-4b52-9687-cbccd2275b39	G1F	2D	Glycoform shorthand code	2	curator	Curator-assigned classification (ground truth)		1
GSD:be84bc46-f54e-4622-8163-c101eea0f8d0	G2	2D	Glycoform shorthand code	2	llm	shorthand glycoform code	G36191CD	1
GSD:7f36e3c7-560f-4b7e-8743-e3b0460684f9	G2F	2D	Glycoform shorthand code	2	curator	Curator-assigned classification (ground truth)		1
GSD:95c54ba3-42e7-4abf-b417-b721b28154ec	G2FS1	2D	Glycoform shorthand code	2	curator	Curator-assigned classification (ground truth)		1
GSD:bedae64a-2b9f-4409-98f2-7b85dac1966b	G2FS2	2D	Glycoform shorthand code	2	curator	Curator-assigned classification (ground truth)		1
GSD:36ff0cc9-caf8-4cfc-b8f8-ae42e25ba544	G1M9	2D	Glycoform shorthand code	2	curator	Curator-assigned classification (ground truth)		1
GSD:261d03ad-992a-49b3-8451-77e873bc58f7	G2M9	2D	Glycoform shorthand code	2	curator	Curator-assigned classification (ground truth)		1
GSD:d4f40000-259c-4bb4-99cf-72d1192f03d3	M3 (N-glycan)	2D	Glycoform shorthand code	2	curator	Curator-assigned classification (ground truth)	G22768VO	1
GSD:ffdf4005-53e4-4d2c-aae3-a931baefc37b	M5	2D	Glycoform shorthand code	2	curator	Curator-assigned classification (ground truth)	G32104JU	1
GSD:988ae5a8-c23c-4a29-b147-e1a50128ab03	M6	2D	Glycoform shorthand code	2	curator	Curator-assigned classification (ground truth)	G56038AR	1
GSD:84214e99-9a7a-4093-a76c-103ce6e5db8b	M7	2D	Glycoform shorthand code	2	curator	Curator-assigned classification (ground truth)	G04216GB	1
GSD:f53a8841-69ae-424a-9707-ef50a8f84acb	M7AB	2D	Glycoform shorthand code	2	curator	Curator-assigned classification (ground truth)		1
GSD:1cd04026-2429-5e21-a7ab-c21c2150a456	matriglycan	1A	Canonical named glycan entity	1	llm	upgraded from 2B: ‘matriglycan’ is a distinct, well‑known glycan structure rather than a simple descriptor plus noun.		1
GSD:4b1ebf65-553c-491f-9dc3-c0972d504b26	M7AC	2D	Glycoform shorthand code	2	llm	shorthand glycoform code		1
GSD:45b9775b-cfc1-4a8e-b872-c36948dfef72	M8A	2D	Glycoform shorthand code	2	curator	Curator-assigned classification (ground truth)		1
GSD:41948cb9-4e7f-46c7-a4af-2687d94bd70b	M8C	2D	Glycoform shorthand code	2	llm	shorthand glycoform code		1
GSD:9f590180-4ef4-447c-992d-d3d5a0fab93a	M8	2D	Glycoform shorthand code	2	curator	Curator-assigned classification (ground truth)	G91704UR	1
GSD:717f1afe-2057-4d17-8fe5-6af9834505ff	M9	2D	Glycoform shorthand code	2	curator	Curator-assigned classification (ground truth)	G26508HK	1
GSD:96cf2a55-237d-5a94-8c48-ea3a5399fcc2	methanochondroitin	3A	Umbrella / glycoconjugate class	3	llm	General GAG-like structure		1
GSD:162cbd87-3efc-432a-bc99-ace94feb3200	Man3	2D	Glycoform shorthand code	2	llm	shorthand glycoform code	G22768VO	3
GSD:c5e6b584-e1d9-4517-beaf-b443d1575d86	asialo-GM2	1A	Canonical named glycan entity	1	curator	Curator-assigned classification (ground truth)	G90562PB	3
GSD:05a9fa0f-72da-4ef3-aa5c-7c3af82e5d6b	asialo-GM3	1A	Canonical named glycan entity	1	curator	Curator-assigned classification (ground truth)	G84224TW	1
GSD:cac26532-3963-48ec-8344-9f7a4f710307	arabinan	1C	Non-GAG homo/hetero-polymer	1	curator	Curator-assigned classification (ground truth)	G22535ZZ	4
GSD:6328b58f-362d-4ff2-86a7-96e23ce02b29	chondroitin-6-sulfate	1A	Canonical named glycan entity	1	curator	Curator-assigned classification (ground truth)	G34992DF	4
GSD:9fe1b10e-a804-47d6-b0ba-e1eaf289481f	Fuc(a1-3)GalNAc(b1)	2A	Linkage-specified substructure	2	curator	Curator-assigned classification (ground truth)	G57709BH	4
GSD:950ade62-6782-4b96-90d7-c12b0bd81409	GA2	1A	Canonical named glycan entity	1	curator	Curator-assigned classification (ground truth)	G90562PB	3
GSD:3099482e-e7ab-4fa5-9c0e-8094db143cdb	Gal(b1-3)GalNAc	2A	Linkage-specified substructure	2	curator	Curator-assigned classification (ground truth)	G78436BB; G58645HA	4
GSD:e3b3cee3-b8fa-4c42-8016-393b8e15cf7c	Gal(b1-4)[Fuc(a1-3)]Glc(b1)	2A	Linkage-specified substructure	2	curator	Curator-assigned classification (ground truth)	G57548NB; G41323BT	4
GSD:233afbbe-ab1d-4e22-8e49-c625cb4ddff7	Gal-CTH	1B	Named recurrent structural feature	1	curator	Curator-assigned classification (ground truth)	G91649BT	4
GSD:817ad1a7-7d2c-4d3a-a661-b43a5204bc38	GalNAc(b1-3)Gal(b1-4)GlcNAc	2A	Linkage-specified substructure	2	curator	Curator-assigned classification (ground truth)	G61149BD	4
GSD:b7d586de-297e-432a-a94a-72078fa5604f	GalNAc(b1-4)Gal	2A	Linkage-specified substructure	2	curator	Curator-assigned classification (ground truth)	G60859DF	4
GSD:a5ab2950-a3cb-40c7-98f7-6721ff2514a4	GalNAc(b1-4)[Neu5Ac(a2-3)]Gal(b1)	2A	Linkage-specified substructure	2	curator	Curator-assigned classification (ground truth)	G45058HZ	4
GSD:61f940e2-721b-4fe4-b717-4bff8efe6b1e	GalNAc(b1-4)[Neu5Gc(a2-3)]Gal(b1)	2A	Linkage-specified substructure	2	curator	Curator-assigned classification (ground truth)	G29406SZ; G23581GL	4
GSD:dbfbe6a9-8b1e-4e1e-af58-7b4df0c2fc63	GalNAc-GD1a	1A	Canonical named glycan entity	1	curator	Curator-assigned classification (ground truth)	G92175CL	4
GSD:2f66bcff-9d08-4f4b-9dfd-fd06ef9f5d03	galactosylgloboside	1A	Canonical named glycan entity	1	curator	Curator-assigned classification (ground truth)	G99053DY	4
GSD:1d17b844-af78-4258-b83b-7db935d7a1a4	Gg3	1A	Canonical named glycan entity	1	curator	Curator-assigned classification (ground truth)	G90562PB	2
GSD:10682d8a-0e2c-47dc-99e8-14defd552e63	Gg5	1A	Canonical named glycan entity	1	curator	Curator-assigned classification (ground truth)	G96834JC	2
GSD:c5829655-97c8-4fbb-a2e7-baf38a5d5b66	GlcNAc(b1-3)Gal	2A	Linkage-specified substructure	2	curator	Curator-assigned classification (ground truth)	G02880JU	4
GSD:2cc4c175-517a-4b6d-9fc9-0331d0956d63	GlcNAc(b1-3)Gal(b1-4)GlcNAc	1A	Canonical named glycan entity	1	curator	Curator-assigned classification (ground truth)	G48117BL	4
GSD:6aa0e009-637d-4f8d-a196-4393b71a1b85	KDN-Gal	2A	Linkage-specified substructure	2	curator	Curator-assigned classification (ground truth)	G82612XX; G82625KX	4
GSD:b4539084-ea1c-4f9f-b785-8b99eaca0e04	LDN	1B	Named recurrent structural feature	1	curator	Curator-assigned classification (ground truth)	G31736BK	5
GSD:50f1cc24-20e9-4bda-82f3-3761eea4d978	LDN-F	1B	Named recurrent structural feature	1	curator	Curator-assigned classification (ground truth)	G02240AO	3
GSD:7897d5a2-f609-4c1b-a706-01b68993beea	LacNAc-Gal	1B	Named recurrent structural feature	1	curator	Curator-assigned classification (ground truth)	G06580KR	4
GSD:16e5ac8a-4f1f-4df9-b860-936e9c5e27d0	lacto-N-neotetraose	1A	Canonical named glycan entity	1	curator	Curator-assigned classification (ground truth)	G48059CD; G45827GY	4
GSD:f1d5a449-e17b-4677-8e2f-2c9dd531e3b2	lacto-N-tetraose	1A	Canonical named glycan entity	1	curator	Curator-assigned classification (ground truth)	G45827GY; G48059CD	4
GSD:e203d26f-4e87-4faf-9e18-8a1c7d59da9d	lactogangliotetraosylceramide	1A	Canonical named glycan entity	1	curator	Curator-assigned classification (ground truth)	G62554JH; G85237WB	4
GSD:42e76ba0-441a-4b80-b4b3-d4ee48728446	lactotetraosylceramide	1A	Canonical named glycan entity	1	curator	Curator-assigned classification (ground truth)	G00049MO	5
GSD:bc4cbbeb-af02-4261-9be3-3801c0b6373e	Lc3	1A	Canonical named glycan entity	1	curator	Curator-assigned classification (ground truth)	G06239NA	3
GSD:be204c7c-6af2-4316-a743-c4c6cf9b987d	Lc4	1A	Canonical named glycan entity	1	curator	Curator-assigned classification (ground truth)	G00049MO	2
GSD:050826fd-a784-433e-a9ba-34b9b95fcee9	M3FX	2D	Glycoform shorthand code	2	curator	Curator-assigned classification (ground truth)	G47379VH; G26295XE	4
GSD:9ab8eddd-a433-4e31-9fe8-362e8dad2866	Neu5Ac(a2-3)Gal(b1-3)GalNAc	2A	Linkage-specified substructure	2	curator	Curator-assigned classification (ground truth)	G56299XO	4
GSD:2b866f56-b66d-4f25-a4a8-f2070ac73993	Neu5Ac(a2-3)Gal(b1-4)Glc	2A	Linkage-specified substructure	2	curator	Curator-assigned classification (ground truth)	G56516VH	4
GSD:c1c18924-390e-479a-b035-83c5cf1637d3	Neu5Ac(a2-3)Gal(b1-4)GlcNAc	2A	Linkage-specified substructure	2	curator	Curator-assigned classification (ground truth)	G10203DW	4
GSD:85c522ed-d938-4fd4-be4a-ac6013251f2b	Neu5Ac(a2-6)GalNAc	2A	Linkage-specified substructure	2	curator	Curator-assigned classification (ground truth)	G08371CD	4
GSD:e3bb8793-cfce-421d-af27-6072ba1fa45a	Neu5Ac(a2-8)Neu5Ac(a2-3)Gal	2A	Linkage-specified substructure	2	curator	Curator-assigned classification (ground truth)	G82775QT; G43195TR	4
GSD:688b8bbf-77c9-4e70-97a9-03ccc930568b	Neu5Ac(a2-8)Neu5Ac(a2-3)Gal(b1-3)GalNAc	2A	Linkage-specified substructure	2	curator	Curator-assigned classification (ground truth)	G93910CU	4
GSD:7bc8c2d4-60ec-458d-ac8f-f5c54da8475d	Neu5Ac(a2-8)Neu5Ac(a2-3)Gal(b1-4)Glc	2A	Linkage-specified substructure	2	curator	Curator-assigned classification (ground truth)	G81928IQ	4
GSD:05a59d4a-d2ac-4332-ba03-79d3a8a36a0f	Neu5Ac(a2-8)Neu5Gc(a2-3)Gal	2A	Linkage-specified substructure	2	curator	Curator-assigned classification (ground truth)	G82974JM	4
GSD:0202b22a-81f2-4ed3-bed4-f8e2054d4e4d	Neu5Ac(a2-8)Neu5Gc(a2-3)Gal(b1-4)Glc	2A	Linkage-specified substructure	2	curator	Curator-assigned classification (ground truth)	G95233MF	4
GSD:82b45b8a-b1d3-4c69-b617-5a2d7efb0b10	Neu5Gc(a2-3)Gal	2A	Linkage-specified substructure	2	curator	Curator-assigned classification (ground truth)	G53517XC	4
GSD:c98ca99f-9584-4c8a-af2e-721e5e35cf1d	Neu5Gc(a2-3)Gal(b1-4)Glc	2A	Linkage-specified substructure	2	curator	Curator-assigned classification (ground truth)	G32969VW	5
GSD:b914861a-c866-4af8-8289-f59c5df14919	Neu5Gc(a2-8)Neu5Gc(a2-3)Gal	2A	Linkage-specified substructure	2	curator	Curator-assigned classification (ground truth)	G16142UJ; G16775IT	4
GSD:f86cbdc0-e888-48dd-ace1-3f071353d08f	O-GlcNAc	2B	Single descriptor phrase	2	curator	Curator-assigned classification (ground truth)	G49108TO; G89565QL	5
GSD:3b5bcc26-f0a7-40b5-a3e0-34444e9f5053	poly-KDN	1B	Named recurrent structural feature	1	curator	Curator-assigned classification (ground truth)	G42911NE	4
GSD:a1fead82-924b-409e-b440-30d4a9ed5279	SD1a	1A	Canonical named glycan entity	1	curator	Curator-assigned classification (ground truth)	G63813EJ	4
GSD:445f0532-56ac-4933-9344-e3e9386eaf12	SM3	1A	Canonical named glycan entity	1	curator	Curator-assigned classification (ground truth)	G20044TD	4
GSD:e82f6eb3-42a2-4cca-bf4f-1ec9e9e904ef	SM4s	1A	Canonical named glycan entity	1	curator	Curator-assigned classification (ground truth)	G72548RZ	4
GSD:e86221c1-46b4-424d-be26-2a159c08c9f8	amylose	1C	Non-GAG homo/hetero-polymer	1	curator	Curator-assigned classification (ground truth)	G05740LL	3
GSD:6d8d4be9-d746-5d48-9da6-ca1f0eb3b919	monoantennary N-glycan	2B	Single descriptor phrase	2	llm	descriptor plus context		1
GSD:998dcbee-4911-42b2-be98-e12384077827	cellotriose	3B	Monosaccharide or named disaccharide	3	llm	upgraded from 2B: named free trisaccharide	G50026IZ	3
GSD:9dbd00b1-daa1-5dd7-8643-cfc47dc7f67e	monoglucosylated N-glycan	2B	Single descriptor phrase	2	llm	single descriptor + N‑glycan		1
GSD:f07d9cd6-64b3-4e29-ab49-b0a5a1f72e31	gellan	3B	Monosaccharide or named disaccharide	3	llm	upgraded from 2B: ‘gellan’ is a named free polysaccharide rather than a specific glycan descriptor.	G41181BF	2
GSD:c2c341af-933d-5fc8-9481-74150676c0bb	monosialylated ganglioside	2C	Composite descriptive phrase	2	llm	Composite description of ganglioside		1
GSD:28bc06b4-e652-482d-868d-1b2ed75a3f13	gentiobiose	3B	Monosaccharide or named disaccharide	3	llm	named free disaccharide	G47329OU	3
GSD:0fd7018e-9c5c-498f-8a57-bd2de6edde7d	iGb3	1A	Canonical named glycan entity	1	curator	Curator-assigned classification (ground truth)	G78074HX	2
GSD:69296f77-9fed-4393-90d7-80db5af5340b	iGb4	1A	Canonical named glycan entity	1	curator	Curator-assigned classification (ground truth)	G57710SU	2
GSD:f3acff63-a62f-4967-94a7-b58e66a46032	isomaltose	3B	Monosaccharide or named disaccharide	3	curator	Curator-assigned classification (ground truth)	G36281WI	3
GSD:e1e28b8f-2e73-48b2-8743-50e713dc0fc1	isopanose	3B	Monosaccharide or named disaccharide	3	curator	Curator-assigned classification (ground truth)	G37117TJ	3
GSD:4bcdab57-7409-55df-98c2-eadb9cd4ed93	multiantennary complex-type N-glycan	2C	Composite descriptive phrase	2	llm	multiple descriptors before N‑glycan		1
GSD:67c366a0-b8ae-409e-9d4b-4b02e82ea141	lactose	3B	Monosaccharide or named disaccharide	3	llm	named free disaccharide	G15541SE	4
GSD:6f054150-f668-4f6c-8535-0c7f04a6db4b	maltose	3B	Monosaccharide or named disaccharide	3	llm	named free disaccharide	G44653LT	3
GSD:f1397bc9-975f-4e5b-989a-57cbce56c9c0	melibiose	3B	Monosaccharide or named disaccharide	3	curator	Curator-assigned classification (ground truth)	G66481II; G86123DJ	4
GSD:39ce5ee5-3f7f-4d8d-8e28-64c928b7fcf0	nLc4	1A	Canonical named glycan entity	1	curator	Curator-assigned classification (ground truth)	G58896AZ	2
GSD:943e6166-a2c1-44cd-b071-1ce69e335a13	nLc6	1A	Canonical named glycan entity	1	curator	Curator-assigned classification (ground truth)	G84034JH	2
GSD:3e1e0df5-e61b-439c-888e-159f8b15b30c	panose	3B	Monosaccharide or named disaccharide	3	curator	Curator-assigned classification (ground truth)	G44612JM	3
GSD:d1150611-0657-467a-9f8a-a372b238dbd9	primeverose	3B	Monosaccharide or named disaccharide	3	curator	Curator-assigned classification (ground truth)	G82276DL	3
GSD:cf5631fb-aa17-5630-9cf9-3ec070faf8ed	neolacto-series glycosphingolipids	3A	Umbrella / glycoconjugate class	3	llm	umbrella family – neolacto‑series glycosphingolipids	G00070MO	4
GSD:473ec64b-303a-53b4-842b-2f8156bc19d1	Neu5Acα2-3Gal	2A	Linkage-specified substructure	2	regex	Explicit linkage notation present.	G77824XV; G30207PZ	5
GSD:159f879f-6c57-55d5-b09b-3da3ba2f6cc2	Neu5Acα2-6Gal	2A	Linkage-specified substructure	2	regex	Explicit linkage notation present.	G44345UH; G63069TR	6
GSD:5c93c17c-c516-5bff-8b0d-1541c5ea340b	Neu5Gcα2-3Galβ1-4Glc	2A	Linkage-specified substructure	2	regex	Explicit linkage notation present.	G32969VW	5
GSD:96b18e29-d61a-476c-8eba-cd516f73c7ed	rutinose	3B	Monosaccharide or named disaccharide	3	llm	named disaccharide	G68857PG	3
GSD:0fd86f52-404f-45fb-afd7-fa20adcb0fad	core 1	1A	Canonical named glycan entity	1	curator	Curator-assigned classification (ground truth)	G00031MO	3
GSD:ca236d51-3a64-4e03-acc2-f15ecaca0569	core 2	1A	Canonical named glycan entity	1	curator	Curator-assigned classification (ground truth)	G00033MO	3
GSD:bf830cb7-4464-4a6d-bc6e-bde254b86ad3	core 3	1A	Canonical named glycan entity	1	curator	Curator-assigned classification (ground truth)	G00035MO	2
GSD:3c4ce89a-46ca-4cbe-a61e-bc6b468df9e7	core 4	1A	Canonical named glycan entity	1	curator	Curator-assigned classification (ground truth)	G00037MO	3
GSD:00748dfd-e05e-4ba2-bbd6-b63d66565b00	core 5	1A	Canonical named glycan entity	1	curator	Curator-assigned classification (ground truth)	G00039MO	2
GSD:ffc436ea-284b-4aec-a7e9-14eb6c20de51	core 6	1A	Canonical named glycan entity	1	curator	Curator-assigned classification (ground truth)	G00041MO	2
GSD:f8f2ebab-fda4-476d-b0ad-03353daf4a73	core 7	1A	Canonical named glycan entity	1	curator	Curator-assigned classification (ground truth)	G00043MO	2
GSD:b869db3a-43f8-4298-a71e-a4654597d31a	Lewis x	1A	Canonical named glycan entity	1	curator	Curator-assigned classification (ground truth)	G00051MO; G01187XC; G81516LH	13
GSD:e44890e8-530b-4926-9b3e-f877b16a5e66	2-3 sialylparagloboside	2A	Linkage-specified substructure	2	curator	Curator-assigned classification (ground truth)	G01767JJ	4
GSD:68fa9f5d-91fc-40c7-ab09-7b9612b4c961	GD1 alpha pentasaccharide	1A	Canonical named glycan entity	1	curator	Curator-assigned classification (ground truth)	G45714BQ; G07394RV	3
GSD:0c04a38c-bca0-4828-81a3-db514bbcb89b	2-6 sialyl-LacNAc-Gal	2A	Linkage-specified substructure	2	curator	Curator-assigned classification (ground truth)	G03509EL	4
GSD:137f33fc-98d8-4d5c-939e-d05fb87848a8	GD1 alpha	1A	Canonical named glycan entity	1	curator	Curator-assigned classification (ground truth)	G07394RV	3
GSD:b4252c0c-bc81-4ea0-b928-404997acbb09	2-3 sialyl-lacto-N-tetraose	2A	Linkage-specified substructure	2	curator	Curator-assigned classification (ground truth)	G21066IE	4
GSD:96faf97c-e84b-4d49-be6d-4c5985c818e3	6,6'-sulfo LacNAc	1B	Named recurrent structural feature	1	curator	Curator-assigned classification (ground truth)	G24270KX	4
GSD:4cd2a54e-e648-4edb-a081-1859c0d1e426	acharan sulfate	1A	Canonical named glycan entity	1	curator	Curator-assigned classification (ground truth)	G25575JK	4
GSD:aca81550-5a7e-4f26-9ac5-cd9f931d464f	delta-heparan sulfate	1A	Canonical named glycan entity	1	curator	Curator-assigned classification (ground truth)	G25575JK; G17927IW	4
GSD:2e4c1785-ad4a-46b1-8a8c-813ef871bcb1	alpha-galactosyl epitope	1A	Canonical named glycan entity	1	curator	Curator-assigned classification (ground truth)	G27798EJ	4
GSD:0a5b406f-05a2-4f1a-b6fb-abe589e7013d	2-9,2-6 disialyllactosylceramide	1A	Canonical named glycan entity	1	curator	Curator-assigned classification (ground truth)	G30187JM	4
GSD:40c3f953-e2a9-4b1e-8b9b-327e63483160	galactose 3-O-sulfate	3B	Monosaccharide or named disaccharide	3	curator	Curator-assigned classification (ground truth)	G40843KY	4
GSD:6f9ccdea-5e6d-4481-8ea2-598ea66635d0	core M2	1A	Canonical named glycan entity	1	curator	Curator-assigned classification (ground truth)	G56868BH	2
GSD:24d335a2-51a3-5232-96e6-2d60815f8e55	N-glycan core	3A	Umbrella / glycoconjugate class	3	llm	General N‑glycan family reference	G20624LQ; G00026MO	6
GSD:c752f08d-02e4-402c-9910-353ec9b7eb69	core 0	1A	Canonical named glycan entity	1	llm	upgraded from 2B: ‘Core 0’ is a canonical glycan core designation.	G57321FI	2
GSD:9cad9894-bd0f-4a44-897d-c2a6e2f81d67	fucosyl asialo-GM1	1A	Canonical named glycan entity	1	curator	Curator-assigned classification (ground truth)	G57920AK	4
GSD:727fff8e-6962-434a-8623-2779faa46fcd	F1 alpha	1A	Canonical named glycan entity	1	curator	Curator-assigned classification (ground truth)	G61730RY; G21312EA	4
GSD:3a58e154-202e-4db6-97c3-d82017c96999	beta galactose	2A	Linkage-specified substructure	2	curator	Curator-assigned classification (ground truth)	G65889KE	2
GSD:f64451b5-069f-4ba8-8407-f872eab65c7c	N-glycolyl GM3	1A	Canonical named glycan entity	1	curator	Curator-assigned classification (ground truth)	G75789AR	4
GSD:d064fac6-1f8a-41ac-984a-fb0079162653	core 8	1A	Canonical named glycan entity	1	curator	Curator-assigned classification (ground truth)	G76355TG	2
GSD:23de9483-620f-4f09-8254-aadec36ed27e	Forssman antigen	1A	Canonical named glycan entity	1	curator	Curator-assigned classification (ground truth)	G80062GG	4
GSD:2c944fe9-8bea-46f5-9ab0-1ccc8b05c6f0	poly-N-acetylneuraminic acid	1B	Named recurrent structural feature	1	curator	Curator-assigned classification (ground truth)	G80631ZD	4
GSD:98506914-d5b3-4a67-b3d3-e411b64b1891	2-6 sialylparagloboside	2A	Linkage-specified substructure	2	curator	Curator-assigned classification (ground truth)	G83513YI	4
GSD:a3c5bbf0-9bfd-4710-aa1c-4551d05c0d65	N-glycolyl GD3	1A	Canonical named glycan entity	1	curator	Curator-assigned classification (ground truth)	G84891DZ	4
GSD:c4155809-eacd-4d50-b8ee-5f00cf835dfa	core M1	1A	Canonical named glycan entity	1	curator	Curator-assigned classification (ground truth)	G85856KC	2
GSD:03d8b55f-4f2d-4aa6-bda2-7f12e93ad9b3	N-acetyl GM3	1A	Canonical named glycan entity	1	curator	Curator-assigned classification (ground truth)	G91237TK	4
GSD:f4233b5f-ac92-4c8f-9aa1-87d262bd38bd	fucosyl GM1	1A	Canonical named glycan entity	1	curator	Curator-assigned classification (ground truth)	G91532KA	7
GSD:fb783caa-e149-43f1-8b95-9587832c198d	poly-N-glycolylneuraminic acid	1B	Named recurrent structural feature	1	curator	Curator-assigned classification (ground truth)	G95717TY	4
GSD:a05e60af-7132-4229-99f9-c994adbc77fa	core M3	1A	Canonical named glycan entity	1	curator	Curator-assigned classification (ground truth)	G97041TX	2
GSD:8d4e1b65-522e-4fab-a15e-ac1ab8822f59	N-acetyl GD3	1A	Canonical named glycan entity	1	curator	Curator-assigned classification (ground truth)	G98544DH	4
GSD:2f226dce-d895-43fd-8940-bf42aa514867	Lewis y (extended) / hexasaccharide	1A	Canonical named glycan entity	1	curator	Curator-assigned classification (ground truth)	G69030AU	3
GSD:bc21abf6-a11d-4d05-9bfd-4cc50d7dd184	O-mannosyl glycan / mammalian	3C	Association-defined glycan marker	3	curator	Curator-assigned classification (ground truth)	G59126YU; G41959YC	4
GSD:5f802fe3-3af2-4336-9166-e1b0b84740a6	O-mannosyl glycan / yeast	3C	Association-defined glycan marker	3	curator	Curator-assigned classification (ground truth)	G25559RS; G63072CF	4
GSD:fe054027-3467-4932-ba55-74e065281b3a	O-fucose glycan / EGF repeat	1B	Named recurrent structural feature	1	curator	Curator-assigned classification (ground truth)	G39294YF	3
GSD:612e54dc-ed0b-4491-8613-b56248d3934c	O-fucose glycan / thrombospondin type 1 repeat	3C	Association-defined glycan marker	3	curator	Curator-assigned classification (ground truth)	G36855WW	2
GSD:b91d3bb6-92b2-4960-a3a6-61e3060e5687	blood group A	1A	Canonical named glycan entity	1	curator	Curator-assigned classification (ground truth)	G00066MO; G17108EX; G33888AF; G58507AZ; G48600JD; G88356HA	5
GSD:24dcf617-9d2b-4b21-bf45-e0e32f3b9b14	blood group A trisaccharide	1A	Canonical named glycan entity	1	curator	Curator-assigned classification (ground truth)	G00066MO	2
GSD:2343d12e-5dbe-4d4f-b34a-375a4b765132	blood group A type 1 (difucosyl)	1A	Canonical named glycan entity	1	curator	Curator-assigned classification (ground truth)	G97501MA	4
GSD:ed96acf9-f6ab-4ca5-9f1e-e55096721865	blood group A type 2 (difucosyl)	1A	Canonical named glycan entity	1	curator	Curator-assigned classification (ground truth)	G54826OZ	4
GSD:74d80e0e-d8f6-4bc8-ae71-c0e46b361078	chondroitin sulfate D	1A	Canonical named glycan entity	1	curator	Curator-assigned classification (ground truth)	G46732TY	1
GSD:a2e4e04e-182c-4890-8b37-de47dd47876a	beta 1-6 galactan	1C	Non-GAG homo/hetero-polymer	1	curator	Curator-assigned classification (ground truth)	G69386QK	1
GSD:41f65e5a-b339-4a8e-b145-2cdc3bb6216e	beta 1-4 galactan	1C	Non-GAG homo/hetero-polymer	1	curator	Curator-assigned classification (ground truth)	G77076MY	4
GSD:b467b6e9-26e7-467b-b9be-e4f1d6b20e35	mixed-linkage beta glucan	1C	Non-GAG homo/hetero-polymer	1	curator	Curator-assigned classification (ground truth)	G46558JB	4
GSD:89c74519-5663-41d2-ba94-b83ac774c644	blood group H	1A	Canonical named glycan entity	1	curator	Curator-assigned classification (ground truth)	G00068MO; G43391VM; G50899UD; G49963IQ	5
GSD:3e1f5933-8d39-453f-8e9d-4940c4b10e79	blood group H disaccharide	1A	Canonical named glycan entity	1	curator	Curator-assigned classification (ground truth)	G00068MO	3
GSD:c2935744-0bf0-488a-ae10-eccef3800dbe	arabinogalactan type I	1C	Non-GAG homo/hetero-polymer	1	curator	Curator-assigned classification (ground truth)	G98272RS	4
GSD:12a546d0-44fa-43b9-bc21-3e1f0ac840c3	sialyl 6-sulfo LacNAc	1B	Named recurrent structural feature	1	curator	Curator-assigned classification (ground truth)	G99745QX	4
GSD:358eb411-dce4-41a1-aa1f-e74795397c00	Lewis a- Lewis X hybrid antigen	1A	Canonical named glycan entity	1	curator	Curator-assigned classification (ground truth)	G07357YR; G74578MX	4
GSD:acfc23b8-7b4e-4849-b06a-60617b58de81	Neu5Gc(a2-3)Gal / monosialoganglioside	2A	Linkage-specified substructure	2	curator	Curator-assigned classification (ground truth)	G53517XC	3
GSD:6091d6c4-b373-42b6-993f-16a4c0ef5c1a	Neu5Ac(a2-3)Gal / monosialoganglioside	2A	Linkage-specified substructure	2	curator	Curator-assigned classification (ground truth)	G77824XV	3
GSD:87a0c025-e9b3-401e-8533-3823e6ad024c	C-Series gangliosides oligosaccharide / hemato- or ganglio-type	1B	Named recurrent structural feature	1	curator	Curator-assigned classification (ground truth)	G45770AV	3
GSD:d2279ba8-4a28-4434-a642-da84c9fc52ac	6,6'- disulfo sialyl Lewis X	1A	Canonical named glycan entity	1	curator	Curator-assigned classification (ground truth)	G00659GQ	4
GSD:e04ce7d2-9900-406c-9441-8420617a7741	dimeric Lewis a	1A	Canonical named glycan entity	1	curator	Curator-assigned classification (ground truth)	G21808VY; G82106UN	5
GSD:b223ece1-3772-4f21-8ffe-255e575f3860	disialyl Lewis c	1A	Canonical named glycan entity	1	curator	Curator-assigned classification (ground truth)	G14000ZZ	4
GSD:c0546f8a-7b74-4c73-803f-6a3a435f91bb	sialyl Lewis c	1A	Canonical named glycan entity	1	curator	Curator-assigned classification (ground truth)	G46776WR	6
GSD:de926fb1-1f54-47eb-bbd3-33d4629eb5ea	2-6 sialyl i-Lewis x	1A	Canonical named glycan entity	1	curator	Curator-assigned classification (ground truth)	G93855LZ	4
GSD:cb7b0497-535f-46e7-b908-6a39377c3ae7	arabinogalactan type II	1C	Non-GAG homo/hetero-polymer	1	curator	Curator-assigned classification (ground truth)	G12828SG	2
GSD:2dfb4ba3-af6c-41f5-9792-9789ba8f60ba	internal Lewis x	1A	Canonical named glycan entity	1	curator	Curator-assigned classification (ground truth)	G64227KZ	4
GSD:3069194c-d911-4030-8a98-77d45e1eb81d	6-sulfo Lewis x	1A	Canonical named glycan entity	1	curator	Curator-assigned classification (ground truth)	G89307GT	4
GSD:c17a3f6f-2bab-4362-b68c-42d759b26d7e	β-linked lactose	3B	Monosaccharide or named disaccharide	3	curator	Curator-assigned classification (ground truth)	G84224TW	1
GSD:c7365bd0-d36d-417e-afbd-f0ea279079a7	Gangliotetraosylceramide	1A	Canonical named glycan entity	1	curator	Curator-assigned classification (ground truth)	G21856LC; G05357CB	3
GSD:06280f60-1257-4d4c-8240-f963524ad72a	Gangliotriaosylceramide	1A	Canonical named glycan entity	1	curator	Curator-assigned classification (ground truth)	G90562PB	2
GSD:a186c9ad-a53a-4f7e-b6d7-5f7b3ef2cd1e	Galactose	3B	Monosaccharide or named disaccharide	3	curator	Curator-assigned classification (ground truth)	G68158BT; G65889KE	4
GSD:3fda8660-e983-5497-aba6-bb4d277e8486	N-glycan corneal-type keratan sulfate	2C	Composite descriptive phrase	2	llm	Composite of N‑glycan and keratan sulfate		1
GSD:bcfcb92d-7efe-4eb7-b324-88a3ce4ae60a	N-acetyl-D-galactosamine	3B	Monosaccharide or named disaccharide	3	llm	Standalone monosaccharide	G61418DU	2
GSD:d9aa7fb1-12b1-4a92-8e9a-38382ba774de	Isoglobotriaosylceramide	1A	Canonical named glycan entity	1	llm	canonical named glycan entity	G78074HX	2
GSD:4ebb7492-f247-44aa-a073-d5214c5fe311	Gal	1A	Canonical named glycan entity	1	curator	Curator-assigned classification (ground truth)	G99053DY	1
GSD:607727e2-834e-4321-996e-0988b7f5c6f8	Monosialogangliotetraosylceramide	1A	Canonical named glycan entity	1	curator	Curator-assigned classification (ground truth)	G48558GR	2
GSD:0cb4639d-8b29-45d0-8cde-27ad85020b35	Disialogangliotetraosylceramide	1A	Canonical named glycan entity	1	curator	Curator-assigned classification (ground truth)	G37184KW; G46677TE	3
GSD:e413291c-5c2e-4ad5-9b62-20b158e633ce	Neolactotetraosylceramide	1A	Canonical named glycan entity	1	curator	Curator-assigned classification (ground truth)	G58896AZ	2
GSD:929ed22f-b4a5-54aa-9c0d-8000b75e4a33	O-acetylated sialic acids	2B	Single descriptor phrase	2	llm	single descriptor + noun		1
GSD:3f89e885-ae14-41fb-98a7-559757b10852	Leukosialin	3C	Association-defined glycan marker	3	llm	3C recall upgrade: The term refers to a specific protein (leukosialin/Sialoadhesin), which qualifies it as a 3C glycanset.	G78436BB; G50850NI	3
GSD:831262e4-f719-5510-a84a-ee900c77b375	O-antigen	3C	Association-defined glycan marker	3	llm	3C recall upgrade: ‘O‑antigen’ denotes the polysaccharide side chain of LPS that varies between bacterial strains; its structure is defined only through association with a particular organism.		1
GSD:9f847a5e-628e-4fa6-a150-533df6eb8a6f	Leukocyte common antigen	3C	Association-defined glycan marker	3	llm	Protein marker reference	G78436BB; G50850NI	3
GSD:3bf6559b-91bf-4ff7-8af7-7c3d3a6a0dcb	Trisialogangliotetraosylceramide	1A	Canonical named glycan entity	1	curator	Curator-assigned classification (ground truth)	G40183QN	2
GSD:7cee9dd6-9c05-54fc-947b-afca69f08b9e	O-GalNAc core structures	3A	Umbrella / glycoconjugate class	3	llm	umbrella O‑GalNAc glycan category		1
GSD:5e85053a-c1b5-4229-ae28-d8d75f7f7fe0	Pentasaccharide N-linked glycan core	3A	Umbrella / glycoconjugate class	3	llm	umbrella class – N‑linked glycan	G20624LQ	2
GSD:529776fa-63d3-4754-bc9c-feb2b107e99d	N-acetylneuraminic acid	3B	Monosaccharide or named disaccharide	3	curator	Curator-assigned classification (ground truth)	G81533KY; G50850NI	4
GSD:49f72104-7b21-45a7-8769-b9c0366888b4	N-acetylgalactosamine	3B	Monosaccharide or named disaccharide	3	curator	Curator-assigned classification (ground truth)	G27025MB	2
GSD:638c0dc7-a91a-4527-8655-1d090af5b400	Sialyl-3-lactose	2A	Linkage-specified substructure	2	curator	Curator-assigned classification (ground truth)	G91237TK; G56516VH	3
GSD:36c260fd-5dd6-427c-81aa-25aaae52bab1	Sai2-3Gal	3B	Monosaccharide or named disaccharide	3	llm	Disaccharide-like structure	G77824XV; G30207PZ	2
GSD:fa47b325-2aab-42f9-9d2d-b2499fab770c	O-GalNAc glycans	3A	Umbrella / glycoconjugate class	3	llm	umbrella class		1
GSD:0ba75e91-ae2c-4918-ae2c-c263c2aaae16	Disialylactose	3B	Monosaccharide or named disaccharide	3	llm	named disaccharide	G97569KL	2
GSD:df0149f4-cb5f-47bf-a72d-a5ba117bc023	Mannose	3B	Monosaccharide or named disaccharide	3	curator	Curator-assigned classification (ground truth)	G70323CJ	4
GSD:365d7f89-b85d-538a-b378-d8b369d75d62	O-GalNAc-linked sialoglycans	2C	Composite descriptive phrase	2	llm	multiple descriptors linked		1
GSD:bce10ca5-6d50-43fe-9aa4-e9a8016d5ab4	H5 type 1	1A	Canonical named glycan entity	1	llm	canonical H type 1 epitope	G00050MO	1
GSD:97b52f8a-cb0a-4e24-9402-cfc16e98b8a0	B7 type 1	1A	Canonical named glycan entity	1	curator	Curator-assigned classification (ground truth)	G22689CV	1
GSD:d740545e-dea4-57d3-8167-6524292d59ac	O-glucose glycan	2B	Single descriptor phrase	2	llm	descriptor plus context		1
GSD:0cc89d74-c0e0-4b39-b8c0-5ed616df7131	B6 type 1	2B	Single descriptor phrase	2	llm	default fallback	G63238VS	1
GSD:324dba7d-8f31-4c19-8b96-d1e4c3789aa6	A7 type 1	2C	Composite descriptive phrase	2	llm	multiple descriptors combined	G71485PH	1
GSD:8d7f339e-041d-5fb1-a248-0b53939bc648	oligogalacturonides	2B	Single descriptor phrase	2	llm	default fallback		1
GSD:da373448-e169-485a-af34-b0c9b1dc1f54	A9 type 1	2C	Composite descriptive phrase	2	llm	multiple descriptors combined		1
GSD:4128c067-002f-552f-80b1-b1ba152cce73	oligoglucosides	3A	Umbrella / glycoconjugate class	3	llm	generic polysaccharide term		1
GSD:e38531b1-27c9-4c6f-90f4-1fae8cb14ed6	A7 type 4	2C	Composite descriptive phrase	2	llm	upgraded from 2B: contains more than one component ('A7' and 'type 4') that together form an atypical label rather than a simple single descriptor.	G37830TX	1
GSD:17d4b1f6-7f34-5221-9454-43f9e00c5f98	oligomannose	1B	Named recurrent structural feature	1	llm	Recognized structural feature name		1
GSD:0b39b32b-2f19-537b-a733-8b030a6cf9dd	O-linked fucose	3B	Monosaccharide or named disaccharide	3	llm	modified monosaccharide		1
GSD:cedc6bdb-308e-465c-8c7c-0b6310214531	A8 type 1	2C	Composite descriptive phrase	2	llm	upgraded from 2B: contains two descriptors ('A8' and 'type 1')	G04715SK	1
GSD:da46ad44-aa13-4721-9f88-3cc1653846c0	A6 type 1	2C	Composite descriptive phrase	2	llm	Composite description – two descriptors present.	G82858KU	1
GSD:13993f7f-fa8d-4a13-a480-df77999b11f6	Disialosyl galactosyl globoside	1A	Canonical named glycan entity	1	curator	Curator-assigned classification (ground truth)	G97932OH	2
GSD:afbe055f-3a4d-4852-ae72-a74e7b5b6ffc	Sialosyl galactosyl globoside	1A	Canonical named glycan entity	1	curator	Curator-assigned classification (ground truth)	G32254QI	2
GSD:f376fe67-f636-4898-939e-23a2139e3e58	N-acetylglucosamine	3B	Monosaccharide or named disaccharide	3	curator	Curator-assigned classification (ground truth)	G64581RP	2
GSD:3a5c03e8-e8e4-50e5-9148-03bd2d061521	O-linked Glc-Gal disaccharide	2B	Single descriptor phrase	2	llm	descriptor + context noun		1
GSD:7ab6f00a-d9ba-4a59-8827-b204702c63d9	Globo-H	1A	Canonical named glycan entity	1	llm	Known glycan antigen	G98465JN	2
GSD:5d055261-38ac-47de-96e8-f59ece979d77	Globo-A	1A	Canonical named glycan entity	1	llm	named globo-series lipid	G37830TX	1
GSD:35d9d78c-107c-4b39-bf43-017fb62ecfa0	Forssman	1A	Canonical named glycan entity	1	curator	Curator-assigned classification (ground truth)	G72565QB	1
GSD:4fa785dd-0d6d-433a-8567-8e21efa8df8e	NeuGc-GM3	1A	Canonical named glycan entity	1	curator	Curator-assigned classification (ground truth)	G75789AR	1
GSD:2492d774-7ee5-590a-abf8-920a662f7221	O-linked glucose	3B	Monosaccharide or named disaccharide	3	llm	upgraded from 2B: Single monosaccharide		1
GSD:cfd82c73-ecd9-5aed-afd2-2a8504110238	O-linked keratan sulfate	1A	Canonical named glycan entity	1	llm	Keratan sulfate is a known GAG.		1
GSD:f422a3ed-87ae-4f9b-9534-dbdbb335288c	Monosialodihexosylganglioside	3A	Umbrella / glycoconjugate class	3	llm	generic ganglioside category	G91237TK	2
GSD:b0d84bd5-9ed4-50a8-bd4f-4c25eea96d25	O-linked mannose	2B	Single descriptor phrase	2	llm	descriptor plus context noun	G70323CJ	3
GSD:b2d19b21-c741-4f41-9282-beb1aace552f	Mannotriose	3B	Monosaccharide or named disaccharide	3	llm	upgraded from 2B: named free trisaccharide	G17780OR; G47395XN; G28528AG	3
GSD:63c7fd98-78ee-4d7b-9930-1df43cc45902	NeuGc-GM2	1A	Canonical named glycan entity	1	curator	Curator-assigned classification (ground truth)	G56478LD	1
GSD:eede026a-633a-577e-9f11-044f45476b06	O-linked sialoglycan	2B	Single descriptor phrase	2	llm	single descriptor with O‑linked context		1
GSD:54312b0e-10d5-48f2-a9fd-e0cba9e062ba	Tetraosylceramide	1A	Canonical named glycan entity	1	llm	Known globo-series glycolipid	G95034OI	1
GSD:8fbb3cd6-990c-57ec-bf3c-e6826c0b93ec	Outer arm fucose	1B	Named recurrent structural feature	1	llm	named recurring structural feature		1
GSD:2ac04667-bdc8-4d44-915d-8935d0ca5437	Hexaosylceramide	3A	Umbrella / glycoconjugate class	3	llm	generic glycosphingolipid	G83212YI	1
GSD:1ad134a3-1127-43b9-a8f7-b3c83b4c8798	Sulf-lactosylceramide	1A	Canonical named glycan entity	1	curator	Curator-assigned classification (ground truth)	G20044TD	1
GSD:a9cdd507-5984-5398-a41a-79a9dc01deb4	O-xylose-linked glycosaminoglycan	3A	Umbrella / glycoconjugate class	3	llm	umbrella glycosaminoglycan		1
GSD:24ed65cb-f624-5126-8f05-af4d87063b0f	P blood group antigens	1A	Canonical named glycan entity	1	llm	canonical P antigen		1
GSD:995a508c-70c2-50eb-b141-863139196fe1	pectin	1C	Non-GAG homo/hetero-polymer	1	regex	Listed non-GAG polymer.		1
GSD:b4f83ac5-e741-4787-93e6-efafd2149d60	Neolactohexosylceramide	3A	Umbrella / glycoconjugate class	3	llm	General glycolipid category	G84034JH	2
GSD:d51dc931-a3ca-5b24-a263-ae807bf9cb6e	phosphomannan	1C	Non-GAG homo/hetero-polymer	1	llm	Plant polysaccharide – mannan.		1
GSD:78cf4467-4e94-41de-b821-1c9eceb2738e	Chitobios	3B	Monosaccharide or named disaccharide	3	llm	upgraded from 2B: named free disaccharide	G07982RO	2
GSD:952df30c-5251-4ac1-afbb-b19256ecf82d	Fucose	3B	Monosaccharide or named disaccharide	3	curator	Curator-assigned classification (ground truth)	G82576YO	3
GSD:f2f7171a-ce36-5d80-b7f6-0ae02cc92d57	phosphopeptidomannan	2C	Composite descriptive phrase	2	llm	upgraded from 2B: The term combines more than one descriptive element—‘phospho‑’ indicating a phosphate modification and ‘peptido‑’ implying a peptide attachment—to form a composite glycoprotein structure rather than a simple single descriptor.		1
GSD:f50f4d92-6973-422f-a900-97e630106f94	Beta-linked galactose	3B	Monosaccharide or named disaccharide	3	llm	contains monosaccharide noun	G65889KE	1
GSD:197964ba-03d7-5f0a-ae09-b7a7e1fd478c	polyfucose branch	2B	Single descriptor phrase	2	llm	default fallback – ambiguous composite		1
GSD:74f9655a-3bfb-4e82-b535-4d68b8d9f88e	GL-III	2D	Glycoform shorthand code	2	llm	upgraded from 2B: Short alphanumeric glycoform-like shorthand	G19336PT	1
GSD:32f8e4bf-4bce-5880-822c-2bbe9e194237	polyglycosylceramide	3A	Umbrella / glycoconjugate class	3	llm	General glycolipid category		1
GSD:987dd6cc-a5f7-4846-8aa8-57d163e7549a	GL-II	2D	Glycoform shorthand code	2	llm	upgraded from 2B: Short alphanumeric glycoform-like label	G62971NJ	1
GSD:b587c37f-6e48-40a3-9ffc-b125d1a289b6	II3Neu5GcGg4Cer, GM1	1A	Canonical named glycan entity	1	curator	Curator-assigned classification (ground truth)	G24034CH	1
GSD:0a3ac62a-32cc-436d-92d9-761db7a26546	Antigen H	1A	Canonical named glycan entity	1	llm	canonical H blood‑group antigen	G88393MK	2
GSD:a1b6fffe-0c19-4bcf-8328-391beda92526	B Lewis b	1A	Canonical named glycan entity	1	curator	Curator-assigned classification (ground truth)	G60395SO	2
GSD:0dd4e8e2-283e-4426-8f4b-e509742740ab	A Lewis b	1A	Canonical named glycan entity	1	curator	Curator-assigned classification (ground truth)	G48600JD	2
GSD:3414ff02-7a95-507c-b1c0-efdc59904ea2	poly-lacto-N-biose	2B	Single descriptor phrase	2	llm	fallback – unclear category		1
GSD:3be2e6be-c24c-4b2c-983a-f270357dc199	Antigen A	1A	Canonical named glycan entity	1	llm	canonical ABO blood group A antigen	G58507AZ	2
GSD:99e7e9ac-4324-5ba3-bc57-1c68b48aba2a	polymannose	1C	Non-GAG homo/hetero-polymer	1	llm	Plant polysaccharide (mannan)		1
GSD:4ae11534-53f7-4194-bf74-00c70d4d8a81	G9-B	2D	Glycoform shorthand code	2	llm	shorthand glycoform code	G08855PJ	1
GSD:168bb902-d69d-4a2f-9739-1cf434d46db0	Sialyl Lewis x Lewis x	1A	Canonical named glycan entity	1	curator	Curator-assigned classification (ground truth)	G45215IJ	1
GSD:c7e0a3bf-3c8d-469c-8882-4690af15faf9	I-active ganglioside	2A	Linkage-specified substructure	2	curator	Curator-assigned classification (ground truth)	G03067VG; G28566CQ; G16194TN	4
GSD:b3b96d8e-5d7b-5cd5-adce-1c284a2a8086	polymannosyl N-glycan	2B	Single descriptor phrase	2	llm	descriptor+context noun		1
GSD:51762dc7-587b-4ff8-b77f-5e0680055146	NeuAca3-nLc8	2A	Linkage-specified substructure	2	llm	upgraded from 2B: contains explicit linkage annotation	G26036PN	1
GSD:5ffac077-d5c1-45b8-ba7a-219b725c7842	Fuc-gangliotetraosylceramide	1A	Canonical named glycan entity	1	curator	Curator-assigned classification (ground truth)	G57920AK	2
GSD:e335814b-5d3a-4a42-8ba4-8a83b208723e	3'-sialyl-N-acetyllactosamine	2A	Linkage-specified substructure	2	curator	Curator-assigned classification (ground truth)	G10203DW; G00065MO; G59168YE	4
GSD:2cd03630-ad1c-52c7-b888-7c495783fe10	poly-N-acetylglucosamine	2B	Single descriptor phrase	2	llm	default fallback		1
GSD:fdd7fa6f-f8e8-4d12-9898-6e021e70bb74	Sulf-gangliotetraosyl ceramide	3A	Umbrella / glycoconjugate class	3	llm	General ganglioside category	G96614JE	1
GSD:724fcd1c-5990-4d25-9355-19f9ac11d0a5	Sialyllactotetraosylceramide	1A	Canonical named glycan entity	1	curator	Curator-assigned classification (ground truth)	G72692DY; G79536OW	4
GSD:617e2f3f-8304-4d9a-a5f4-12ac942ce840	Sialylparagloboside	2A	Linkage-specified substructure	2	curator	Curator-assigned classification (ground truth)	G83513YI	2
GSD:03c46ab5-8868-4474-a3c9-794489fb014c	LSTa	1A	Canonical named glycan entity	1	llm	canonical glycan name	G21066IE	1
GSD:ab859950-7db8-4352-956d-91147f5ad60b	LSTc	1A	Canonical named glycan entity	1	curator	Curator-assigned classification (ground truth)	G21938SG	1
GSD:6b4d591f-cc04-56e8-a565-f8198ae070e4	poly-N-acetyllactosamine	2B	Single descriptor phrase	2	llm	generic glycan description	G00058MO	3
GSD:d97e02e9-3b72-4008-85e6-5a23a682ec3b	Sulfated sialyl-3-N-acetyllactosamine	2C	Composite descriptive phrase	2	llm	multiple descriptors – sulfated plus sialyl‑3‑N‑acetyl­lactosamine	G99745QX	2
GSD:1f3ca278-ac37-468c-9498-5916f9536eb8	6'-sialyl-N-acetyllactosamine	2A	Linkage-specified substructure	2	curator	Curator-assigned classification (ground truth)	G09376MR	2
GSD:d9342494-0eb5-4552-a675-396561124755	6-sulfo sialyl Lewis c	1A	Canonical named glycan entity	1	llm	canonical Lewis epitope	G93779QZ	2
GSD:68aeaab4-aaf3-5255-adab-08c0a0d5453d	polysaccharide A	1A	Canonical named glycan entity	1	llm	upgraded from 2B: ‘Polysaccharide A’ functions as a distinct named entity rather than a simple descriptor.		1
GSD:78ce0d7e-50a2-5e7b-aba2-98aa9bb1ef3d	pseudomurein	1C	Non-GAG homo/hetero-polymer	1	llm	non‑GAG microbial polysaccharide		1
GSD:095b3b63-f4e0-43d9-88b6-04efbfacb5d1	A-galactosylparagloboside	2B	Single descriptor phrase	2	llm	generic descriptor only	G60645OK	2
GSD:991b2b28-786c-4c9f-9f96-be45dcd6a5d3	Lactosylsulfatide	2C	Composite descriptive phrase	2	llm	compound of two descriptors	G20044TD	1
GSD:311d11b4-4abe-5b2e-942a-596c17524017	raffinose	3B	Monosaccharide or named disaccharide	3	llm	upgraded from 2B: named free oligosaccharide		4
GSD:e886760d-d2f8-4b96-a3c5-8be92de32995	B antigen	1A	Canonical named glycan entity	1	llm	canonical B blood group antigen	G58612ZQ	1
GSD:32bec96f-bd7c-5876-85ff-5a7ef6c01be7	Rhamnogalacturonan-II	1C	Non-GAG homo/hetero-polymer	1	llm	Plant pectin polymer		1
GSD:c98c2556-4954-4c81-bf75-73ad5299e18a	A antigen	1A	Canonical named glycan entity	1	llm	canonical ABO blood group A antigen	G55958KV; G71832QJ	3
GSD:d333d75f-dede-412f-946c-3dc7e8a8060c	H type 1 Lewis b	1A	Canonical named glycan entity	1	curator	Curator-assigned classification (ground truth)	G14300ZJ	2
GSD:8b097f6f-fdfb-4c04-b0e5-a2cea7eaae7b	B type 1 B Lewis b	1A	Canonical named glycan entity	1	curator	Curator-assigned classification (ground truth)	G94938PL	2
GSD:8997c662-6f3f-4d94-9311-69f2ceb80562	A type 1 A Lewis b	1A	Canonical named glycan entity	1	curator	Curator-assigned classification (ground truth)	G12068BR	2
GSD:7fc01df9-8288-52ae-934e-2e65dfab5a1d	Rhamnogalacturonan-I	1C	Non-GAG homo/hetero-polymer	1	llm	Plant pectin polymer		1
GSD:047b452e-badb-4c80-9187-62fed4a27b26	H type 1	1A	Canonical named glycan entity	1	llm	canonical ABH blood group epitope	G50899UD	3
GSD:ff4ec627-d237-5bcb-a389-251ba334d130	rhamnogalacturonan	1C	Non-GAG homo/hetero-polymer	1	llm	Plant polysaccharide		1
GSD:97e3ae1b-7f96-5148-8f6f-02eea317eef6	rhamnomannan	1C	Non-GAG homo/hetero-polymer	1	llm	Plant polysaccharide polymer		1
GSD:83ec4ae7-0110-45f1-8cd0-d6c83d59b811	H3	X	Outside scheme	X	llm	non‑glycan term	G66086EX	3
GSD:94ebb421-8203-442a-a0c5-2c0606ecd050	Precusor Lewis a	1A	Canonical named glycan entity	1	curator	Curator-assigned classification (ground truth)	G23041XK	2
GSD:e3ef0583-e447-564b-8ece-c17fb722d0c7	R-linked α-N-acetylglucosamine	3B	Monosaccharide or named disaccharide	3	llm	Modified monosaccharide		1
GSD:eebc53c2-1a42-47ba-a5d4-97bf40c52583	NeuGca2-3I	3B	Monosaccharide or named disaccharide	3	llm	monosaccharide-like term	G72494BI	1
GSD:352d7779-710f-403d-8d3d-b30eba33539a	NeuAca2-6I	2A	Linkage-specified substructure	2	curator	Curator-assigned classification (ground truth)	G37563FN	1
GSD:d31e9aa3-79ef-4ba8-a50c-ea26bee06af7	LNFP II	1A	Canonical named glycan entity	1	curator	Curator-assigned classification (ground truth)	G98173LG	1
GSD:7aae12f4-6597-4309-a3e9-7546e9c0cabd	Lacto-N-fucopentose	1A	Canonical named glycan entity	1	curator	Curator-assigned classification (ground truth)	G98173LG	1
GSD:b149418a-ba3f-56cb-aaef-e93051829234	sialofucosylated glycolipid	2C	Composite descriptive phrase	2	llm	multiple descriptors combined		1
GSD:1bc0d796-2195-4bb2-9c56-4dcd203988c2	Lactotetraose	3B	Monosaccharide or named disaccharide	3	llm	upgraded from 2B: named free oligosaccharide	G45827GY	4
GSD:3b6347fa-116a-58bd-94ef-2398080b4861	sialoglycan polymer	2B	Single descriptor phrase	2	llm	default fallback – unclear classification		1
GSD:b334431b-f3b0-400e-b6ef-3030b7a384de	Neolactotetrose	2B	Single descriptor phrase	2	llm	fallback – unclassified term	G48059CD	2
GSD:85de55d3-c7bc-5196-9eb1-80795c555e3e	sialoglycan	2B	Single descriptor phrase	2	llm	default fallback – unclear classification		1
GSD:d7f0789b-b978-488f-a490-b4836f89dda8	Sialyllacto-N-neotetraose	2C	Composite descriptive phrase	2	llm	multiple descriptors combined		1
GSD:55d8f287-8afd-4d1a-ae19-4e554542690a	N-glycan	3A	Umbrella / glycoconjugate class	3	curator	Curator-assigned classification (ground truth)	G90889KG; G28330DZ; G00027MO	3
GSD:b157895c-4432-56f2-b984-d30820a25a33	sialoglycolipid	3A	Umbrella / glycoconjugate class	3	llm	umbrella glycolipid category		1
GSD:be7d1884-cd32-4ed9-ac87-3a8f851da8e8	Gg4Cer II3-sulfate	3A	Umbrella / glycoconjugate class	3	llm	generic glycolipid family	G59508TM	2
GSD:35ef481e-71f9-5f52-8643-a36b9c465ab7	sialylated glycolipid	2C	Composite descriptive phrase	2	llm	modifier+umbrella		1
GSD:aff170d3-be1f-437b-977c-0679dbb5cc53	Sialyllacto-N-tetraose b	2C	Composite descriptive phrase	2	llm	upgraded from 2B: contains more than one descriptive element ('sialyllacto' and 'tetraose')	G32417JV	2
GSD:5cec9cca-54c1-4c73-b1a0-9369022a6772	NA2F	2D	Glycoform shorthand code	2	curator	Curator-assigned classification (ground truth)	G00998NI	1
GSD:397a5b93-23bc-4a7c-9bbf-3e109ef9ab6e	Glucose	3B	Monosaccharide or named disaccharide	3	curator	Curator-assigned classification (ground truth)	G15021LG	3
GSD:aae1cd9d-2ddc-4e71-8735-0145758e62bc	Extended GM1	1A	Canonical named glycan entity	1	curator	Curator-assigned classification (ground truth)	G03506YN	1
GSD:7d7d82c3-15e3-546f-a46d-f6187b6cbf2c	sialylated glycosphingolipid	2B	Single descriptor phrase	2	llm	descriptor + context noun		1
GSD:9740cd86-9d72-46da-b1f2-d7688dabe2a3	Galactose beta1	3B	Monosaccharide or named disaccharide	3	llm	monosaccharide noun	G68158BT	2
GSD:d6d5d9b1-e690-541d-b5fb-6b58d336553a	sialylated N-acetyllactosamine	2B	Single descriptor phrase	2	llm	descriptor+context		1
GSD:df3c0164-2cf1-43f0-ba5e-c7859d233dc2	alpha-oligomannoside	2B	Single descriptor phrase	2	llm	default classification	G29313LW; G07490EK; G51379UR	4
GSD:7a480935-95c0-4edc-b991-fa37750562f5	LSTc pentasaccharide	1B	Named recurrent structural feature	1	llm	Recognized glycobiology motif	G72506RN	1
GSD:38207d6d-3937-4f05-9e53-1b9a4a74231a	Blood group A type 2 tetrasaccharide	1A	Canonical named glycan entity	1	curator	Curator-assigned classification (ground truth)	G17108EX	1
GSD:6d57724b-f3a2-4282-b826-5ccb405044e0	C-Series Gangliosides Oligosaccharide / Gangliotetraosyl Core Structure	1B	Named recurrent structural feature	1	curator	Curator-assigned classification (ground truth)	G78818SP	2
GSD:502014c5-868e-4b38-a775-f5b03a9de9f9	Sialyl Lewis x-i	1A	Canonical named glycan entity	1	curator	Curator-assigned classification (ground truth)	G06597DS	3
GSD:13ff6e95-a4c6-413a-902b-da57bda5aaf7	Chindroitin Sulfate D Unit	1A	Canonical named glycan entity	1	curator	Curator-assigned classification (ground truth)	G46732TY	3
GSD:fe4cb8fe-8b19-4950-a0af-3ca980fa6a2b	Trifucosyl-Lewis b Antigen	1A	Canonical named glycan entity	1	curator	Curator-assigned classification (ground truth)	G74578MX	3
GSD:64014018-952d-47cc-833a-cffdd8521cc9	Trifucosyl-Lewis y Antigen	1A	Canonical named glycan entity	1	curator	Curator-assigned classification (ground truth)	G74917JX	3
GSD:5d18f8a7-9cb0-4db5-8718-466bb625a05e	6,6,6'-Sulfo LacNAc	1B	Named recurrent structural feature	1	curator	Curator-assigned classification (ground truth)	G41392LY	2
GSD:d7d55c70-54dc-45e8-9aba-246647b1ff7f	Lewis a (b1-3)Gal	1A	Canonical named glycan entity	1	curator	Curator-assigned classification (ground truth)	G28420BK	3
GSD:af2ee6a2-de00-40fa-9f66-4ce83635c84a	Neu5Ac(a2-3)Gal(b1)	2A	Linkage-specified substructure	2	curator	Curator-assigned classification (ground truth)	G30207PZ	2
GSD:350db0df-1c83-4f3e-91c8-acc6718b7b01	Neu5Gc(a2-8)Neu5Ac(a2-3)Gal	2A	Linkage-specified substructure	2	curator	Curator-assigned classification (ground truth)	G61424BA; G55286YY	4
GSD:a1e1998f-4faf-4dcf-88ef-ff0bac79b07b	Neu5Ac(a2-6)Gal	2A	Linkage-specified substructure	2	curator	Curator-assigned classification (ground truth)	G44345UH; G63069TR	6
GSD:054ecc16-e302-4c49-a1da-2aad7a3410f6	1-6 beta Galactan	1C	Non-GAG homo/hetero-polymer	1	curator	Curator-assigned classification (ground truth)	G69386QK	3
GSD:34ac07c6-2402-45d2-a005-e63be38de95b	Glucronoxylan	1C	Non-GAG homo/hetero-polymer	1	curator	Curator-assigned classification (ground truth)	G94091AV	3
GSD:ebe671f9-6e9a-470f-a12d-113df495a05f	Glucronoarabinoxylan	1C	Non-GAG homo/hetero-polymer	1	curator	Curator-assigned classification (ground truth)	G54315VV	3
GSD:98ba7955-897d-46fd-869d-f8415c81ba33	Blood group A antigen tetraose type 1	1A	Canonical named glycan entity	1	curator	Curator-assigned classification (ground truth)		1
GSD:ab5651c9-e7de-41ef-a6c9-a0ef49e1ec9a	Blood group A antigen hexaose type 1	1A	Canonical named glycan entity	1	curator	Curator-assigned classification (ground truth)		1
GSD:204df6fa-0e2a-4541-a11f-9470033d1368	Blood group A antigen hexaose type 2	1A	Canonical named glycan entity	1	curator	Curator-assigned classification (ground truth)		1
GSD:00a5fc9f-e729-463f-a0a1-26c3bdc57760	Blood group A antigen pentaose type 1	1A	Canonical named glycan entity	1	curator	Curator-assigned classification (ground truth)		1
GSD:f0603740-55d7-4f99-a298-25e63b7981b7	Blood group A antigen pentaose type 2	1A	Canonical named glycan entity	1	curator	Curator-assigned classification (ground truth)		1
GSD:340e2b87-7c2a-481b-ae77-d0265d0f17bc	Blood group A antigen pentaose type 4	1A	Canonical named glycan entity	1	curator	Curator-assigned classification (ground truth)		1
GSD:74bc8d30-d393-4c05-b633-75d282f3a16d	Blood group A antigen tetraose type 2	1A	Canonical named glycan entity	1	curator	Curator-assigned classification (ground truth)		1
GSD:9a4db0b1-195e-4e92-b3ea-b9d3dd20b0ec	Blood group A antigen tetraose type 5	1A	Canonical named glycan entity	1	curator	Curator-assigned classification (ground truth)		2
GSD:a746df8d-1808-4fe2-a499-0a782a8a6414	Blood group A antigen triose	1A	Canonical named glycan entity	1	curator	Curator-assigned classification (ground truth)		1
GSD:d1bd1752-7ffb-45f2-bdfe-af177bdc000a	Blood group A Lewis B antigen pentaose type1	1A	Canonical named glycan entity	1	curator	Curator-assigned classification (ground truth)		1
GSD:f5753280-5b0f-4ca8-a037-4b93c47c0c34	Blood group A Lewis Y antigen pentaose type2	1A	Canonical named glycan entity	1	curator	Curator-assigned classification (ground truth)		1
GSD:8b10472c-5ae1-4dd9-82b5-42474e3d7006	Blood group B antigen hexaose type 1	1A	Canonical named glycan entity	1	curator	Curator-assigned classification (ground truth)		1
GSD:49f91d95-20ac-4564-8f7b-67d2f9d26f5c	Blood group B antigen hexaose type 2	1A	Canonical named glycan entity	1	curator	Curator-assigned classification (ground truth)		1
GSD:56423b81-a3a9-4671-b3c9-d7594f838e46	Blood group B antigen pentaose type 1	1A	Canonical named glycan entity	1	curator	Curator-assigned classification (ground truth)		1
GSD:699f461e-f38f-4347-aa37-eacf41a0f7e6	Blood group B antigen pentaose type 2	1A	Canonical named glycan entity	1	curator	Curator-assigned classification (ground truth)		1
GSD:b69d56ae-bd20-4c66-a177-b976e7259123	Blood group B antigen pentaose type 4	1A	Canonical named glycan entity	1	curator	Curator-assigned classification (ground truth)		1
GSD:4c0b9c20-c99a-4e0c-9bc3-1617be290517	Blood group B antigen tetraose type 1	1A	Canonical named glycan entity	1	curator	Curator-assigned classification (ground truth)		1
GSD:801c9f6d-85f1-4e6c-955e-52ad0aeabbdd	Blood group B antigen tetraose type 2	1A	Canonical named glycan entity	1	curator	Curator-assigned classification (ground truth)		1
GSD:9681bd86-61d6-4e1f-ab5e-9378a22a71a4	Blood group B antigen tetraose type 5	1A	Canonical named glycan entity	1	curator	Curator-assigned classification (ground truth)		1
GSD:9594131c-9116-414f-9cfd-566ad3d4c478	Blood group B antigen triose	1A	Canonical named glycan entity	1	curator	Curator-assigned classification (ground truth)		1
GSD:667ae06c-682f-4c96-bef2-6b89758f3e38	Blood group B Lewis Y antigen pentaose type1	1A	Canonical named glycan entity	1	curator	Curator-assigned classification (ground truth)		1
GSD:289eb971-7325-4729-aef5-13b36e8c4809	Blood group B Lewis Y antigen pentaose type2	1A	Canonical named glycan entity	1	curator	Curator-assigned classification (ground truth)		1
GSD:ba18fda6-78b4-4a7a-8b40-177fa0fa324c	3-Fucosylated Blood group B tetraose	1A	Canonical named glycan entity	1	curator	Curator-assigned classification (ground truth)		2
GSD:47976965-5801-46c6-a231-c3df947bd023	Blood group H antigen pentaose type 2	1A	Canonical named glycan entity	1	curator	Curator-assigned classification (ground truth)		1
GSD:6c156c28-1651-4ca4-afd2-14435c40d69f	Blood group H antigen tetraose type 1	1A	Canonical named glycan entity	1	curator	Curator-assigned classification (ground truth)		2
GSD:40f5bc45-40d6-45c8-9499-1e154f0371e1	Blood group H antigen tetraose type 2	1A	Canonical named glycan entity	1	curator	Curator-assigned classification (ground truth)		1
GSD:2e01cb56-1c85-4da0-b45a-faa7d99709a8	Blood group H antigen triaose type 2	1A	Canonical named glycan entity	1	curator	Curator-assigned classification (ground truth)		1
GSD:d1b2db9c-7d8f-4aee-a68c-beed7eee83e3	Blood group H antigen triose type 1	1A	Canonical named glycan entity	1	curator	Curator-assigned classification (ground truth)		1
GSD:a09d6b11-5a98-4a18-8ed6-d9ca363aeac6	Blood group H antigen triose type 3	1A	Canonical named glycan entity	1	curator	Curator-assigned classification (ground truth)		1
GSD:8355ca1a-48c4-47ec-8201-d3041c6aa36e	Blood group H antigen triose type 4	1A	Canonical named glycan entity	1	curator	Curator-assigned classification (ground truth)		1
GSD:6029dc10-955e-4e41-9a2f-f54237e05dfc	Blood group H antigen triose type 5	1A	Canonical named glycan entity	1	curator	Curator-assigned classification (ground truth)		2
GSD:fa6edfd3-6f93-4dbe-adbb-8166a50040ad	Blood group H antigen triose type 6	1A	Canonical named glycan entity	1	curator	Curator-assigned classification (ground truth)		1
GSD:8b378e99-6047-495c-b1a4-ce5f5644df88	Lacto-N-fucopentaose I	1A	Canonical named glycan entity	1	curator	Curator-assigned classification (ground truth)		1
GSD:fe489914-8a27-4022-b2d1-0ea53e867cf6	LNT-2	1A	Canonical named glycan entity	1	curator	Curator-assigned classification (ground truth)		3
GSD:91252642-e48c-4932-b194-16ec992c09db	Blood group H antigen tetraose type 4	1A	Canonical named glycan entity	1	curator	Curator-assigned classification (ground truth)		1
GSD:f93c2ef9-4472-4b87-a2f1-e8237e32833d	a2-3 Neu5Ac on Core 1	1A	Canonical named glycan entity	1	curator	Curator-assigned classification (ground truth)		1
GSD:62a8ffaf-7eaf-4962-a6f4-4baff423fc2d	Core type 1 triose	1A	Canonical named glycan entity	1	curator	Curator-assigned classification (ground truth)		1
GSD:ae48a74d-d1b8-4a14-8471-2ea40adfc2d4	Lacto-N-triose	1A	Canonical named glycan entity	1	curator	Curator-assigned classification (ground truth)		1
GSD:e8039e25-c8ee-4ee6-ac5b-9c8bfedc5692	a-Galactose on Core 2	1A	Canonical named glycan entity	1	curator	Curator-assigned classification (ground truth)		2
GSD:c825910c-ff52-403c-b979-08a09f63b61a	b-galactosylated Core 2	1A	Canonical named glycan entity	1	curator	Curator-assigned classification (ground truth)		1
GSD:3e38e938-b0d1-457b-8f06-9889eb85b643	Core type 2 triose	1A	Canonical named glycan entity	1	curator	Curator-assigned classification (ground truth)		1
GSD:9d04152c-abc9-4677-a8be-5ff38f0300a7	disialyl Core 2	1A	Canonical named glycan entity	1	curator	Curator-assigned classification (ground truth)		1
GSD:936957cb-4c40-4cc2-8151-be860efc525e	disialyl Core 2 with sLex on Core 2	1A	Canonical named glycan entity	1	curator	Curator-assigned classification (ground truth)		1
GSD:29049212-2b78-47d3-b702-13a21d1803ad	Lacto-N-neooctaose	1A	Canonical named glycan entity	1	curator	Curator-assigned classification (ground truth)		1
GSD:7878f196-5c52-451d-baf3-1befe39cf759	LN3 Type 2	1A	Canonical named glycan entity	1	curator	Curator-assigned classification (ground truth)		1
GSD:16f61166-6588-4bf9-bc25-fc42fdcb58ef	Para-Lacto-N-neohexaose	1A	Canonical named glycan entity	1	curator	Curator-assigned classification (ground truth)		1
GSD:d1569968-8aa0-4433-8654-f0d1b2e2fa29	SLex on Core 2	1A	Canonical named glycan entity	1	curator	Curator-assigned classification (ground truth)		1
GSD:d8fd1cf3-9f83-446c-b157-c0877660e89a	N-Acetyl-D-Lactosamine	2A	Linkage-specified substructure	2	curator	Curator-assigned classification (ground truth)		1
GSD:664a9881-a4b2-4768-ad1c-a25d04ac9fe1	Core type 4	1A	Canonical named glycan entity	1	curator	Curator-assigned classification (ground truth)		1
GSD:63d1b2e1-c498-4b74-9d58-02f06e2975a2	3'-sulpho Lewis A	1A	Canonical named glycan entity	1	curator	Curator-assigned classification (ground truth)		2
GSD:385aa671-5315-47ac-a1e3-121d7bb80e7c	Fuc-(GlcNAc-Man-(Gal-GlcNAc-Man)-Man-GlcNAc)-GlcNAc	2A	Linkage-specified substructure	2	curator	Curator-assigned classification (ground truth)		1
GSD:ad477b49-fa65-45e5-a775-e79ef08e82c7	3S-Gal-4(Fuc)-GlcNAc	2A	Linkage-specified substructure	2	curator	Curator-assigned classification (ground truth)		1
GSD:1f40eca7-483b-45dd-9f20-74e461b4841d	a-3Galactosyl-3Fucosyllactose	2A	Linkage-specified substructure	2	curator	Curator-assigned classification (ground truth)		1
GSD:38f42809-8acc-459c-9a7e-09b571e40763	a-4Galactosyl-3Fucosyllactose	2A	Linkage-specified substructure	2	curator	Curator-assigned classification (ground truth)		1
GSD:936782ac-285b-4f5d-aef2-c1f18cdeea8a	3-Fucosylated Blood group A tetraose	1A	Canonical named glycan entity	1	curator	Curator-assigned classification (ground truth)		1
GSD:1a74fb04-5e25-4b9f-8320-827ccdd7b936	3-Fucosyllactose	1A	Canonical named glycan entity	1	curator	Curator-assigned classification (ground truth)		1
GSD:4b6d94b3-6245-4fd6-9860-767c58db5822	A-tetra Lactose	2A	Linkage-specified substructure	2	curator	Curator-assigned classification (ground truth)		1
GSD:11f069a8-f66a-444d-976b-34cc3f770fe4	A-tetra type 2	2A	Linkage-specified substructure	2	curator	Curator-assigned classification (ground truth)		3
GSD:d5734174-4170-495c-8c1b-5e2fa84744c7	B-tetra Lactose	2A	Linkage-specified substructure	2	curator	Curator-assigned classification (ground truth)		1
GSD:d2e257ae-5aa4-4e90-9119-b65bb0ae3df5	B-tetra type 2	2A	Linkage-specified substructure	2	curator	Curator-assigned classification (ground truth)		3
GSD:84e1a985-e75d-4914-8834-4e5ec6c1307e	Difucosyllactose	2A	Linkage-specified substructure	2	curator	Curator-assigned classification (ground truth)		1
GSD:db1c3c2e-a27d-45db-832d-0c6e090f978a	Lacto-N-neofucopentaose	1A	Canonical named glycan entity	1	curator	Curator-assigned classification (ground truth)		1
GSD:0c098724-4ce1-43ad-af27-11ed5885aa5d	Chondroitin tetrasaccharide	2A	Linkage-specified substructure	2	curator	Curator-assigned classification (ground truth)		1
GSD:66cd1dd7-b3bf-5df6-b3c3-69e6354149e1	sialylated N-glycan	2B	Single descriptor phrase	2	llm	descriptor plus N‑glycan		1
GSD:059af24a-04af-4571-bece-fedf9e4e3976	Heparin decasaccharide	1A	Canonical named glycan entity	1	llm	canonical GAG entity		1
GSD:54c295a9-b652-4ac2-984f-0e82e1bd162c	Heparin heptasaccharide	1A	Canonical named glycan entity	1	llm	canonical GAG entity		1
GSD:2f79f606-6a5c-5ac0-ae1f-b931f02464ef	sialylated O-GalNAc glycan	2B	Single descriptor phrase	2	llm	single descriptor + context noun		1
GSD:c48178c5-17f0-4fd4-bd34-5ad6eae65ad3	Heparin hexasaccharide	1A	Canonical named glycan entity	1	llm	canonical GAG name		1
GSD:846e7a18-60cf-5ee0-bc8a-337519077430	sialylated O-glycan	2C	Composite descriptive phrase	2	llm	descriptor + noun		1
GSD:56de2988-f0d7-4e2c-ac18-1c1953978a94	Heparin nonasaccharide	1A	Canonical named glycan entity	1	llm	canonical GAG name		1
GSD:56c1c4e3-2f6b-59db-b7c5-46e6567feea0	sialyl-Tn antigen	1A	Canonical named glycan entity	1	llm	canonical tumor-associated antigen		4
GSD:96329dbf-4f65-50bc-899b-539e25568d12	Siaα2-3Galβ1-4GlcNAc	2A	Linkage-specified substructure	2	regex	Explicit linkage notation present.		1
GSD:e04fcc39-8f52-5bae-8af2-bd7eafdf3b15	Siaα2-6Galβ1-4GlcNAc	2A	Linkage-specified substructure	2	regex	Explicit linkage notation present.	G03509EL	2
GSD:1513e789-622d-4ab0-9ce5-36270f962ceb	Heparin octasaccharide	1A	Canonical named glycan entity	1	llm	canonical GAG name		1
GSD:7dfddd82-e3ae-57a6-a604-155faf7ca2a8	S-linked glucose	3B	Monosaccharide or named disaccharide	3	llm	monosaccharide noun		1
GSD:ad85463a-3111-5186-94b3-b074cddaead4	starch	1C	Non-GAG homo/hetero-polymer	1	regex	Listed non-GAG polymer.		1
GSD:da8b2e0c-0aa4-45f3-9e32-7b46bb1a3ba7	Heparin pentasaccharide	1A	Canonical named glycan entity	1	llm	named GAG entity		1
GSD:2ecd47eb-1349-5683-b84c-d6986496c78d	sulfated galactan	1C	Non-GAG homo/hetero-polymer	1	llm	Plant polysaccharide – sulfated galactan		1
GSD:c1fa446f-e0b7-44d6-a0fb-32345cc51446	Heparin tetrasaccharide	1A	Canonical named glycan entity	1	llm	canonical GAG entity		1
GSD:e76b7010-a089-42e3-8bff-14661528be9f	Hyalonuric acid hexasaccharide	2A	Linkage-specified substructure	2	curator	Curator-assigned classification (ground truth)		1
GSD:c4d827c7-d23b-4380-aa8c-06f3f6320d84	Hyalonuric acid tetrasaccharide	2A	Linkage-specified substructure	2	curator	Curator-assigned classification (ground truth)		1
GSD:e54c7fd2-9153-4ea2-ad24-bdcb1eebb13b	Hyaluronic acid hexasaccharide	2A	Linkage-specified substructure	2	curator	Curator-assigned classification (ground truth)		2
GSD:54919b62-c173-476a-a8c7-76e71093a3ba	Xeno lewis X	1A	Canonical named glycan entity	1	curator	Curator-assigned classification (ground truth)		1
GSD:2e78d899-84d1-46cc-881d-b95a972a7be2	Xeno lewis a	1A	Canonical named glycan entity	1	curator	Curator-assigned classification (ground truth)		1
GSD:598bace5-65e5-4099-b69a-8309869023e7	Galili antigen pentaose	1A	Canonical named glycan entity	1	curator	Curator-assigned classification (ground truth)		1
GSD:2c0a815e-bdba-4872-a6e6-27bc82990548	Galili-tri	1A	Canonical named glycan entity	1	curator	Curator-assigned classification (ground truth)		3
GSD:08fe30da-c16f-408b-b653-0a483772e05e	Xeno antigen type 1	1A	Canonical named glycan entity	1	curator	Curator-assigned classification (ground truth)		1
GSD:1be0d162-e7a8-4569-a3f8-e5328599c6bd	Xeno antigen type 2	1A	Canonical named glycan entity	1	curator	Curator-assigned classification (ground truth)		1
GSD:633ac980-2249-4dcb-925b-d2d5342ac673	Isoglobopentaose (iGB5)	1A	Canonical named glycan entity	1	curator	Curator-assigned classification (ground truth)		1
GSD:e0c82481-c093-4c49-a100-015f5f128086	Isoglobotetraose	1A	Canonical named glycan entity	1	curator	Curator-assigned classification (ground truth)		1
GSD:7b856b41-1677-461c-99d7-e25aeddf8ecf	Isoglobotriose	1A	Canonical named glycan entity	1	curator	Curator-assigned classification (ground truth)		3
GSD:2f335a9a-d1b7-425b-b8e9-febb8a3d149d	Neu5Ac a2-3 Gal b1-4 Glc b	2A	Linkage-specified substructure	2	curator	Curator-assigned classification (ground truth)		1
GSD:aeb34b0b-0d0b-4879-8b95-adea2e5ee0db	GPI anchor	1A	Canonical named glycan entity	1	curator	Curator-assigned classification (ground truth)	G46392BZ; G00045MO	3
GSD:50bd5cc3-a7af-4947-8611-3338bce8c73a	3'-SiaDi-LN	1A	Canonical named glycan entity	1	curator	Curator-assigned classification (ground truth)		1
GSD:b0a837cb-af50-48ab-af6e-b7f078dcd176	3'-Sialyl-Lewis c	1A	Canonical named glycan entity	1	curator	Curator-assigned classification (ground truth)		1
GSD:388663f8-6c7f-4748-960e-29c5f5267f3a	3'-su-Lewis x	1A	Canonical named glycan entity	1	curator	Curator-assigned classification (ground truth)		1
GSD:180d4ba7-364b-41d2-9011-ddce41e4c1fa	6-su-GalNAc-SiaLewis x	1A	Canonical named glycan entity	1	curator	Curator-assigned classification (ground truth)		1
GSD:0dc479ed-9999-4e5c-aedd-a5574d3761bf	6-su-Gal-SiaLewis x	1A	Canonical named glycan entity	1	curator	Curator-assigned classification (ground truth)		1
GSD:9bc83eae-4031-4af1-b020-067a6e2b6349	di-Lewis x	1A	Canonical named glycan entity	1	curator	Curator-assigned classification (ground truth)		1
GSD:ce926418-91d0-4855-8178-ca5e0c497c98	Lewis a Lewis x	1A	Canonical named glycan entity	1	curator	Curator-assigned classification (ground truth)		1
GSD:b60bfa39-945f-4c1a-9276-fd74ff0eed98	Lewis a LN	1A	Canonical named glycan entity	1	curator	Curator-assigned classification (ground truth)		1
GSD:7dc509b1-7249-4c61-933b-0d43d0607564	Lewis a triose	1A	Canonical named glycan entity	1	curator	Curator-assigned classification (ground truth)		1
GSD:30b03c07-f79c-425b-b5ff-6d6089c048d1	Lewis b pentaose	1A	Canonical named glycan entity	1	curator	Curator-assigned classification (ground truth)		1
GSD:164b1326-ab43-4c6d-896f-432170b59a63	Lewis b tetraose	1A	Canonical named glycan entity	1	curator	Curator-assigned classification (ground truth)		1
GSD:7d2482e9-3b02-405f-bba6-9c215db9fbd6	Lewis c	1A	Canonical named glycan entity	1	curator	Curator-assigned classification (ground truth)	G00049MO	3
GSD:e3e28980-b27f-4e23-8583-dcfc336094fc	Lewis X hexaose	1A	Canonical named glycan entity	1	curator	Curator-assigned classification (ground truth)		1
GSD:feb39059-c793-4824-9b59-817b382ea413	Lewis x on Core 2	1A	Canonical named glycan entity	1	curator	Curator-assigned classification (ground truth)		1
GSD:9c1c273e-5f38-49e7-bf5e-ae0bab8f5011	Lewis X tetraose	1A	Canonical named glycan entity	1	curator	Curator-assigned classification (ground truth)		2
GSD:a57ec013-3fba-4597-9ad0-639e41d73f0f	Lewis x triaose	1A	Canonical named glycan entity	1	curator	Curator-assigned classification (ground truth)		1
GSD:9ced2c9c-f8d2-484b-9359-d258e4caad16	Lewis y Lewis x	1A	Canonical named glycan entity	1	curator	Curator-assigned classification (ground truth)		1
GSD:c6824960-4812-41cd-a84b-91c1929c7f21	Lewis y pentaose	1A	Canonical named glycan entity	1	curator	Curator-assigned classification (ground truth)		1
GSD:333e5932-8f42-49e1-9ebe-68750ab11dd8	Lewis y tetraose	1A	Canonical named glycan entity	1	curator	Curator-assigned classification (ground truth)		1
GSD:2b2d7fad-fac6-4081-8b1a-36e9b1bd612c	Sialyl Lewis X (sLeX) pentaose	1A	Canonical named glycan entity	1	curator	Curator-assigned classification (ground truth)		1
GSD:204af080-79f1-404c-a8ae-937563254cf3	Slex-Lex	1A	Canonical named glycan entity	1	curator	Curator-assigned classification (ground truth)		1
GSD:2d4e4f96-f318-44fe-acac-465b64678612	SLex-Lex-Lex	1A	Canonical named glycan entity	1	curator	Curator-assigned classification (ground truth)		1
GSD:280335d7-446e-47e8-a383-bff3af60e7eb	tri-Lewis x	1A	Canonical named glycan entity	1	curator	Curator-assigned classification (ground truth)		2
GSD:6e6cbe2a-931c-4de2-9248-a2b713d018d1	Sialyl Lewis a tetroase	1A	Canonical named glycan entity	1	curator	Curator-assigned classification (ground truth)		1
GSD:b1cca1fb-226b-4c26-85d1-8f83186163de	Sulfo Lewis X	1A	Canonical named glycan entity	1	curator	Curator-assigned classification (ground truth)		1
GSD:995a1dec-e470-4583-bda2-17dd8778c981	Gal b1-4 GalNAc b1-4 Gal b1-4 Glc b	2A	Linkage-specified substructure	2	curator	Curator-assigned classification (ground truth)		1
GSD:78e57684-932d-4b0e-9111-88c999354c7d	3'-KDN-Lewis c	1A	Canonical named glycan entity	1	curator	Curator-assigned classification (ground truth)		1
GSD:3ce28714-a523-447e-adf4-a064570364d1	3'-KDNLN	2A	Linkage-specified substructure	2	curator	Curator-assigned classification (ground truth)		3
GSD:0341ec9b-8fa7-4d7a-8530-54416a16af62	6P-Man3	2A	Linkage-specified substructure	2	curator	Curator-assigned classification (ground truth)		1
GSD:7acb83cf-3b57-42a5-b515-923983c2f9f6	deoxy Chitotetraose	2A	Linkage-specified substructure	2	curator	Curator-assigned classification (ground truth)		2
GSD:cbf548b9-c573-4b53-a512-365640822c2c	deoxy Chitotriose	2A	Linkage-specified substructure	2	curator	Curator-assigned classification (ground truth)		2
GSD:db16e317-e2e9-45ad-b336-82f25a59de23	Fuc-Gal-Xyl	2A	Linkage-specified substructure	2	curator	Curator-assigned classification (ground truth)		1
GSD:2c2e42c2-91ad-4ce8-bdb5-7b0320785e8a	Gal a(1-3') LacNAc	1B	Named recurrent structural feature	1	curator	Curator-assigned classification (ground truth)		1
GSD:cf3288aa-7957-4cb4-8a48-046c90f82bf7	Gal-GalNAc-(Neu5Ac)-Gal-Glc	2A	Linkage-specified substructure	2	curator	Curator-assigned classification (ground truth)		1
GSD:4eae2528-1e09-411e-b5b8-8ef917653095	Gal-GlcNAc-(Gal-GlcNAc)-Gal	2A	Linkage-specified substructure	2	curator	Curator-assigned classification (ground truth)		1
GSD:d1ba6dce-d1db-4230-8db8-119a82287b08	GalNAc-(Fuc)-Gal-Glc	2A	Linkage-specified substructure	2	curator	Curator-assigned classification (ground truth)		1
GSD:76843f54-6102-406a-99ea-283cdac31a50	GlcNAc b(1-3') LacNAc	2A	Linkage-specified substructure	2	curator	Curator-assigned classification (ground truth)		1
GSD:ba5cc989-0f95-4b86-acc6-57eac381e308	GlcNAc b(1-4,6) GalNAc	2A	Linkage-specified substructure	2	curator	Curator-assigned classification (ground truth)		1
GSD:ce8b5104-60e0-4c87-8d54-b8ddb941f4db	GlcNAc-(Fuc)-GlcNAc	2A	Linkage-specified substructure	2	curator	Curator-assigned classification (ground truth)		1
GSD:eef316f7-dd64-44ba-8029-257821947c8a	GlcNAc-Gal-Glc	2A	Linkage-specified substructure	2	curator	Curator-assigned classification (ground truth)		1
GSD:f198ae37-5851-4818-bb41-672f8d81affd	GlcNAc-Man-(GlcNAc-Man)-Man	2A	Linkage-specified substructure	2	curator	Curator-assigned classification (ground truth)		1
GSD:c0274743-a6e7-4d6e-b879-3ee4e80440d1	Neu5Ac-Gal-(Fuc)-GlcNAc-OMe	2A	Linkage-specified substructure	2	curator	Curator-assigned classification (ground truth)		1
GSD:37efc8b5-77e4-4d0d-9d1b-424997c0544d	Neu5Ac-Gal-(Neu5Ac)-GlcNAc	2A	Linkage-specified substructure	2	curator	Curator-assigned classification (ground truth)		1
GSD:693f7482-73a3-4f83-ac58-0ad8d25b2c74	Tk	2A	Linkage-specified substructure	2	curator	Curator-assigned classification (ground truth)		1
GSD:b1d25623-17c2-4020-b038-fa24a69eda9f	Gal b1-4 GalNAc b1-4 Gal b1-4 Glc	2A	Linkage-specified substructure	2	curator	Curator-assigned classification (ground truth)		1
GSD:e58c8291-01db-4a5f-93e8-e4081c3e4cd5	Galactosyl lactose	3C	Association-defined glycan marker	3	curator	Curator-assigned classification (ground truth)		2
GSD:1a899805-78e7-4c0b-ba92-53131e675270	Fucosylated A antigen type 5	1A	Canonical named glycan entity	1	curator	Curator-assigned classification (ground truth)		1
GSD:538b482d-cdc0-4f6d-9708-30013dc4f5c6	Fucosylated B antigen type 5	1A	Canonical named glycan entity	1	curator	Curator-assigned classification (ground truth)		1
GSD:8819f540-2b81-4ecf-a7d1-954288ea66b0	Chitohexose	2A	Linkage-specified substructure	2	curator	Curator-assigned classification (ground truth)		1
GSD:a24044c2-5561-4611-b040-908196b86ec5	Chitopentose	2A	Linkage-specified substructure	2	curator	Curator-assigned classification (ground truth)		1
GSD:721f9a33-e7d5-4030-8aa6-843fe555a2cf	Chitotetraose	2A	Linkage-specified substructure	2	curator	Curator-assigned classification (ground truth)		1
GSD:fd773dee-7300-4ce2-8eef-c7565adc735a	Chitotriose	2A	Linkage-specified substructure	2	curator	Curator-assigned classification (ground truth)		1
GSD:25e88358-b3a4-45d3-87bd-9b2db024b964	Chitopentaose	2A	Linkage-specified substructure	2	curator	Curator-assigned classification (ground truth)		1
GSD:9eea6970-5fd2-4028-ad0e-69e53ce5b977	Chitohexaose	2A	Linkage-specified substructure	2	curator	Curator-assigned classification (ground truth)		1
GSD:abba1fe0-a3ff-43b1-bbb6-9f87436b4f41	As-Fibrinogen	3C	Association-defined glycan marker	3	curator	Curator-assigned classification (ground truth)		2
GSD:bc2640fd-a8f4-4eb6-a034-d48e26dd8837	asialo-, agalacto-N-glycan from porcine fibrinogen	3C	Association-defined glycan marker	3	curator	Curator-assigned classification (ground truth)		2
GSD:9740ea72-408d-44f7-b4af-2cbc0b775db1	di-sialylated N-glycan from porcine fibrinogen	3C	Association-defined glycan marker	3	curator	Curator-assigned classification (ground truth)		1
GSD:3011b3f6-7698-4446-8f7b-cb9376be9fa5	2'-F-Di-LN	1B	Named recurrent structural feature	1	curator	Curator-assigned classification (ground truth)		1
GSD:54d21c55-49fc-4294-b532-9da639847a22	3-SLDN	1B	Named recurrent structural feature	1	curator	Curator-assigned classification (ground truth)		3
GSD:5241433c-1e8b-4a4f-9092-7ffa701dd222	6'-SiaDi-LN	1B	Named recurrent structural feature	1	curator	Curator-assigned classification (ground truth)		1
GSD:ab6751e8-61e4-4688-bf9e-e3dfa8b3d6a3	Sialylated LDN	1B	Named recurrent structural feature	1	curator	Curator-assigned classification (ground truth)	G55583HW	6
GSD:f6b66d2a-b2dc-4040-991c-4f4bd1493ca6	Bi-LDN	1B	Named recurrent structural feature	1	curator	Curator-assigned classification (ground truth)		1
GSD:b50e54e4-22ba-49a2-ac78-b4f964ee787e	Fuc a(1-3) Lac-di-Nac	2A	Linkage-specified substructure	2	curator	Curator-assigned classification (ground truth)		1
GSD:5e2afc6f-ad8f-44b7-88ba-8804264bd8c0	4' sulfo Lewis X	1A	Canonical named glycan entity	1	curator	Curator-assigned classification (ground truth)		1
GSD:20038fd4-69d6-475d-a0b9-9fc7083a454a	6-LacNAc-TF	1A	Canonical named glycan entity	1	curator	Curator-assigned classification (ground truth)		1
GSD:be9bde39-92e3-455d-b92d-cb0ef85b9363	6-Siab-TF	1A	Canonical named glycan entity	1	curator	Curator-assigned classification (ground truth)		1
GSD:0d2dd2c6-4887-4c3e-99c5-1c8e91673939	6'-SiaaTF	1A	Canonical named glycan entity	1	curator	Curator-assigned classification (ground truth)		1
GSD:c2bf7543-21f5-424c-9226-3884b2a3f6da	GlcNAc b(1-2') TF	1A	Canonical named glycan entity	1	curator	Curator-assigned classification (ground truth)		1
GSD:fd2d398b-bcb6-4b87-a633-070ad22d12a4	3,6-(LacNAc)2Tn	1A	Canonical named glycan entity	1	curator	Curator-assigned classification (ground truth)		1
GSD:b87f07e6-1235-487b-9c05-26d1da25fe90	3-6-STn	1A	Canonical named glycan entity	1	curator	Curator-assigned classification (ground truth)		1
GSD:827b6b74-ee96-4475-b655-a8bc960bfc24	3-LacNAc-Tn	1A	Canonical named glycan entity	1	curator	Curator-assigned classification (ground truth)		1
GSD:cd763a64-a6dc-4eab-b937-3e33ae1cd3b3	6-LacNAc-Tn	1A	Canonical named glycan entity	1	curator	Curator-assigned classification (ground truth)		2
GSD:2e136781-dbab-43f5-8d55-f9050c469095	Disialosylpentaose	2A	Linkage-specified substructure	2	curator	Curator-assigned classification (ground truth)		1
GSD:709ec08c-7730-4d2b-bdd3-37e18002054a	(Man)2-GlcNAc	2D	Glycoform shorthand code	2	curator	Curator-assigned classification (ground truth)		2
GSD:5b1b3271-118b-41d7-b8a7-2fc2970d8e4a	(Man)3a	2D	Glycoform shorthand code	2	curator	Curator-assigned classification (ground truth)		1
GSD:dcf167a2-1224-42e7-b68d-59a07b0afe56	(Man)3b	2D	Glycoform shorthand code	2	curator	Curator-assigned classification (ground truth)		1
GSD:f33eeb8f-d2e9-4832-8cfc-0758b19411a8	(Man)4	2D	Glycoform shorthand code	2	curator	Curator-assigned classification (ground truth)		1
GSD:535af70e-54e7-4928-99b4-09d111e22eca	(Man)4-(Fuc)-GlcNAc	2D	Glycoform shorthand code	2	curator	Curator-assigned classification (ground truth)		1
GSD:f3f26cb2-1a6d-44f8-a7b7-90e8593eb152	(Man)6 (GlcNAc)2	2D	Glycoform shorthand code	2	curator	Curator-assigned classification (ground truth)		1
GSD:130b1623-97bd-41dd-ae81-c363898b7d4e	(Man)9-GlcNAc-GlcNAc	2D	Glycoform shorthand code	2	curator	Curator-assigned classification (ground truth)		1
GSD:3023b2bd-9c24-456f-ac60-a4c12e1d30b6	Gal-GlcNAc-Man-(Gal-GlcNAc-Man)-Man-GlcNAc	2A	Linkage-specified substructure	2	curator	Curator-assigned classification (ground truth)		2
GSD:e62cbcaf-d685-4d21-a04a-85e288b3e6eb	Man-3 chitobiose core Fuc	2C	Composite descriptive phrase	2	curator	Curator-assigned classification (ground truth)		2
GSD:ce7c690a-e8e2-4cff-9eea-efde676c1bcd	Mono-sialylated N-glycan from porcine fibrinogen	3C	Association-defined glycan marker	3	curator	Curator-assigned classification (ground truth)		1
GSD:bad3690e-064c-4053-9af5-01ab6d2cc1f4	N-glycan mixture from horseradish peroxidase	3C	Association-defined glycan marker	3	curator	Curator-assigned classification (ground truth)		2
GSD:bcafb14a-4f09-4acd-9c6f-46431c77b052	N-Man5 GlcNAc 1-4	2D	Glycoform shorthand code	2	curator	Curator-assigned classification (ground truth)		2
GSD:7020a983-8509-456b-84b4-7ae743b76012	tri-sialylated N-glycan from porcine fibrinogen	3C	Association-defined glycan marker	3	curator	Curator-assigned classification (ground truth)		1
GSD:acb6fa1f-9ffa-4722-b38b-6db59a8e5cb4	Man a1-2 Man a1-6 Man a1-6 (Man a1-2 Man a1-3) Man b1-4 GlcNAc b1-4 GlcNAc b	2A	Linkage-specified substructure	2	curator	Curator-assigned classification (ground truth)		1
GSD:30b5e6f6-24c2-4c15-982d-2acb659a473b	Man a1-3 (Man a1-6) Man	2A	Linkage-specified substructure	2	curator	Curator-assigned classification (ground truth)		2
GSD:0abc3c13-5074-412f-8159-bcbd8120ae0c	Sialylated triose type 1	1B	Named recurrent structural feature	1	curator	Curator-assigned classification (ground truth)		1
GSD:74e6254f-22cd-420b-9ede-328ee335a133	Neu5Ac-Gal-(Neu5Ac)-deoxy-GalNAc	2A	Linkage-specified substructure	2	curator	Curator-assigned classification (ground truth)		1
GSD:6b8eae12-0090-407e-899d-ce52a3463a60	Sia2TF	1A	Canonical named glycan entity	1	curator	Curator-assigned classification (ground truth)		1
GSD:234e26ab-852e-4ea4-abd2-06d2d5117cd1	Sialylated tetraose type 1	1B	Named recurrent structural feature	1	curator	Curator-assigned classification (ground truth)		2
GSD:d9681674-b81c-403f-86f9-d5ea2cb30289	Disialylated tetraose type 1	1B	Named recurrent structural feature	1	curator	Curator-assigned classification (ground truth)		2
GSD:a557b5bb-702d-400a-9f8e-facc3c84acf3	Disialylated pentaose type 1	1B	Named recurrent structural feature	1	curator	Curator-assigned classification (ground truth)		1
GSD:ee43a491-8db9-472a-a883-ecc02a2ded21	Trisialylated pentaose type 1	1B	Named recurrent structural feature	1	curator	Curator-assigned classification (ground truth)		1
GSD:19c1831c-18e7-4f32-be04-bfcec56eda91	Sialylated tetraose type	1B	Named recurrent structural feature	1	curator	Curator-assigned classification (ground truth)		1
GSD:e8293a34-a43c-45b3-8eaf-f062522639a1	LS-tetrasaccharide a	1B	Named recurrent structural feature	1	curator	Curator-assigned classification (ground truth)		1
GSD:0d51eb33-4a29-41da-8382-23b3860aa89d	LS-hexasaccharide d	1B	Named recurrent structural feature	1	curator	Curator-assigned classification (ground truth)		1
GSD:4ceea015-4eae-4d9b-837e-2613765b0376	LS-tetrasaccharide d	1B	Named recurrent structural feature	1	curator	Curator-assigned classification (ground truth)		1
GSD:7386e122-9d3d-4c97-95ec-266e88248dc7	6'-Sia-6-su-LacNAc	1B	Named recurrent structural feature	1	curator	Curator-assigned classification (ground truth)		1
GSD:a8f63969-319d-488e-9d6d-b32935d37303	Neu5Ac-Gal-(Fuc)-GlcNAc	2A	Linkage-specified substructure	2	curator	Curator-assigned classification (ground truth)		1
GSD:091efd4c-aa6e-4b9a-872b-764499430f27	Sialylated tetraose type 2	1B	Named recurrent structural feature	1	curator	Curator-assigned classification (ground truth)		1
GSD:2a70fb34-e061-4074-bf1d-d106f81594bc	Disialylated tetraose type 2	1B	Named recurrent structural feature	1	curator	Curator-assigned classification (ground truth)		2
GSD:3d7cd09c-d97b-47c4-9c76-0136cab74fa2	Trisialylated pentaose type 2	1B	Named recurrent structural feature	1	curator	Curator-assigned classification (ground truth)		3
GSD:a6aeb5f5-03fc-415b-98ca-dff96392c4d3	LS tetrasaccharide b	1B	Named recurrent structural feature	1	curator	Curator-assigned classification (ground truth)		1
GSD:a68c69d5-42ae-422c-8026-80544c7362ae	Neu5Ac a2-6 Gal b1-4 GlcNAc b1-4 Gal b1-4 GlcNAc	2A	Linkage-specified substructure	2	curator	Curator-assigned classification (ground truth)		1
GSD:a4aab6f8-07af-4349-abb0-62df2bc1391c	Type 2 LN2	1B	Named recurrent structural feature	1	curator	Curator-assigned classification (ground truth)	G00058MO	4
GSD:6f6e40d8-ff18-4f4d-b1d5-43c5dd730fec	Type 1 LN	1B	Named recurrent structural feature	1	curator	Curator-assigned classification (ground truth)	G00056MO; G43784HS	4
GSD:74e3545d-6d77-44c3-8433-8c26f434e72a	Type 1 LN2	1B	Named recurrent structural feature	1	curator	Curator-assigned classification (ground truth)	G43784HS	3
GSD:0c4406ec-9b99-4cd0-8a6d-f2b4d1aad1ca	Type 1 LN3	1B	Named recurrent structural feature	1	curator	Curator-assigned classification (ground truth)	G17961XM	4
GSD:80e0ac92-9573-4fd5-a7b9-165d12da2663	A antigen type 3	1A	Canonical named glycan entity	1	curator	Curator-assigned classification (ground truth)	G99315PE	4
GSD:ddacfbac-b848-45dd-9472-d6a0bf963de8	Fucosylated LDN	1B	Named recurrent structural feature	1	curator	Curator-assigned classification (ground truth)	G02240AO	5
GSD:fee38f8d-d943-44d1-bc49-3f3110ca67e8	2,6-sialyl-Sulfo-LN	1B	Named recurrent structural feature	1	curator	Curator-assigned classification (ground truth)	G43191LZ; G41145LF	5
GSD:93783264-bc71-4521-a412-c6b24cbae82c	6,6'-bisSulfo-Lewis x	1A	Canonical named glycan entity	1	curator	Curator-assigned classification (ground truth)	G00659GQ; G46799JK	5
GSD:eab2603d-c6b0-4048-88bf-4b07e32cbb6c	Lex–Lex	1A	Canonical named glycan entity	1	curator	Curator-assigned classification (ground truth)	G45673KX	2
GSD:797400ac-ff3b-4fe0-b7b7-cf33b036c13c	SDLex	1A	Canonical named glycan entity	1	curator	Curator-assigned classification (ground truth)	G19619KS; G69360KJ	5
GSD:7f7b1bc5-eb93-4b6a-9f81-002570e0cc1b	Blood group H - type 2 chain	1A	Canonical named glycan entity	1	curator	Curator-assigned classification (ground truth)	G70519XK	2
GSD:1a6a9019-47b8-4344-93e1-49963d0fd217	Blood group B - type 2 chain	1A	Canonical named glycan entity	1	curator	Curator-assigned classification (ground truth)		1
GSD:fa71bb07-2b82-481d-b1a7-6bed244406c4	Blood group A1 - type 3 chain	1A	Canonical named glycan entity	1	curator	Curator-assigned classification (ground truth)		1
GSD:9338ead9-ed74-44a8-b0a8-10d9190cb5e4	Blood group A2 - A-associated H type 3 chain	1A	Canonical named glycan entity	1	curator	Curator-assigned classification (ground truth)	G62735WZ	2
GSD:62f8c8a8-b807-4bd0-99a3-1f648b699539	4'-sulfated LDN	1B	Named recurrent structural feature	1	curator	Curator-assigned classification (ground truth)	G18464VS; G31301MT	5
GSD:6ced8323-c110-405c-b415-1229d3ddb057	Sda/CT antigen	1A	Canonical named glycan entity	1	curator	Curator-assigned classification (ground truth)	G41052GC; G00062MO	5
GSD:89808c8c-929e-427b-884d-d1199e5d63ab	SLex on Core 2 O-glycan	1A	Canonical named glycan entity	1	curator	Curator-assigned classification (ground truth)	G97345NY; G71121NN	4
GSD:3d151c25-a2dd-40fa-835b-2e22a8b4589e	Lex on O-Mannose	1A	Canonical named glycan entity	1	curator	Curator-assigned classification (ground truth)	G81516LH; G72060BE	4
GSD:2c667052-86a8-42d0-be98-ee21c9c1f4c7	HNK-1 antigen	1A	Canonical named glycan entity	1	curator	Curator-assigned classification (ground truth)	G53277CD; G54406UD; G89591DK	5
GSD:ab54f042-6804-40f2-a3d7-3537cd13565e	HNK-1 on O-mannose	1A	Canonical named glycan entity	1	curator	Curator-assigned classification (ground truth)	G06898ZN; G60606QD; G82061CN	5
GSD:24ed10a7-e521-4240-8ca4-ea748c493ef9	Monosulfated gangliotetraosylceramide	1A	Canonical named glycan entity	1	curator	Curator-assigned classification (ground truth)	G96596OC; G59736KH; G57796RK	5
GSD:fc74ecf8-c12e-4ae7-bdc0-9ce2b47a267f	Sulfo-isogloboside	1A	Canonical named glycan entity	1	curator	Curator-assigned classification (ground truth)	G56133NW; G30925QW; G10057XH; G57036MA	5
GSD:e45665f0-4131-4b87-9070-5a899beb203d	fucosylated GL-6	1A	Canonical named glycan entity	1	curator	Curator-assigned classification (ground truth)	G98465JN; G83120FP	5
GSD:fadbbaa0-e26a-43ce-a9df-5fd1926f9847	GL-7	1A	Canonical named glycan entity	1	curator	Curator-assigned classification (ground truth)	G32254QI; G42784QY	6
GSD:97cbf76d-a704-4f31-8d6d-b6e7cd262d1d	B-GD1b	1A	Canonical named glycan entity	1	curator	Curator-assigned classification (ground truth)	G72557NR; G29966WK	5
GSD:f6bd6652-4170-41f0-81b1-92bb94e44485	GQ1aα	1A	Canonical named glycan entity	1	curator	Curator-assigned classification (ground truth)		1
GSD:4be254d2-ddf5-4019-92e0-5e7163849fe7	GQ1bα	1A	Canonical named glycan entity	1	curator	Curator-assigned classification (ground truth)	G49791FJ; G54733XO	2
GSD:7dbeae32-5b65-4af9-8afd-d5e474a8ff61	GP1cα	1A	Canonical named glycan entity	1	curator	Curator-assigned classification (ground truth)	G00552RX; G16999RL	2
GSD:a373d920-6f79-405b-a234-1fff575a3fa8	GH1cα	1A	Canonical named glycan entity	1	curator	Curator-assigned classification (ground truth)	G14091MR; G86139YL	2
GSD:7a051bb0-34c0-4230-a9c2-a1c88742f8d8	Mono-fucosyl LN5	1B	Named recurrent structural feature	1	curator	Curator-assigned classification (ground truth)	G64227KZ; G93536PN	4
GSD:5372d0be-d390-45a4-9f2a-1db7b15956f2	Mono-fucosyl LN3	1B	Named recurrent structural feature	1	curator	Curator-assigned classification (ground truth)	G65223RT; G80291PD	4
GSD:61dc21e8-42eb-4a40-969c-6477ad556280	Disialyl-branched Type 2	1B	Named recurrent structural feature	1	curator	Curator-assigned classification (ground truth)	G54937EM	3
GSD:e19eeb60-ae9a-49d2-9a04-28ef03caeae0	Extended tetrafucosyl-Leb	1A	Canonical named glycan entity	1	curator	Curator-assigned classification (ground truth)		1
GSD:1967b04c-e893-4ade-b425-1fd2ed148112	Extended trifucosyl-Leb	1A	Canonical named glycan entity	1	curator	Curator-assigned classification (ground truth)		1
GSD:f0cc28b3-baef-4d9d-b9f8-0331c1fe9cce	Dimeric Lea	1A	Canonical named glycan entity	1	curator	Curator-assigned classification (ground truth)	G06148DR	3
GSD:f0242deb-3429-42ed-99fe-7261abaf6f69	Sialyl Leaglycolipid	1A	Canonical named glycan entity	1	curator	Curator-assigned classification (ground truth)	G91326YS	3
GSD:63ac422c-f4c4-4e8d-8015-b33b72f73f97	Monosialylganglioside LSTb	1B	Named recurrent structural feature	1	curator	Curator-assigned classification (ground truth)	G83513YI; G72506RN	4
GSD:e64024ca-b41d-4a98-be92-61596bf025a3	HNK-expressing SGLPG	1A	Canonical named glycan entity	1	curator	Curator-assigned classification (ground truth)	G10503MP; G43040ZY	4
GSD:128499ae-1761-4996-b85d-37832f5fdf32	Blood group A (type 2) - Lewis y	1A	Canonical named glycan entity	1	curator	Curator-assigned classification (ground truth)	G54826OZ	1
GSD:4bbb81b8-45ca-4cfc-9f42-9bc502ff80ab	Blood group A1 (type 3)	1A	Canonical named glycan entity	1	curator	Curator-assigned classification (ground truth)	G44060QH	3
GSD:8563613e-ab0f-49c2-9e7c-a2403c8503ea	Blood group A2 (A-associated H type 3)	1A	Canonical named glycan entity	1	curator	Curator-assigned classification (ground truth)	G62735WZ	2
GSD:0ed5a19c-fcae-4fe7-87d5-c0a5b55f958a	Blood group H (type 1)	1A	Canonical named glycan entity	1	curator	Curator-assigned classification (ground truth)	G40696TO; G00294TN	8
GSD:dd235a3e-9078-4a96-a0b6-9e84f353451f	Blood group H (type 2) - Lewis y	1A	Canonical named glycan entity	1	curator	Curator-assigned classification (ground truth)	G00052MO	1
GSD:a1bfa3b9-241c-4f5d-8078-667444a5ca13	Blood group B (type 1) - Lewis b	1A	Canonical named glycan entity	1	curator	Curator-assigned classification (ground truth)	G89208KM	1
GSD:96b0f9d9-acfe-44b2-84dd-6b118d6d9c52	Blood group A (type 1) - Lewis b	1A	Canonical named glycan entity	1	curator	Curator-assigned classification (ground truth)	G97501MA	1
GSD:d3ef8572-dc24-4e02-a9b3-fc96a9bddfa5	SLex Core 2 O-glycan	1A	Canonical named glycan entity	1	curator	Curator-assigned classification (ground truth)	G97345NY	2
GSD:6b857d59-cdb7-4eb0-baa6-ea51b0864805	Has related synonym P antigen. Has related synonym Cytolipin K. Has narrow synonym Globoside I. Has related synonym Globotetraosylceramide.	1A	Canonical named glycan entity	1	curator	Curator-assigned classification (ground truth)	G00061MO	1
GSD:323aec21-c781-4e05-9963-642b8732fdd6	Gb5	1A	Canonical named glycan entity	1	curator	Curator-assigned classification (ground truth)	G99053DY; G19298OA; G88796WA	8
GSD:580a2f8b-a7c3-4e54-bdb6-d9becfb6f91a	GD1c	1A	Canonical named glycan entity	1	curator	Curator-assigned classification (ground truth)	G81983KG	2
GSD:5882c5a8-fec1-46c6-b5f9-d3eb0dc6abca	GQ1a-alpha	1A	Canonical named glycan entity	1	curator	Curator-assigned classification (ground truth)	G90598GO; G26199BG	4
GSD:25ea9545-d230-400a-9ed9-3264ba737bef	GP1c-alpha	1A	Canonical named glycan entity	1	curator	Curator-assigned classification (ground truth)	G04433GV; G16999RL	2
GSD:cd9661e4-a1ce-4cf0-bc98-a941ebb60b58	GH1c-alpha	1A	Canonical named glycan entity	1	curator	Curator-assigned classification (ground truth)	G14091MR; G86139YL	3
GSD:0d97fc4e-ce56-4a86-b57f-440bf6a5d1bf	B antigen (type 3)	1A	Canonical named glycan entity	1	curator	Curator-assigned classification (ground truth)	G88313DY	1
GSD:4ce22da4-6989-4911-a3ab-0e055fe84bc2	N-Glycan high mannose	1B	Named recurrent structural feature	1	curator	Curator-assigned classification (ground truth)	G00028MO	3
GSD:2b73f59e-bfef-4693-b33d-e9b9b2398c76	N-Glycan hybrid	1B	Named recurrent structural feature	1	curator	Curator-assigned classification (ground truth)	G19610CW; G00029MO	3
GSD:f95990c6-e95f-48f9-b999-85b68dd868df	N-Glycan complex	1B	Named recurrent structural feature	1	curator	Curator-assigned classification (ground truth)	G35698AZ; G00030MO	3
GSD:96b88439-8694-443b-8d4f-5789173748c3	O-Glycan core 1	1A	Canonical named glycan entity	1	curator	Curator-assigned classification (ground truth)	G00031MO; G00032MO	3
GSD:8281349a-24d7-44b3-8a86-6dcd3684d9fb	O-Glycan core 2	1A	Canonical named glycan entity	1	curator	Curator-assigned classification (ground truth)	G00033MO; G00034MO	3
GSD:4c003a99-3910-431f-af30-11af24dcb64f	O-Glycan core 3	1A	Canonical named glycan entity	1	curator	Curator-assigned classification (ground truth)	G00035MO; G00036MO	3
GSD:6a74626b-e626-4927-9476-fc7867bcd1e3	O-Glycan core 4	1A	Canonical named glycan entity	1	curator	Curator-assigned classification (ground truth)	G00037MO; G00038MO	3
GSD:eb392999-5925-4a02-8deb-260f9f6c0b48	O-Glycan core 5	1A	Canonical named glycan entity	1	curator	Curator-assigned classification (ground truth)	G00039MO; G00040MO	3
GSD:bd72c2a7-a152-447d-9a7e-428e6db5cc2b	O-Glycan core 6	1A	Canonical named glycan entity	1	curator	Curator-assigned classification (ground truth)	G00041MO; G00042MO	3
GSD:a2692f60-40e1-4a37-b725-f45e7c68dbd3	O-Glycan core 7	1A	Canonical named glycan entity	1	curator	Curator-assigned classification (ground truth)	G00043MO; G00044MO	3
GSD:bf54b03e-d24b-5886-997b-2a52ede11173	sulfated glucuronosyl glycan	2C	Composite descriptive phrase	2	llm	multiple descriptors – sulfated & glucuronosyl glycan		1
GSD:e45f8adc-acb8-496d-a180-1936245d7519	O-Mannose	3B	Monosaccharide or named disaccharide	3	llm	monosaccharide noun	G23707SD; G70323CJ	2
GSD:6bda2438-3fb1-47c3-9cec-9dbdd6acf7c3	O-Fucose Core EGF Type	1B	Named recurrent structural feature	1	curator	Curator-assigned classification (ground truth)	G08324ZK; G85661BQ	1
GSD:0002fe16-91a5-45c2-8c82-a92efe4485e5	N-glycan core, truncated	1B	Named recurrent structural feature	1	curator	Curator-assigned classification (ground truth)	G63560NE; G59883YF	1
GSD:8ef73bdf-03e5-4c5e-9b39-39ad8ca4dae4	N-glycan core, bisected	1B	Named recurrent structural feature	1	curator	Curator-assigned classification (ground truth)	G68395LV	1
GSD:009e4888-3996-4ba5-927d-7aa56f9a3f2d	N-Glycan core, core-fucosylated	1B	Named recurrent structural feature	1	curator	Curator-assigned classification (ground truth)	G68504BA	1
GSD:db6f22b8-9289-4bda-884e-991baf7145f3	N-Glycan core, arm-fucosylated	1B	Named recurrent structural feature	1	curator	Curator-assigned classification (ground truth)	G05006NI	1
GSD:3b8f083e-ede4-4292-a642-967f9497cb97	Human milk oligosaccharide core	3C	Association-defined glycan marker	3	curator	Curator-assigned classification (ground truth)	G15541SE	1
GSD:a2d3e702-a399-4d6f-a6e4-fbbfb22ed548	O-Glucosylation	2B	Single descriptor phrase	2	llm	"single descriptor ""glucosylation"""	G71142DF	1
GSD:6d81543c-5c32-4e23-a8bc-b036acecc9aa	O-Glycan core 8	1A	Canonical named glycan entity	1	curator	Curator-assigned classification (ground truth)	G76355TG	1
GSD:2f2b7d4e-f6d2-4417-a671-34341e2fab82	O-Glycan core 8 fuzzy	1A	Canonical named glycan entity	1	curator	Curator-assigned classification (ground truth)	G09127IA	1
GSD:a2613919-1e6d-5428-aba4-5997bad45f8b	sulfated glycan	X	Outside scheme	X	llm	generic term		1
GSD:25de50a7-6453-4dad-8c48-790d7e246ef5	O-GalNAc Core	1A	Canonical named glycan entity	1	llm	canonical core structure	G39738WL	1
GSD:037ed9e9-fe72-5b57-9710-13e1e02b20c4	sulfated glycosaminoglycan	1A	Canonical named glycan entity	1	llm	canonical GAG term		1
GSD:283d4f22-39c7-4f9a-b451-7a5b58440677	O-Fucose Core	1B	Named recurrent structural feature	1	llm	Core fucose is a standard glycobiology feature.	G49112ZN	1
GSD:b8143bd5-05c6-5619-b1c1-33b000af2e7c	sulfated N-glycan	2B	Single descriptor phrase	2	llm	descriptor plus N‑glycan		1
GSD:9eaf75e2-1441-45ed-9beb-5731b3963e7b	O-Mannose Core	1A	Canonical named glycan entity	1	llm	upgraded from 2B: ‘O‑Mannose Core’ denotes a specific canonical core structure rather than a simple descriptor plus noun.	G76001GO	1
GSD:67ed8e8a-2fce-4fbb-a976-db5278cf67c6	N-Glycan biantennary	1B	Named recurrent structural feature	1	curator	Curator-assigned classification (ground truth)	G98414DB	1
GSD:600a0416-85ba-45b8-b5ea-01c9e73e9716	N-Glycan triantennary	1B	Named recurrent structural feature	1	curator	Curator-assigned classification (ground truth)	G59096WE	1
GSD:705b9281-2977-4f2b-b691-6f1a54c390bc	N-Glycan tetraantennary	1B	Named recurrent structural feature	1	curator	Curator-assigned classification (ground truth)	G33451SJ	1
GSD:2c518afc-df5a-46c0-b686-57266ec10f2b	O-GlcNAc Core EGF Type	3C	Association-defined glycan marker	3	curator	Curator-assigned classification (ground truth)	G66213AR	1
GSD:b30012e8-9390-459f-b894-b0c85043892b	Glycosphingolipid Isoglobo series	3A	Umbrella / glycoconjugate class	3	curator	Curator-assigned classification (ground truth)	G00012MO	2
GSD:913be1dc-f5b1-452b-9690-07015124a6a6	Glycosphingolipid Muco series	3A	Umbrella / glycoconjugate class	3	curator	Curator-assigned classification (ground truth)	G00013MO	2
GSD:d1a9cc2f-3b95-4aee-bf09-9e69c112d204	Glycosphingolipid Arthro series	3A	Umbrella / glycoconjugate class	3	curator	Curator-assigned classification (ground truth)	G00014MO	2
GSD:e37144bb-3fe1-415d-8d0c-4fe8b50cab95	Glycosphingolipid Mollu series	3A	Umbrella / glycoconjugate class	3	curator	Curator-assigned classification (ground truth)	G00015MO	2
GSD:49e6d8b0-43a6-4415-94f3-997d32c8ce36	Glycosphingolipid Gala series	3A	Umbrella / glycoconjugate class	3	curator	Curator-assigned classification (ground truth)	G00016MO	2
GSD:ed8a7cbb-b3c1-40fc-8240-0768284cd0c0	Glycosphingolipid Lacto series	3A	Umbrella / glycoconjugate class	3	curator	Curator-assigned classification (ground truth)	G00069MO	2
GSD:33337b59-fc7c-4716-b832-99e5af01baaf	Glycosphingolipid Neo-lacto series	3A	Umbrella / glycoconjugate class	3	curator	Curator-assigned classification (ground truth)	G00070MO	2
GSD:5ae2babc-746b-4b06-af90-f971716a5a10	Glycosphingolipid Ganglio series	3A	Umbrella / glycoconjugate class	3	curator	Curator-assigned classification (ground truth)	G00071MO	2
GSD:07c8860f-19e2-46ef-adc2-0af72c54fc94	Glycosphingolipid Globo series	3A	Umbrella / glycoconjugate class	3	curator	Curator-assigned classification (ground truth)	G99312NX; G00072MO	2
GSD:0840d77b-eb3a-436a-89f5-450e9c3397e9	Has broad synonym GAG Core.	1A	Canonical named glycan entity	1	curator	Curator-assigned classification (ground truth)	G24334HE; G68167JE; G47726BP; G99404VQ; G71799OV; G17755DI; G20313XP; G35577IC; G83003HU; G09365IF; G40737XM; G01966AZ; G81019IW; G58965WY	14
GSD:0d74560b-8390-49a8-a8ac-ebe807a9f3b3	Extended tetrafucosyl-Le	1A	Canonical named glycan entity	1	curator	Curator-assigned classification (ground truth)	G57142PA	2
GSD:05fb89d8-6579-4f7a-a5fe-76893436f323	Blood group H - type 1 chain	1A	Canonical named glycan entity	1	curator	Curator-assigned classification (ground truth)	G00294TN	1
GSD:5309559b-fc7f-4761-978e-6df4b5061419	Blood group H - Lewis Y-associated type 2 chain	1A	Canonical named glycan entity	1	curator	Curator-assigned classification (ground truth)	G00052MO	1
GSD:ee06e818-e91b-466e-a1a3-da0aadd5382f	Blood group B - Lewis Y-associated type 1 chain	1A	Canonical named glycan entity	1	curator	Curator-assigned classification (ground truth)	G89208KM	2
GSD:30a8da01-c6bc-4a2a-b9e5-9e9bb5b14f53	Blood group B - type 4 chain	1A	Canonical named glycan entity	1	curator	Curator-assigned classification (ground truth)	G25216QA	1
GSD:142af41f-6c67-467f-aa3e-d23ebad850e6	Lewis X–Lewis X	1A	Canonical named glycan entity	1	curator	Curator-assigned classification (ground truth)	G79535HZ	1
GSD:61a69afa-e4c2-4874-a7c1-cc4660c3d0f6	Mono-fucosyl LN	1B	Named recurrent structural feature	1	curator	Curator-assigned classification (ground truth)	G64227KZ; G65223RT	2
GSD:63a68751-7ea5-4ce0-92fc-4b0fefe73252	Type 2 LN	1B	Named recurrent structural feature	1	curator	Curator-assigned classification (ground truth)	G00055MO	1
GSD:2808ef9b-a5d3-4c9d-b4b5-6509702fe899	Blood group A (type 1)  (A-Lewis b)	1A	Canonical named glycan entity	1	curator	Curator-assigned classification (ground truth)	G97501MA	2
GSD:07518a97-2edb-4978-9742-91e2e4de9ecc	Blood group ! - Lewis Y-associated type 2 chain	1A	Canonical named glycan entity	1	curator	Curator-assigned classification (ground truth)	G54826OZ	2
GSD:f687e441-544f-4d61-a6f1-32e758cdefea	Sialyl Lewis a glycolipid	1A	Canonical named glycan entity	1	curator	Curator-assigned classification (ground truth)	G50321QR	2
GSD:599b59e1-fd8d-4bbc-9baa-246514e0577b	Sialyl Lewis a (SLea)  (CA19-9 antigen)	1A	Canonical named glycan entity	1	curator	Curator-assigned classification (ground truth)	G00053MO	1
GSD:f16c3afd-6d9c-4e77-8869-fcf04e49528f	LN	1B	Named recurrent structural feature	1	curator	Curator-assigned classification (ground truth)	G00055MO; G04616ST	4
GSD:b0b9ec2f-d80a-495f-b797-7db77a5c3083	LN2	1B	Named recurrent structural feature	1	curator	Curator-assigned classification (ground truth)	G45207BM; G11259JT	3
GSD:c13ccc2a-ce48-4808-aae7-a04b0ff82422	LN3	1B	Named recurrent structural feature	1	curator	Curator-assigned classification (ground truth)	G85779MY	2
GSD:895a2ebc-0a18-456d-935e-fef75d1a77e7	H antigen	1A	Canonical named glycan entity	1	curator	Curator-assigned classification (ground truth)	G46868TY	2
GSD:600f1680-c139-4ea0-9013-037a270128e6	3-Sialyl-LN	1B	Named recurrent structural feature	1	curator	Curator-assigned classification (ground truth)	G10203DW	2
GSD:33c41ef4-5d0d-489b-a130-63c7f9b47626	Blood group B	1A	Canonical named glycan entity	1	curator	Curator-assigned classification (ground truth)	G41865GQ; G26934CO; G60395SO; G65112QB; G00067MO	3
GSD:83245157-ba0e-4e01-88e7-2cddc874293c	Blood group A2	1A	Canonical named glycan entity	1	curator	Curator-assigned classification (ground truth)	G19804SF; G62735WZ	2
GSD:e0ebf839-750e-4706-9fb5-5ad4f6f99357	Extended tetrafucosyl-Leb338	1A	Canonical named glycan entity	1	curator	Curator-assigned classification (ground truth)	G75811PV	2
GSD:f58b5b41-951c-418f-81bf-a098d895c9d4	2-6 Sialyl Lewis x	1A	Canonical named glycan entity	1	curator	Curator-assigned classification (ground truth)	G93855LZ	1
GSD:98efacdd-c1d7-5dc7-8d0b-06c6d5967cef	sulfated O-GalNAc glycan	2C	Composite descriptive phrase	2	llm	composite description		1
GSD:9aad757b-88e3-4bc3-a146-11fa57c05de1	2,6-sialyl-Sulfo-LN (6-sialyl-6-sulfo LN)	2C	Composite descriptive phrase	2	llm	Composite sialylated & sulfated lactosamine	G92341SR	1
GSD:80e68597-540d-4222-9823-07398afd3bb6	2'-fluorine-3'-sialyl-N-acetyllactosamine	3B	Monosaccharide or named disaccharide	3	llm	Modified disaccharide	G47812NS; G62593IS	1
GSD:c35411a3-5b4b-47f1-9f81-ac39792febc1	3'-Sulfo-Lewis x (3'-sulfo Lex))	1A	Canonical named glycan entity	1	curator	Curator-assigned classification (ground truth)	G51907PX	1
GSD:9a4fac8f-b6c2-43c2-8de0-13c25eb616f0	3'-sialyl-N-acetyllactosamine(1-3)	2A	Linkage-specified substructure	2	curator	Curator-assigned classification (ground truth)	G59168YE	1
GSD:7e6283db-984a-44f6-904c-6e9b5794c59f	3-Sulfo-Lewis a (3'-Sulfo Lewis a)	1A	Canonical named glycan entity	1	curator	Curator-assigned classification (ground truth)	G78706CK	1
GSD:534b7285-f7cd-4921-9984-70540f5daf79	3-Sulfo-Lewis x (3-sulfo LewisX)	1A	Canonical named glycan entity	1	curator	Curator-assigned classification (ground truth)	G12295TB	1
GSD:6862638d-3617-48a9-bf8e-01a9fe23de62	6'-Sulfo-sialyl Lewis x (6'-sulfo SLex)	1A	Canonical named glycan entity	1	curator	Curator-assigned classification (ground truth)	G06378CG; G53231FE; G80722US	2
GSD:e0e0fe41-e988-5381-a1a6-932e18899850	sulfated terminal β-linked GalNAc	2C	Composite descriptive phrase	2	llm	upgraded from 2B: contains two descriptors ('sulfated' and 'terminal β‑linked')		1
GSD:a44183c8-b300-4b0d-8d15-e9e02a7dfaa2	6,6'-bisSulfo-Lewis x (6,6'-bissulfo Lex))	1A	Canonical named glycan entity	1	llm	Modified Lewis x is a canonical epitope.	G23094GH	1
GSD:0e21f522-17aa-403f-bc62-8799f0b4b0c9	6-Sialyl-GalNAc or 6-Sialyl LN (type 1 or 2)	2A	Linkage-specified substructure	2	curator	Curator-assigned classification (ground truth)	G73708UL	1
GSD:8a301b6e-a72a-4c97-8bbc-193ce073e88d	6-Sialyl LN (type 1)	1B	Named recurrent structural feature	1	llm	Recognized glycobiology feature – sialyl‑LN type 1	G73708UL	1
GSD:9a4adb24-5192-5017-8286-14828329a8e1	teichoic acid	1A	Canonical named glycan entity	1	llm	upgraded from 2B: ‘Teichoic acid’ is a well‑defined biomolecule name rather than an adverbially described glycoconjugate.		1
GSD:98f042b0-bc53-42e9-83b9-c8f8193b8954	6-Sialyl LN (type 2)	1B	Named recurrent structural feature	1	llm	Recognized lactosamine subtype	G73708UL	1
GSD:14478e2b-4149-4886-a1ed-b0c131bd2fe3	A-Leb	1A	Canonical named glycan entity	1	curator	Curator-assigned classification (ground truth)	G97501MA	1
GSD:db288cff-67a9-48c0-ac90-59faaaed2809	A-Ley	1A	Canonical named glycan entity	1	curator	Curator-assigned classification (ground truth)	G54826OZ	1
GSD:8ff9b392-e545-4701-9956-c7ca05dc5b5a	Arabinogalactan Type ll	1C	Non-GAG homo/hetero-polymer	1	curator	Curator-assigned classification (ground truth)	G12828SG	2
GSD:f9dcda2c-3164-439c-aeed-48539b6f9fb4	Bata Galactose	2A	Linkage-specified substructure	2	curator	Curator-assigned classification (ground truth)	G65889KE	2
GSD:caf303a2-143f-51b8-887a-9fdc7e34a48c	terminal fucose	2B	Single descriptor phrase	2	llm	"single descriptor ""terminal fucose"""		1
GSD:ed3beb04-a181-4253-853f-e69fa9830692	Beta Galoctose	3B	Monosaccharide or named disaccharide	3	llm	upgraded from 2B: Single monosaccharide	G65889KE	1
GSD:1529e60a-11ee-40b1-a853-158cf8e1d771	Beta-glucan	1C	Non-GAG homo/hetero-polymer	1	curator	Curator-assigned classification (ground truth)	G00024MO	2
GSD:f1f48b84-8f4a-4466-9938-18b5ad66caf7	B-Ley	1A	Canonical named glycan entity	1	curator	Curator-assigned classification (ground truth)	G89208KM	1
GSD:52c377fd-e3d9-4a77-a0b3-b2c35a2b1522	Blood Group A Like	1A	Canonical named glycan entity	1	curator	Curator-assigned classification (ground truth)	G10902TC	1
GSD:d3cb72f1-a78b-43f2-8726-b657bba92fc7	Blood group A (type 1) (A-Leb)	1A	Canonical named glycan entity	1	curator	Curator-assigned classification (ground truth)	G97501MA	1
GSD:4ffcb257-b223-412f-9323-901bf7f9a02e	Blood group A (type 2) (A-Ley)	1A	Canonical named glycan entity	1	curator	Curator-assigned classification (ground truth)	G54826OZ	1
GSD:d0c92ce6-f115-44d7-8387-7c01c92c4e12	Blood group B (type 1) (B-Ley)	1A	Canonical named glycan entity	1	curator	Curator-assigned classification (ground truth)	G89208KM	1
GSD:c3613994-8776-43ba-a563-4d5f6f663a3e	Blood Group H Like	1A	Canonical named glycan entity	1	curator	Curator-assigned classification (ground truth)	G82749ZI	1
GSD:1ea3fdb2-913c-49d2-8e5b-63f0120eae2b	CA19-9 antigen	1A	Canonical named glycan entity	1	curator	Curator-assigned classification (ground truth)	G00053MO	1
GSD:170fb3c9-a30b-4884-8cc5-2ffe6f8a2e58	CAD	1A	Canonical named glycan entity	1	curator	Curator-assigned classification (ground truth)	G00063MO	2
GSD:de911f78-53d3-478e-ba0f-167446bceb3d	Cellulose like Glc(1-4)n	1C	Non-GAG homo/hetero-polymer	1	curator	Curator-assigned classification (ground truth)	G00025MO	1
GSD:0c32fd16-6ba8-5f21-aacc-e67e0b71acc1	terminal galactose	2B	Single descriptor phrase	2	llm	single descriptor with monosaccharide noun		1
GSD:a8e0b4d7-923f-44ff-b5a9-3a67e88f2152	Chodroitin Sulfate D Unit	1A	Canonical named glycan entity	1	llm	Known GAG unit	G46732TY	1
GSD:5ee39a73-269a-4186-a7c6-62e5e009ce33	Chondroitin 4S	1A	Canonical named glycan entity	1	curator	Curator-assigned classification (ground truth)	G00018MO	1
GSD:08fd00dc-5999-4951-9dc9-fc58a61ee9aa	Core 1 / T antigen	1A	Canonical named glycan entity	1	curator	Curator-assigned classification (ground truth)	G58645HA	1
GSD:9555ca61-aba2-5e44-947a-a6faeb0ccf73	terminal glucuronic acid	2B	Single descriptor phrase	2	llm	"single descriptor ""terminal glucuronic acid"""		1
GSD:6a1a3377-b74b-4a11-ab32-14e4cc532c9e	C-Series Gangliosides / Gangliotetraosyl Core	3A	Umbrella / glycoconjugate class	3	llm	umbrella ganglioside category	G78818SP	1
GSD:9b46c1bc-c89c-51be-a6bd-cb98e416888c	terminal mannose	2B	Single descriptor phrase	2	llm	"single descriptor ""terminal mannose"""		1
GSD:7a777e49-82dd-455f-937b-b6441b783a51	C-Series Gangliosides / Hemato- or Ganglio-Type	3A	Umbrella / glycoconjugate class	3	llm	umbrella ganglioside family	G45770AV	1
GSD:a74cfc91-5ce8-4dbb-98dd-d8d1f91c04a8	Galalpha1-3Gal epitope	1A	Canonical named glycan entity	1	curator	Curator-assigned classification (ground truth)	G00046MO	1
GSD:216556c5-52c0-4c8e-bf7a-0a3c20df340f	Gal(b1-3) globoside	1A	Canonical named glycan entity	1	curator	Curator-assigned classification (ground truth)	G99053DY	1
GSD:3fe213aa-32b2-44a3-a62d-6ebaa51f3259	GalNAc Disialyl Lc4	1A	Canonical named glycan entity	1	curator	Curator-assigned classification (ground truth)	G33532XU	2
GSD:94cf117d-69e6-4e85-a855-132585c00dff	GD1 (GD1c)	1A	Canonical named glycan entity	1	curator	Curator-assigned classification (ground truth)	G81983KG	1
GSD:6a2019a8-88e2-43ca-9e8f-fcf958c76957	GL-6 fucosylated (globoH)	1A	Canonical named glycan entity	1	curator	Curator-assigned classification (ground truth)	G98465JN	1
GSD:97d60327-996a-4148-a72d-adbe95a8d843	GPI anchor core	1A	Canonical named glycan entity	1	curator	Curator-assigned classification (ground truth)	G00045MO	1
GSD:4fc55ea7-72c4-4dd2-80f8-5501b1c81743	''I'' antigen	1A	Canonical named glycan entity	1	curator	Curator-assigned classification (ground truth)	G46055MA; G56045WU; G00058MO; G26929DQ	8
GSD:488c4da5-bc04-422a-b715-cb91de858490	I Antigen Like	1A	Canonical named glycan entity	1	curator	Curator-assigned classification (ground truth)	G96238FJ	1
GSD:cd483672-3ab7-5734-a40a-b489a133c301	terminal N-acetylgalactosamine	3B	Monosaccharide or named disaccharide	3	llm	upgraded from 2B: Single monosaccharide (N‑acetylgalactosamine) possibly modified by ‘terminal’	G61418DU	3
GSD:44b4754d-f421-42a9-a833-92db0ff00ea0	II3Neu5GcGg4Cer, GM1(Gc)	1A	Canonical named glycan entity	1	llm	canonical ganglioside variant	G24034CH	1
GSD:717c84df-b90a-49b8-91d3-2c3aba72c881	Internal Blood Group H	1A	Canonical named glycan entity	1	curator	Curator-assigned classification (ground truth)	G82749ZI	1
GSD:7562f115-e4a2-5461-8cea-be68033775d0	terminal N-acetylglucosamine	2B	Single descriptor phrase	2	llm	"single descriptor ""terminal N‑acetylglucosamine"""		1
GSD:432b1525-f938-4df2-8bec-1beec025b19d	Lactosamine Like Structure	2B	Single descriptor phrase	2	llm	generic descriptor with context	G47428UI	1
GSD:2afc21c4-173f-4dcd-89b6-6e632c220531	Lactosamine Type 1	1B	Named recurrent structural feature	1	curator	Curator-assigned classification (ground truth)	G00056MO	1
GSD:03301deb-f79d-4d64-9fa9-1ade7d640ea0	Lactosamine Type 2	1B	Named recurrent structural feature	1	curator	Curator-assigned classification (ground truth)	G00055MO	1
GSD:fe4a41ca-0d5a-423f-91cf-341ad2ee50db	Leb	1A	Canonical named glycan entity	1	curator	Curator-assigned classification (ground truth)	G39211DH; G00048MO	2
GSD:e8de9957-868f-4ebd-af17-cc308640315b	Lewis a/x Like structure	1A	Canonical named glycan entity	1	curator	Curator-assigned classification (ground truth)	G24566OP	1
GSD:0f5447e8-b606-4b06-b693-bd8e36b1f113	Lewis b/y Like	1A	Canonical named glycan entity	1	curator	Curator-assigned classification (ground truth)	G20009SF	1
GSD:acf1f6ff-84a2-4819-86fa-8ab0f943e380	Lewis D	1A	Canonical named glycan entity	1	curator	Curator-assigned classification (ground truth)	G00050MO	2
GSD:0d24241f-9ec6-4ed3-aee1-3d9133d86847	Lewis X_Lewis X	1A	Canonical named glycan entity	1	llm	canonical Lewis X epitope	G79535HZ	1
GSD:eacd39fe-a980-4ca1-a70a-c178a1051a00	Lewis y (extended)	1A	Canonical named glycan entity	1	curator	Curator-assigned classification (ground truth)	G69030AU	1
GSD:b5f7962d-29e4-4374-8406-683e491676d9	Lewis y	1A	Canonical named glycan entity	1	curator	Curator-assigned classification (ground truth)	G00052MO; G89659QV; G49963IQ	13
GSD:d7cf584e-5164-4f35-b37e-c43cacf31665	Lex_Lex	1A	Canonical named glycan entity	1	curator	Curator-assigned classification (ground truth)	G45673KX; G79535HZ	2
GSD:e815f023-e7c1-4cf5-b925-1f06908af4f7	Ley	1A	Canonical named glycan entity	1	curator	Curator-assigned classification (ground truth)	G00052MO	3
GSD:7e50b61a-ea7e-5c9c-860e-a5296d3b2339	terminal sialic acid	2B	Single descriptor phrase	2	llm	"single descriptor ""terminal sialic acid"""		1
GSD:8759d2e6-5d43-508d-bec0-a9cdf395b049	terminal α1-6 mannose	2A	Linkage-specified substructure	2	regex	Explicit linkage notation present.		1
GSD:91709475-2526-4ffa-8c9b-bbb3a28762be	LN2, I antigen	1A	Canonical named glycan entity	1	llm	canonical tumor antigen	G45207BM	1
GSD:85309765-c034-4fde-8bc6-f09b19220fd1	LPS core	1B	Named recurrent structural feature	1	curator	Curator-assigned classification (ground truth)	G00022MO	1
GSD:1a493b43-4ab1-40bd-b8d2-0b512280f944	MECA-79	3C	Association-defined glycan marker	3	llm	Antibody reference	G22976NF	1
GSD:bda69acb-2606-4db3-81d9-aea2790669c1	Neo Lactosamine	1B	Named recurrent structural feature	1	curator	Curator-assigned classification (ground truth)	G00056MO	2
GSD:141bca9f-bae8-4eb6-a1e8-a3e61748955f	Neu5Ac	3B	Monosaccharide or named disaccharide	3	curator	Curator-assigned classification (ground truth)	G81533KY; G76685HR	2
GSD:cc105310-a225-4627-a651-9fffa19f2c86	N-Glycan core basic	1B	Named recurrent structural feature	1	curator	Curator-assigned classification (ground truth)	G00026MO	1
GSD:c3a1ed90-b113-43a4-88ea-9a9c9a1a8559	N-Glycan truncated motif. First GlcpNAC cut off	1B	Named recurrent structural feature	1	curator	Curator-assigned classification (ground truth)	G00027MO	1
GSD:57fe1544-36ee-52f8-9802-d4ffc1867028	terminal α-linked fucose	2A	Linkage-specified substructure	2	llm	upgraded from 2B: contains explicit linkage notation ('α')		1
GSD:5229def0-f0cf-462e-8dbb-eb7d03d88e36	O-Fucose / EGF repeat	2C	Composite descriptive phrase	2	llm	multiple descriptors combined	G17931GP	1
GSD:50702cc6-699e-4d6e-98f4-9f26f8e8b109	O-Fucose	1B	Named recurrent structural feature	1	curator	Curator-assigned classification (ground truth)	G82576YO	1
GSD:80574fea-f943-4f6e-8800-375be189203d	O-Fucose / Thrombospondin Type 1 Repeat	1B	Named recurrent structural feature	1	curator	Curator-assigned classification (ground truth)	G36855WW	1
GSD:ddda1d65-b417-51b2-8b8a-d5e9e86509b5	terminal α-linked-galactose	2A	Linkage-specified substructure	2	llm	upgraded from 2B: contains explicit α‑linkage notation		1
GSD:1598c8f2-eb77-492b-a861-b96611637033	Peptidoglycan	1A	Canonical named glycan entity	1	llm	upgraded from 2B: ‘Peptidoglycan’ is a recognized canonical glycan entity rather than a simple descriptor plus noun.	G00023MO	2
GSD:a7da3922-7453-5cc0-897b-4bb463ece798	terminal α-linked mannose	2A	Linkage-specified substructure	2	llm	upgraded from 2B: contains explicit α‑linkage		1
GSD:c68cc0c6-1d8b-4a71-b3f0-110ddf3e13bf	Polylactosamine	2B	Single descriptor phrase	2	llm	generic polymer description	G00058MO	2
GSD:487f8c1e-be65-41cf-b5b8-a3c01d80fb05	SDA	1A	Canonical named glycan entity	1	curator	Curator-assigned classification (ground truth)	G00062MO	2
GSD:e0a61699-5665-4b16-b01b-ab39701107a1	Sia(a2-8)Sia(a2-3)Gal	2C	Composite descriptive phrase	2	llm	Multiple linkages described – composite glycan fragment.	G82775QT	1
GSD:4e5b0601-d0df-4a2a-ac36-56e2629494f1	Sialic Acid	3B	Monosaccharide or named disaccharide	3	curator	Curator-assigned classification (ground truth)	G81533KY	1
GSD:7424ea4c-e44f-46dd-9342-e69e239fa9fd	Sialyl Lewis a/x Like	1A	Canonical named glycan entity	1	curator	Curator-assigned classification (ground truth)	G25705KO	1
GSD:2d13a3a8-39c6-5ce0-ba08-9ea5582c6ff4	terminal β-linked galactose	2A	Linkage-specified substructure	2	llm	upgraded from 2B: contains linkage information		1
GSD:665bc960-7f45-40fc-9b9c-507364b0dadc	SSEA	1A	Canonical named glycan entity	1	llm	canonical embryonic antigen	G85497PI; G99053DY	1
GSD:ec5abc25-552a-4111-b98c-3b7ec61ad1f5	T (also TF)  antigen	1A	Canonical named glycan entity	1	curator	Curator-assigned classification (ground truth)	G00031MO	1
GSD:b877e2a8-3b96-46f1-b045-e3713b672553	T or TF antigen	1A	Canonical named glycan entity	1	curator	Curator-assigned classification (ground truth)	G78436BB	1
GSD:f14c1a5d-74f6-4142-9657-703ca46fe6f6	VIM	1A	Canonical named glycan entity	1	curator	Curator-assigned classification (ground truth)	G00065MO	2
GSD:4a4f689c-5208-41b8-841b-66dfd0b76ad2	AGM1	1A	Canonical named glycan entity	1	curator	Curator-assigned classification (ground truth)	G21856LC	1
GSD:d181027e-4bfb-4976-9387-33e5c2103de7	AGM2	1A	Canonical named glycan entity	1	curator	Curator-assigned classification (ground truth)	G90562PB	1
GSD:3c4e1c4e-817f-4782-a807-8c4765d33386	AGM3	1A	Canonical named glycan entity	1	curator	Curator-assigned classification (ground truth)	G15541SE	1
GSD:5289175c-69ab-4ea4-992b-e8e46fdd36ff	Neu5Gc(a2-3)Gal(b1-4)GlcNAc	2A	Linkage-specified substructure	2	curator	Curator-assigned classification (ground truth)	G48236KP	4
GSD:e2d46448-7a1d-4688-88fa-9837fe9e68de	O-acetyl-GD3	1A	Canonical named glycan entity	1	curator	Curator-assigned classification (ground truth)	G74121RX	1
GSD:f03eb04d-6095-48b1-b74d-87c9f9a7c872	Lac	3B	Monosaccharide or named disaccharide	3	curator	Curator-assigned classification (ground truth)	G84224TW	3
GSD:4ec5e94c-7e3a-400c-9a4f-038973e3ea0f	GalNAc	3B	Monosaccharide or named disaccharide	3	curator	Curator-assigned classification (ground truth)	G39738WL	1
GSD:22e03cd4-2541-4c82-b29d-f7f869d5b1ce	NeuAc	3B	Monosaccharide or named disaccharide	3	curator	Curator-assigned classification (ground truth)	G76685HR	1
GSD:04f67be4-dc8c-4210-9d56-37b9976627d9	NeuNAc	3B	Monosaccharide or named disaccharide	3	curator	Curator-assigned classification (ground truth)	G76685HR	1
GSD:0381b249-4b3a-42b7-8cb4-23e7b6390d01	sLeA	1A	Canonical named glycan entity	1	curator	Curator-assigned classification (ground truth)	G00053MO	1
GSD:6f03de15-5a5c-4d83-98b6-ecddc984c60c	Glycosphingolipid Ganglio	3A	Umbrella / glycoconjugate class	3	curator	Curator-assigned classification (ground truth)	G00071MO	1
GSD:80ce47e7-4e1a-4c24-8b0a-2e4b1ff7973a	Ganglio	3A	Umbrella / glycoconjugate class	3	curator	Curator-assigned classification (ground truth)	G00071MO	1
GSD:40f823a5-0c41-40c5-9227-bad64c27fcf0	Glycosphingolipid Globo	3A	Umbrella / glycoconjugate class	3	curator	Curator-assigned classification (ground truth)	G00072MO	1
GSD:482a990b-0ac7-4cc1-ab24-ee7f58dd8bc6	Globo	3A	Umbrella / glycoconjugate class	3	curator	Curator-assigned classification (ground truth)	G00072MO	1
GSD:d884597b-83dd-44d7-8f65-2b5b1882d799	sLeX	1A	Canonical named glycan entity	1	curator	Curator-assigned classification (ground truth)	G00054MO	1
GSD:e16fd11e-688e-51f7-b405-dd0bb8b17879	terminal β-linked N-acetylgalactosamine	2A	Linkage-specified substructure	2	llm	upgraded from 2B: contains explicit linkage indication		1
GSD:27410417-a355-498f-af73-55f6fbb6c26d	LPS	2D	Glycoform shorthand code	2	llm	upgraded from 2B: Abbreviation resembling a concise glycoform code	G00022MO	1
GSD:c82df99f-2e05-433b-95d0-dc0bfd9d157a	Glycosphingolipid Isoglobo	3A	Umbrella / glycoconjugate class	3	curator	Curator-assigned classification (ground truth)	G00012MO	1
GSD:c92cf7c1-6aad-408b-a2f4-ef9852e73314	Glycosphingolipid Arthro	3A	Umbrella / glycoconjugate class	3	curator	Curator-assigned classification (ground truth)	G00014MO	1
GSD:fd0aed11-e1df-40bd-923d-dc2ac0b6a70d	Glycosphingolipid Muco	3A	Umbrella / glycoconjugate class	3	curator	Curator-assigned classification (ground truth)	G00013MO	1
GSD:341d1909-eedf-5265-b3ee-cc78924c8a00	trehalose-6,6-dimycolate	3B	Monosaccharide or named disaccharide	3	llm	Contains known disaccharide trehalose		1
GSD:27235cd2-4377-45ec-bed5-4183861279e6	Glycosphingolipid Gala	3A	Umbrella / glycoconjugate class	3	llm	umbrella glycosphingolipid category	G00016MO	1
GSD:7147edbf-679f-410b-85e0-9e0fa029c181	LeA	1A	Canonical named glycan entity	1	curator	Curator-assigned classification (ground truth)	G00047MO	3
GSD:e42c7aa4-8b95-5f1c-8fe3-c263093d7b5a	tri-mannose	3B	Monosaccharide or named disaccharide	3	llm	upgraded from 2B: ‘tri‑mannose’ denotes a small oligomer of mannose residues and fits the category of a single monosaccharide or named free disaccharide.		1
GSD:f7a9df23-d358-44da-a3c4-0f5b8b1ffa12	Forssmann	1A	Canonical named glycan entity	1	llm	canonical antigen	G00064MO	1
GSD:65bba6d7-e07f-577c-b95a-b2c2a4b87b0b	truncated core 1 O-glycan	1A	Canonical named glycan entity	1	llm	variant of core 1 O‑glycan		1
GSD:8b66416a-ee49-4b36-a2cd-b5ebc1451fd6	Hyluronan	1A	Canonical named glycan entity	1	llm	canonical GAG name	G00017MO	1
GSD:cd5c19d8-26c9-5540-b4b5-005c0b9f735c	truncated N-glycan	2B	Single descriptor phrase	2	llm	default fallback		1
GSD:a9463dc1-cbe7-4e32-be8e-9a296443379c	Glycosphingolipid Neo-lacto	3A	Umbrella / glycoconjugate class	3	llm	Neolacto‑series umbrella	G00070MO	1
GSD:8ab86e9f-ff25-4a50-a728-1f280412d929	LeD	1A	Canonical named glycan entity	1	llm	canonical Lewis epitope	G00050MO	1
GSD:76a59293-d803-5115-8d91-bfe83bf96e4d	truncated O-GalNAc glycan	2B	Single descriptor phrase	2	llm	"single descriptor ""truncated"" + context noun"		1
GSD:cfbe4447-afe7-4d5e-a278-1ac312995536	Galalpha1-3Gal	2A	Linkage-specified substructure	2	llm	upgraded from 2B: contains explicit linkage notation	G00046MO	1
GSD:1a0dea3e-99dc-509f-b1e7-72f22adabe1d	truncated O-glycan	3A	Umbrella / glycoconjugate class	3	llm	umbrella O‑glycan category		1
GSD:21152b0c-d0d3-46ec-991f-b0da923ad293	Glycosphingolipid Mollu	3A	Umbrella / glycoconjugate class	3	llm	umbrella category	G00015MO	1
GSD:ad94a23f-be02-40c0-8d18-526b8e4ecb98	Lactosamine	1B	Named recurrent structural feature	1	curator	Curator-assigned classification (ground truth)	G00055MO	2
GSD:83e8f518-2dbe-47a7-8111-d04388af6753	LeX	1A	Canonical named glycan entity	1	curator	Curator-assigned classification (ground truth)	G00051MO	3
GSD:b85df8d4-098d-4e43-aadf-b81b0855b3be	Glycosphingolipid Lacto	3A	Umbrella / glycoconjugate class	3	curator	Curator-assigned classification (ground truth)	G00069MO	1
GSD:bc380415-df64-4f88-b60b-cd29ecd3b4e3	α,α-Trehalose	3B	Monosaccharide or named disaccharide	3	curator	Curator-assigned classification (ground truth)		1
GSD:fe424dbf-51ec-555c-926c-3f41890b54c4	type-1 unit	2B	Single descriptor phrase	2	llm	generic descriptor+noun		1
GSD:fa5185a6-7473-4c89-b15b-f004b431e838	2'F-A type 2	X	Outside scheme	X	llm	synthetic labelled term		2
GSD:b9977dd8-7121-5b87-8b2a-75ca0fbeba71	type-2 unit	1B	Named recurrent structural feature	1	llm	upgraded from 2B: Bare named feature		1
GSD:8a16aa22-c6c7-504a-b0a9-c4e7a92d84ea	type-4 chain	2B	Single descriptor phrase	2	llm	fallback – ambiguous compound		1
GSD:a99ba2f3-c21f-5d4f-b958-3576be9c9188	xylan	1C	Non-GAG homo/hetero-polymer	1	regex	Listed non-GAG polymer.		1
GSD:14fa8ef6-2dda-4e2c-a5c2-6ad56e0171b8	2'F-B type 2	X	Outside scheme	X	llm	synthetic labelled term		2
GSD:0264d39d-5c78-4d87-91e1-86e294df4b45	2'FL	1A	Canonical named glycan entity	1	curator	Curator-assigned classification (ground truth)		2
GSD:e3cf1a87-a350-4d72-b428-9d202157cbe6	2-Deoxyglucose	3B	Monosaccharide or named disaccharide	3	curator	Curator-assigned classification (ground truth)		1
GSD:4b881b46-806a-4789-ae41-5afe9299cc6f	2-Deoxyribose	3B	Monosaccharide or named disaccharide	3	curator	Curator-assigned classification (ground truth)		1
GSD:95417af6-9608-4583-8cef-39bb38ecf33f	3'-KDNLec	1A	Canonical named glycan entity	1	curator	Curator-assigned classification (ground truth)		2
GSD:84015745-2413-4e06-a674-647911e52a22	3'GN type1	2B	Single descriptor phrase	2	curator	Curator-assigned classification (ground truth)		2
GSD:87219c2e-bcc7-470b-b306-e5cd8926bd51	3'GN-Di-LN	2C	Composite descriptive phrase	2	curator	Curator-assigned classification (ground truth)		2
GSD:35889d35-05a4-424c-b097-9d4603aabfcd	3'S-Di-LN	2C	Composite descriptive phrase	2	curator	Curator-assigned classification (ground truth)		2
GSD:0db7db50-a956-474b-a648-fd6f10e81ebf	3'S-Di-LeA	1A	Canonical named glycan entity	1	curator	Curator-assigned classification (ground truth)		2
GSD:8041b096-e548-4cdb-b4b9-6d3cceddc652	3'S-Di-Lec	1A	Canonical named glycan entity	1	curator	Curator-assigned classification (ground truth)		2
GSD:6adfff6e-740c-4402-bf99-c21fa2515600	3'S-Di-Lex	1A	Canonical named glycan entity	1	curator	Curator-assigned classification (ground truth)		2
GSD:9be42e4a-c8f5-4d47-8644-338ca4b490f5	3'SL (Gc)	1A	Canonical named glycan entity	1	curator	Curator-assigned classification (ground truth)		1
GSD:cf6df3a3-b689-4d88-992a-52b2e2fb98ba	3'SLN	2A	Linkage-specified substructure	2	curator	Curator-assigned classification (ground truth)		2
GSD:57a0ffc9-934e-4d95-9c82-299136253c88	3'SLN (Gc)	2B	Single descriptor phrase	2	curator	Curator-assigned classification (ground truth)		1
GSD:3356b4df-5915-4242-9743-330bc7717821	3'SLN-Lec	1A	Canonical named glycan entity	1	curator	Curator-assigned classification (ground truth)		2
GSD:d7b7c6c6-1de9-426d-b3bb-cd21f1ec3cbf	3'SLeA-LeX	1A	Canonical named glycan entity	1	curator	Curator-assigned classification (ground truth)		2
GSD:17eb932f-8707-4f9d-9ace-2a1e47718070	3'SLec	1A	Canonical named glycan entity	1	curator	Curator-assigned classification (ground truth)		2
GSD:fe6bdf13-0c87-4318-aa77-4665d91ccd84	3'SLec (Gc)	1A	Canonical named glycan entity	1	curator	Curator-assigned classification (ground truth)		1
GSD:0504158e-ed2f-4f68-b591-91cacba2d8c1	3'SLecLN	1A	Canonical named glycan entity	1	curator	Curator-assigned classification (ground truth)		2
GSD:f9f92198-c194-4a66-841e-fa31d65cd03d	3'SLex	1A	Canonical named glycan entity	1	curator	Curator-assigned classification (ground truth)		2
GSD:4c17a241-7246-403e-b11a-ad3133d67fae	3'STri-LN	2B	Single descriptor phrase	2	curator	Curator-assigned classification (ground truth)		2
GSD:372f09b0-ed13-4b3f-b9f8-68e2658942fb	6'S-Di-LN	2B	Single descriptor phrase	2	curator	Curator-assigned classification (ground truth)		2
GSD:5874f282-15c4-4cfe-bb22-d22ac18ec0bc	6'SL	1A	Canonical named glycan entity	1	curator	Curator-assigned classification (ground truth)		2
GSD:7be36f14-0ba5-4075-b663-5f23550b601c	6'SLDN	2B	Single descriptor phrase	2	curator	Curator-assigned classification (ground truth)		2
GSD:a69f37c3-b004-42f7-a10f-0c83d60eea39	6'SLN	2B	Single descriptor phrase	2	curator	Curator-assigned classification (ground truth)		2
GSD:74af6ab3-7905-4314-b292-d301ea117e90	6'SLN (Gc)	2B	Single descriptor phrase	2	curator	Curator-assigned classification (ground truth)		1
GSD:fc2650ad-6104-49d3-9ccd-5ce5657418e1	6'STF	1A	Canonical named glycan entity	1	curator	Curator-assigned classification (ground truth)		1
GSD:f1e694a5-7a2e-46b3-9407-ef5d72230d5f	6SLN-Lec	1A	Canonical named glycan entity	1	curator	Curator-assigned classification (ground truth)		2
GSD:aff73964-5aa3-4872-8fa1-e60732a50db1	9OAc3'SLN	2B	Single descriptor phrase	2	curator	Curator-assigned classification (ground truth)		1
GSD:3d4b96f3-a8d3-4e24-9aaf-d78c8dc0b898	9OAc3'Slec	1A	Canonical named glycan entity	1	curator	Curator-assigned classification (ground truth)		1
GSD:4d5eee1d-6267-4465-aac4-54e81a3cfb25	A tetra L	1A	Canonical named glycan entity	1	curator	Curator-assigned classification (ground truth)		2
GSD:ed5c0feb-8239-44cb-902b-d76177a1c358	A tetra type 1	1A	Canonical named glycan entity	1	curator	Curator-assigned classification (ground truth)		2
GSD:9045411f-6f4b-4611-9db9-81be28c8464b	Abequose	3B	Monosaccharide or named disaccharide	3	curator	Curator-assigned classification (ground truth)		1
GSD:804f1944-7e16-4835-ab60-94e899b44092	Acosamine	3B	Monosaccharide or named disaccharide	3	curator	Curator-assigned classification (ground truth)		1
GSD:827a8e35-ac61-4da3-8e3c-9533b26a7192	Allose	3B	Monosaccharide or named disaccharide	3	curator	Curator-assigned classification (ground truth)		1
GSD:4cf92940-c1b6-4547-a624-d773f130063d	Altrose	3B	Monosaccharide or named disaccharide	3	curator	Curator-assigned classification (ground truth)		1
GSD:d2573639-a163-4b5a-97de-024409149f23	Amicetose	3B	Monosaccharide or named disaccharide	3	curator	Curator-assigned classification (ground truth)		1
GSD:ad271a4a-1a58-4809-b395-2981b05bf443	Apiose	3B	Monosaccharide or named disaccharide	3	curator	Curator-assigned classification (ground truth)		1
GSD:197f2c04-6eb9-450f-ab0a-e8f76e92c4a2	Arabinose	3B	Monosaccharide or named disaccharide	3	curator	Curator-assigned classification (ground truth)		1
GSD:6890924a-0080-4a7a-a87b-8f0fd114028f	Arcanose	3B	Monosaccharide or named disaccharide	3	curator	Curator-assigned classification (ground truth)		1
GSD:ad7502cf-e8cf-45b2-b5d4-aa5ed365c918	Ascarylose	3B	Monosaccharide or named disaccharide	3	curator	Curator-assigned classification (ground truth)		1
GSD:db5ed7f2-45f9-5e86-9eb1-bc412c33afc7	xylogalacturonan	1C	Non-GAG homo/hetero-polymer	1	llm	Plant polysaccharide	G00367NK	5
GSD:6e9249d9-1b1b-5dbf-8561-76de16821a00	xyloglucan	1C	Non-GAG homo/hetero-polymer	1	llm	Plant hemicellulosic polysaccharide	G25326UC	5
GSD:203a30f0-7c6a-4d7d-a87b-6115046e7693	Ascorbic acid	X	Outside scheme	X	llm	non‑glycan compound		1
GSD:d036fa70-2ddc-4b0a-ba1d-0c73f125e9e5	B tetra L	1A	Canonical named glycan entity	1	curator	Curator-assigned classification (ground truth)		2
GSD:bd04b28f-e01a-4fed-b552-9603e7b92d4c	B tetra type 1	1A	Canonical named glycan entity	1	curator	Curator-assigned classification (ground truth)		2
GSD:a80870da-7ba1-4942-96d5-e09546fd4388	B2-tri	1A	Canonical named glycan entity	1	curator	Curator-assigned classification (ground truth)		2
GSD:1aeae3c6-2256-4d52-8a19-aa689341df9b	Bacillosamine	3B	Monosaccharide or named disaccharide	3	curator	Curator-assigned classification (ground truth)		1
GSD:a1a1cc4d-4f8d-4a6e-9745-406d21d24b2c	Boivinose	3B	Monosaccharide or named disaccharide	3	curator	Curator-assigned classification (ground truth)		1
GSD:3528e0ee-aefb-4baa-ab79-0709aca12118	CT/Sda	1A	Canonical named glycan entity	1	curator	Curator-assigned classification (ground truth)		2
GSD:28553836-b76d-470e-b5fb-a993a83e8fb3	Ceramide trihexosides(CTH)	3A	Umbrella / glycoconjugate class	3	curator	Curator-assigned classification (ground truth)		2
GSD:b301b0d9-2ac9-589a-9cd1-4539be294d96	xyloside	3B	Monosaccharide or named disaccharide	3	llm	upgraded from 2B: Single monosaccharide		1
GSD:86e21b58-6304-4d77-b0e9-d5b71bf43400	Chacotriose	3B	Monosaccharide or named disaccharide	3	llm	upgraded from 2B: named free trisaccharide		1
GSD:f0a9fa70-53f0-4ec5-b6cf-4ca2da4bcc2f	Chalcose	3B	Monosaccharide or named disaccharide	3	curator	Curator-assigned classification (ground truth)		1
GSD:7ba01715-f8fa-4655-8606-088c21be8354	Cladinose	3B	Monosaccharide or named disaccharide	3	curator	Curator-assigned classification (ground truth)		1
GSD:4837ded6-77de-43a0-9026-bce3cf8c1258	Colitose	3B	Monosaccharide or named disaccharide	3	curator	Curator-assigned classification (ground truth)		1
GSD:84f5d6f4-9732-471e-a8fe-002cdf08f426	Cymarose	3B	Monosaccharide or named disaccharide	3	curator	Curator-assigned classification (ground truth)		1
GSD:a3e35647-4831-4811-9e3a-ce2dfdded65f	D-Fucitol	3B	Monosaccharide or named disaccharide	3	curator	Curator-assigned classification (ground truth)		1
GSD:7c9fd02e-f3d8-4b63-a6a2-a6e1f9818376	D-Galactosaminitol	3B	Monosaccharide or named disaccharide	3	curator	Curator-assigned classification (ground truth)		1
GSD:bb556452-d1a5-426b-834f-e9f1871e1692	Daunosamine	3B	Monosaccharide or named disaccharide	3	curator	Curator-assigned classification (ground truth)		1
GSD:e366a55a-9b0e-4d92-bdb2-47cd1c4d0ec6	Desosamine	3B	Monosaccharide or named disaccharide	3	curator	Curator-assigned classification (ground truth)		1
GSD:d6f0f656-0124-4bd2-9f20-0bff6858faa7	Di-LN	1B	Named recurrent structural feature	1	curator	Curator-assigned classification (ground truth)		2
GSD:96f3881a-5567-4a67-8085-82b5c3fefda8	Di-LeA	1A	Canonical named glycan entity	1	curator	Curator-assigned classification (ground truth)		2
GSD:9a4080d7-eb07-4c92-97ec-c9d7c3bc93f9	Di-Lec	1A	Canonical named glycan entity	1	curator	Curator-assigned classification (ground truth)		2
GSD:df5aa87c-b6f7-4212-8925-467d67b3487f	Di-Lex	1A	Canonical named glycan entity	1	curator	Curator-assigned classification (ground truth)		2
GSD:477bfb4c-d07c-4bb6-adfd-6acbbb7401f1	Diginose	3B	Monosaccharide or named disaccharide	3	curator	Curator-assigned classification (ground truth)		1
GSD:03979a5c-83de-4944-9222-1d8a92a92665	Digitalose	3B	Monosaccharide or named disaccharide	3	curator	Curator-assigned classification (ground truth)		1
GSD:d1e9e244-48f6-4a50-b8b0-9c6bd8185f9e	Digitoxose	3B	Monosaccharide or named disaccharide	3	curator	Curator-assigned classification (ground truth)		1
GSD:6536eb1b-a001-4bb6-b355-e0ea386177d2	Erythrose	3B	Monosaccharide or named disaccharide	3	curator	Curator-assigned classification (ground truth)		1
GSD:19e938c8-f830-4fa2-8f0b-e614122028db	Erythrulose	3B	Monosaccharide or named disaccharide	3	curator	Curator-assigned classification (ground truth)		1
GSD:af4b5c58-d024-43df-9e83-e0bac3a8762f	Evalose	3B	Monosaccharide or named disaccharide	3	curator	Curator-assigned classification (ground truth)		1
GSD:4deee574-77a2-48fe-a903-d1047c885c21	Evernitrose	3B	Monosaccharide or named disaccharide	3	curator	Curator-assigned classification (ground truth)		1
GSD:88e67d02-cfe5-40d2-ae6f-b51fb1cc1bf6	Forosamine	3B	Monosaccharide or named disaccharide	3	curator	Curator-assigned classification (ground truth)		1
GSD:1edc3d8a-4ae7-4e5b-a98b-cad8f10cfd83	Fructose	3B	Monosaccharide or named disaccharide	3	curator	Curator-assigned classification (ground truth)		1
GSD:41d30109-ac59-4291-acf8-7ce0ca586956	Fucosamine	3B	Monosaccharide or named disaccharide	3	curator	Curator-assigned classification (ground truth)		1
GSD:c307f279-e701-4591-8af7-324546396848	GM3 (no spacer)	1A	Canonical named glycan entity	1	curator	Curator-assigned classification (ground truth)		2
GSD:94a1a0ae-aa30-4394-b86e-4caeafd20bd2	GM3(NeuGc)	1A	Canonical named glycan entity	1	curator	Curator-assigned classification (ground truth)		1
GSD:6dde7c33-1a26-40e6-a52b-838a3f363403	GN	3B	Monosaccharide or named disaccharide	3	curator	Curator-assigned classification (ground truth)		1
GSD:9af6cba3-6f82-4f9a-bbe4-45da0a165589	GNLN	1B	Named recurrent structural feature	1	curator	Curator-assigned classification (ground truth)		2
GSD:46f92e98-3896-4147-a653-1b8161ebcbf8	GQ2	1A	Canonical named glycan entity	1	curator	Curator-assigned classification (ground truth)		2
GSD:7cdbe7ea-633a-4692-916d-c76cd7e2e8b8	Gala3-type1	1A	Canonical named glycan entity	1	curator	Curator-assigned classification (ground truth)		2
GSD:1e514403-6869-41bd-be3a-897ff09c30c8	Gala3Lex	1A	Canonical named glycan entity	1	curator	Curator-assigned classification (ground truth)		2
GSD:9f46e63f-395f-55cb-9230-c011b593b822	xylosylated glycans	2B	Single descriptor phrase	2	llm	"single descriptor ""xylosylated"" applied to glycans"		1
GSD:5e1bc8ef-57a1-4552-ad0a-aee82781318f	Galactocerebroside (2-hydoxy fatty acid)	3A	Umbrella / glycoconjugate class	3	llm	Specific glycolipid falls under glycosphingolipid umbrella		1
GSD:1ee85a32-f360-42a0-8406-3fcb4b1a1e22	Galactocerebroside (non-hydroxy fatty acid)	1A	Canonical named glycan entity	1	curator	Curator-assigned classification (ground truth)		1
GSD:ee211aa3-87b6-4958-bb7e-06438471d06d	Galactosamine	3B	Monosaccharide or named disaccharide	3	curator	Curator-assigned classification (ground truth)		1
GSD:97680e65-5cb6-4c5c-9411-a3f884d8ced1	Gangliotetraose	1A	Canonical named glycan entity	1	curator	Curator-assigned classification (ground truth)		2
GSD:088ed8ca-a940-4827-93dd-ffe9a12c4f57	Gangliotriose	1A	Canonical named glycan entity	1	curator	Curator-assigned classification (ground truth)		2
GSD:dd03e32d-f3c9-49cd-ba95-0fe1ea5097a7	Garosamine	3B	Monosaccharide or named disaccharide	3	curator	Curator-assigned classification (ground truth)		1
GSD:88ff1b8f-bd93-5eb3-b4ae-8ba697b28122	α(1-3)-linked N-acetylgalactosamine	2A	Linkage-specified substructure	2	llm	upgraded from 2B: contains explicit linkage notation		1
GSD:3c6b9081-0a89-4271-b241-30e5e8ef0d5d	Gentianose	3B	Monosaccharide or named disaccharide	3	llm	upgraded from 2B: named free disaccharide		1
GSD:1a46cfa0-029c-4662-8ee0-458d7046d568	Globotetraose	1A	Canonical named glycan entity	1	curator	Curator-assigned classification (ground truth)		2
GSD:b5b819f5-8bea-4357-9e17-9e9fb3865fe8	Globotriose	1A	Canonical named glycan entity	1	curator	Curator-assigned classification (ground truth)		2
GSD:2df618a1-db4c-4e8b-a51f-16ff3dd5b867	Glucocerebrosides	1A	Canonical named glycan entity	1	curator	Curator-assigned classification (ground truth)		1
GSD:a56d4adb-2715-4d0a-95de-2f626b009c3b	Glucopsychosine	1A	Canonical named glycan entity	1	curator	Curator-assigned classification (ground truth)		1
GSD:ea500bee-b99b-41de-b445-d0a3bf0160e5	Glucosamine	3B	Monosaccharide or named disaccharide	3	curator	Curator-assigned classification (ground truth)		1
GSD:f2c0fcd2-6592-4a89-a39d-7d6c62d776bb	Glucosaminitol	3B	Monosaccharide or named disaccharide	3	curator	Curator-assigned classification (ground truth)		1
GSD:a1997812-8d5f-405f-917f-14017c6104c8	Glyceraldehyde	3B	Monosaccharide or named disaccharide	3	curator	Curator-assigned classification (ground truth)		1
GSD:10dc47f9-89f6-59b5-aa58-22fd27d80b6e	α(1-6)-linked glucose branch	2C	Composite descriptive phrase	2	llm	linkage+branch composite		1
GSD:7cf55d9d-bacd-51cb-8500-ef798d5c7e9b	α2-3 sialic acid branch	2A	Linkage-specified substructure	2	regex	Explicit linkage notation present.		1
GSD:5bb8d8c8-c3d1-5fce-b193-1c59dd7fa899	α2-3 sialyllactosamine	2A	Linkage-specified substructure	2	regex	Explicit linkage notation present.	G59168YE	2
GSD:f4f8ff22-b9e8-5e3e-a230-680056063e4b	α-linked mannose	3B	Monosaccharide or named disaccharide	3	llm	modified monosaccharide		1
GSD:96a65e47-a183-450d-9e02-252e92e93518	Glycerol	X	Outside scheme	X	llm	non‑glycan small molecule		1
GSD:9b14aec8-c2c5-47c6-94c1-8a1caac5c208	Glycerone	3B	Monosaccharide or named disaccharide	3	curator	Curator-assigned classification (ground truth)		1
GSD:02232784-a911-461f-bda4-f3872b6df156	Gulose	3B	Monosaccharide or named disaccharide	3	curator	Curator-assigned classification (ground truth)		1
GSD:e0a2c159-4b4b-4f20-85a5-0db1828f834e	H2	1A	Canonical named glycan entity	1	curator	Curator-assigned classification (ground truth)		2
GSD:e54d20ff-b236-4f21-87c2-9abe7df5b688	Hamamelose	3B	Monosaccharide or named disaccharide	3	curator	Curator-assigned classification (ground truth)		1
GSD:b9d45f1a-7328-48c3-8142-a8592e8ea11e	Idose	3B	Monosaccharide or named disaccharide	3	curator	Curator-assigned classification (ground truth)		1
GSD:ea85fb40-de20-4986-8e3a-fe2538d023d4	Inulin	1C	Non-GAG homo/hetero-polymer	1	curator	Curator-assigned classification (ground truth)		1
GSD:c8753ce2-90c7-5f6d-8408-8771b0fbcdd3	α-linked O-fucose modification	2A	Linkage-specified substructure	2	llm	upgraded from 2B: contains explicit linkage ('α'-linked)		1
GSD:ade6d676-1080-4cfc-9002-0357f03cb578	Isolevoglucosenone	X	Outside scheme	X	llm	non‑glycan compound		1
GSD:7851137b-b430-4937-9aa9-92db893cb499	Isomaltotriose	2B	Single descriptor phrase	2	curator	Curator-assigned classification (ground truth)		1
GSD:bb88a097-bdf3-47e0-8e70-0ff1d79cd5b8	Kanosamine	3B	Monosaccharide or named disaccharide	3	curator	Curator-assigned classification (ground truth)		1
GSD:37b50cf6-4bb0-4b14-8405-2be880d215bd	Kansosamine	3B	Monosaccharide or named disaccharide	3	curator	Curator-assigned classification (ground truth)		1
GSD:3348a526-ad88-47ed-8d59-b877b23e2896	Kojibiose	3B	Monosaccharide or named disaccharide	3	curator	Curator-assigned classification (ground truth)		1
GSD:7248cb2b-d67d-4cc9-b5ac-d86e533148a8	L-Fucitol	3B	Monosaccharide or named disaccharide	3	curator	Curator-assigned classification (ground truth)		1
GSD:42f9cd16-c674-4b0e-87e9-3fc6c950b48d	LNT	1A	Canonical named glycan entity	1	curator	Curator-assigned classification (ground truth)		2
GSD:dbe354d3-8867-451f-8adb-be217841209d	LNnT	1A	Canonical named glycan entity	1	curator	Curator-assigned classification (ground truth)		2
GSD:df536945-623e-4868-811d-b83f8afe5b06	Lactosediamine	2B	Single descriptor phrase	2	curator	Curator-assigned classification (ground truth)		1
GSD:10a7a223-3fe6-42ae-b4aa-9c3de79a9f67	Lactosylceramides	3A	Umbrella / glycoconjugate class	3	curator	Curator-assigned classification (ground truth)		2
GSD:da56b843-c377-413e-8914-be1407f5539a	Laminarabiose	3B	Monosaccharide or named disaccharide	3	curator	Curator-assigned classification (ground truth)		1
GSD:87a1a95f-961c-4731-afd0-ad08d0adba30	LeALex	1A	Canonical named glycan entity	1	curator	Curator-assigned classification (ground truth)		2
GSD:55a9a33a-564c-41c3-97d2-90f9facf58be	Lec	1A	Canonical named glycan entity	1	curator	Curator-assigned classification (ground truth)		2
GSD:e3fd663f-6d87-4f25-bd01-70b689bcb65f	Lec-LeX	1A	Canonical named glycan entity	1	curator	Curator-assigned classification (ground truth)		2
GSD:7a5bd3ed-8cf1-590b-a0d0-361864a820eb	α-linked polyglucose	1C	Non-GAG homo/hetero-polymer	1	llm	Plant polysaccharide alpha‑glucan		1
GSD:32bfa27a-d28a-584a-9a53-7b24e852853f	α-mannan	1C	Non-GAG homo/hetero-polymer	1	llm	Plant polysaccharide	G29313LW; G07490EK; G51379UR	2
GSD:a7a00ed8-2bc9-49fb-b180-e28af27185b2	Levoglucosan	3B	Monosaccharide or named disaccharide	3	llm	upgraded from 2B: Single monosaccharide-like compound		1
GSD:a2975b50-96f1-55c1-9723-87fb404221fb	α-mannose-containing glycan	2B	Single descriptor phrase	2	llm	single descriptor with glycan noun		1
GSD:ff874652-fb71-4404-a09a-d2967247a8d5	Levoglucosenone	X	Outside scheme	X	llm	non‑glycan compound		1
GSD:e95d84b4-8bf0-41ce-8ec8-3f513f48549b	Lex-LeA	1A	Canonical named glycan entity	1	curator	Curator-assigned classification (ground truth)		2
GSD:ca80301a-4dda-4307-86bb-1b1b661da7c9	Ley -Lex	1A	Canonical named glycan entity	1	curator	Curator-assigned classification (ground truth)		2
GSD:fdabe95b-5888-4470-835f-726ccf3e685f	Ley-Di-Lex	1A	Canonical named glycan entity	1	curator	Curator-assigned classification (ground truth)		2
GSD:d1dd1a2b-2019-428d-9826-368e97c12370	Lyxose	3B	Monosaccharide or named disaccharide	3	curator	Curator-assigned classification (ground truth)		1
GSD:02ab6801-8a2e-476f-bd6e-c717aa215616	Manninotriose	2B	Single descriptor phrase	2	curator	Curator-assigned classification (ground truth)		1
GSD:442f66ee-7976-4c6d-a43e-1c62a05cc3ae	Mannosamine	3B	Monosaccharide or named disaccharide	3	curator	Curator-assigned classification (ground truth)		1
GSD:22503e9c-0090-4332-933c-185638f9f2b9	Melezitose	2B	Single descriptor phrase	2	llm	default fallback – unclassified term		1
GSD:eeb70c60-8300-4a44-b121-a00225f0c353	Muramic acid	3B	Monosaccharide or named disaccharide	3	curator	Curator-assigned classification (ground truth)		1
GSD:fdd9b60c-fa0e-4821-b69e-c43ed6ba5466	Mycaminose	3B	Monosaccharide or named disaccharide	3	curator	Curator-assigned classification (ground truth)		1
GSD:76291622-a6af-4316-a757-6d72de87943d	Mycarose	3B	Monosaccharide or named disaccharide	3	curator	Curator-assigned classification (ground truth)		1
GSD:a54be935-54ee-4e8a-9301-fe0f00961b71	Mycinose	3B	Monosaccharide or named disaccharide	3	curator	Curator-assigned classification (ground truth)		1
GSD:6f864822-3ec0-4123-b6e7-7a120d0f6a4a	Mycosamine	3B	Monosaccharide or named disaccharide	3	curator	Curator-assigned classification (ground truth)		1
GSD:074c18ce-d0db-5638-b2f1-18f7c5525a09	α-sialyl linkage	2A	Linkage-specified substructure	2	llm	upgraded from 2B: contains explicit linkage annotation		1
GSD:602bc4bf-da9f-505c-8a5d-d3de8020b72d	β-(1,3)-glucan	1C	Non-GAG homo/hetero-polymer	1	llm	Plant polysaccharide		1
GSD:d357ac13-df30-4206-b9ad-399750f3adb2	Neolactotetraose	1A	Canonical named glycan entity	1	llm	upgraded from 2B: ‘Neolactotetraose’ is a distinct, canonically‑named oligosaccharide rather than a simple descriptor plus noun.		2
GSD:81acd674-e1c0-4ced-a409-319680aecf10	Neuraminic acid	3B	Monosaccharide or named disaccharide	3	curator	Curator-assigned classification (ground truth)		1
GSD:582076e4-cb5f-41c6-b1d7-caa01f5f174e	Nigerose	3B	Monosaccharide or named disaccharide	3	curator	Curator-assigned classification (ground truth)		1
GSD:58db99db-8d7c-400d-9254-37d4058c83ec	Nojirimycin	3B	Monosaccharide or named disaccharide	3	curator	Curator-assigned classification (ground truth)		1
GSD:751847ea-e198-4922-9c6a-4b85a85f0d50	Noviose	3B	Monosaccharide or named disaccharide	3	curator	Curator-assigned classification (ground truth)		1
GSD:2da4fdfa-7041-482c-854c-e16809860245	Oleandrose	3B	Monosaccharide or named disaccharide	3	curator	Curator-assigned classification (ground truth)		1
GSD:98dea694-2b59-4631-889d-96e6c7a465ba	P1 penta	1A	Canonical named glycan entity	1	curator	Curator-assigned classification (ground truth)		2
GSD:c0915417-f0b1-4d6e-bde3-f463b61d88b5	P1 tetra	1A	Canonical named glycan entity	1	curator	Curator-assigned classification (ground truth)		2
GSD:4e53d1fb-1c15-4af6-bcc2-f6ad97bf0f60	P1 tri	1A	Canonical named glycan entity	1	curator	Curator-assigned classification (ground truth)		2
GSD:ab661c7c-c32d-4cac-924f-389fb01a795f	Paratose	3B	Monosaccharide or named disaccharide	3	curator	Curator-assigned classification (ground truth)		1
GSD:04fc54b6-4e7e-4e4b-af84-58ba42cdcaa8	Perosamine	3B	Monosaccharide or named disaccharide	3	curator	Curator-assigned classification (ground truth)		1
GSD:397e8bba-855e-4053-8375-ab36e390b65e	Planteose	3B	Monosaccharide or named disaccharide	3	llm	Rare monosaccharide name		1
GSD:b3dc50a8-5251-44a8-be44-9cf72d3a61d3	Pneumosamine	3B	Monosaccharide or named disaccharide	3	curator	Curator-assigned classification (ground truth)		1
GSD:49857596-eee7-4047-be55-36e910223557	Psicose	3B	Monosaccharide or named disaccharide	3	curator	Curator-assigned classification (ground truth)		1
GSD:c22f3cb6-f319-4441-9117-735b63a41b04	Purpurosamine C	3B	Monosaccharide or named disaccharide	3	curator	Curator-assigned classification (ground truth)		1
GSD:7deb4a67-0408-4d42-a7e9-d24f972902f6	Quinovosamine	3B	Monosaccharide or named disaccharide	3	curator	Curator-assigned classification (ground truth)		1
GSD:10d9b320-25e8-4945-893f-83ccd078a1ad	Quinovose	3B	Monosaccharide or named disaccharide	3	curator	Curator-assigned classification (ground truth)		1
GSD:42b2100b-1a04-4e56-9969-95bbd691dde2	Rhamnitol	3B	Monosaccharide or named disaccharide	3	curator	Curator-assigned classification (ground truth)		1
GSD:c3115db4-8cce-4a02-8be6-5c55377f8272	Rhamnosamine	3B	Monosaccharide or named disaccharide	3	curator	Curator-assigned classification (ground truth)		1
GSD:4eeef486-48bb-49fa-8a2a-a8008c5f8b9b	Rhamnose	3B	Monosaccharide or named disaccharide	3	curator	Curator-assigned classification (ground truth)		1
GSD:72457f64-d3e7-45b7-93e5-85dbf7a23b04	Rhodinose	3B	Monosaccharide or named disaccharide	3	curator	Curator-assigned classification (ground truth)		1
GSD:9d7bb73d-dd5a-45d6-8c87-901922ff03a4	Rhodosamine	3B	Monosaccharide or named disaccharide	3	curator	Curator-assigned classification (ground truth)		1
GSD:7e63c329-d407-4f0b-9804-0d98022538f4	Ribose	3B	Monosaccharide or named disaccharide	3	curator	Curator-assigned classification (ground truth)		1
GSD:e5fa46fd-1ab7-4c38-aef1-cce432057c13	Ribulose	3B	Monosaccharide or named disaccharide	3	curator	Curator-assigned classification (ground truth)		1
GSD:eca00c44-9f43-4c65-93db-1b5352dad0b1	STn	1A	Canonical named glycan entity	1	curator	Curator-assigned classification (ground truth)		1
GSD:8c1da32d-8461-4e05-8550-1e10ab90e081	Sarmentose	3B	Monosaccharide or named disaccharide	3	curator	Curator-assigned classification (ground truth)		1
GSD:ddd2df0f-408b-4b9b-8697-c764a6428fed	Sedoheptulosan	3B	Monosaccharide or named disaccharide	3	curator	Curator-assigned classification (ground truth)		1
GSD:af7f0477-7484-4a93-a6ae-92d1a953d4ff	Sedoheptulose	3B	Monosaccharide or named disaccharide	3	curator	Curator-assigned classification (ground truth)		1
GSD:3f1f513f-f9df-5475-8bb2-ca5235e3de00	β-(1,4)-glucan	2A	Linkage-specified substructure	2	llm	upgraded from 2B: contains explicit linkage notation		1
GSD:e8b1df23-5a49-5fd5-ba6a-9e4701e140d1	β-(1,4)-mannuronate	3B	Monosaccharide or named disaccharide	3	llm	Modified monosaccharide – mannuronate.		1
GSD:87c161ab-20ae-4e64-9314-dac32091a62f	Solatriose	3B	Monosaccharide or named disaccharide	3	llm	upgraded from 2B: Single monosaccharide		1
GSD:f36218ae-3b06-43dd-b7b4-419b9df73d72	Sophorose	3B	Monosaccharide or named disaccharide	3	curator	Curator-assigned classification (ground truth)		1
GSD:d0ec6505-274e-4db9-ac03-78e157bdeba7	Sorbose	3B	Monosaccharide or named disaccharide	3	curator	Curator-assigned classification (ground truth)		1
GSD:a682ef18-7c67-5471-bd36-7a689b7f6114	β2-linked mannose polymer	1C	Non-GAG homo/hetero-polymer	1	llm	Polymeric mannose chain fits plant/microbial polysaccharide category.		1
GSD:444a9542-bd90-5bca-a8ea-78fc7b905dc4	β2-linked N-acetylglucosamine	2C	Composite descriptive phrase	2	llm	linkage+monosaccharide composite		1
GSD:72314f0e-0721-4452-9396-9b8ab18fd9fd	Stachyose	2B	Single descriptor phrase	2	llm	default fallback		1
GSD:22183771-ddc6-44f4-b6a8-0223dbb7f8e7	Streptose	3B	Monosaccharide or named disaccharide	3	curator	Curator-assigned classification (ground truth)		1
GSD:f71b9af9-624e-4ab4-ab01-2bf4efb6a378	Sucrose	3B	Monosaccharide or named disaccharide	3	curator	Curator-assigned classification (ground truth)		1
GSD:d94c47ca-e8b8-4dae-af20-1a3a15368bd7	TF	1A	Canonical named glycan entity	1	curator	Curator-assigned classification (ground truth)		1
GSD:fc967f3f-3e32-4fa6-b059-b05516e4dadf	Tagatose	3B	Monosaccharide or named disaccharide	3	curator	Curator-assigned classification (ground truth)		1
GSD:5e611276-c9a8-4d5e-8dda-90422d66969d	Talose	3B	Monosaccharide or named disaccharide	3	curator	Curator-assigned classification (ground truth)		1
GSD:2f37ec04-7fb3-58c1-8f7b-4995e61eda24	β4-linked N-acetylgalactosamine	2A	Linkage-specified substructure	2	llm	upgraded from 2B: contains explicit linkage notation		1
GSD:e3b0085c-d5b6-4083-b17e-a89333b5a973	Tartaric acid	X	Outside scheme	X	llm	non‑glycan compound		1
GSD:567728f2-b090-4f20-bb25-70278f447965	Threose	3B	Monosaccharide or named disaccharide	3	curator	Curator-assigned classification (ground truth)		1
GSD:d53603d6-74a6-4386-a824-a4ec8f8e9816	Trehalosamine	3B	Monosaccharide or named disaccharide	3	curator	Curator-assigned classification (ground truth)		1
GSD:69594bfb-99de-46fb-a398-ba43d032a62a	Tri-LN	1B	Named recurrent structural feature	1	curator	Curator-assigned classification (ground truth)		2
GSD:05319382-6aee-4edb-a6cc-02470b3e11ad	Tri-Lex	1A	Canonical named glycan entity	1	curator	Curator-assigned classification (ground truth)		2
GSD:8f6f52f5-f365-4726-857c-5743b000683b	Turanose	3B	Monosaccharide or named disaccharide	3	curator	Curator-assigned classification (ground truth)		1
GSD:3dada771-bcb9-4542-bbd9-8309f734acbd	Tyvelose	3B	Monosaccharide or named disaccharide	3	curator	Curator-assigned classification (ground truth)		1
GSD:be8acfd3-8241-5bb3-8e7f-21348d2fbb17	β4-linked N-acetylglucosamine	2A	Linkage-specified substructure	2	llm	upgraded from 2B: contains explicit linkage notation		1
GSD:4d270073-29bf-4dbc-9b9d-e216b9f732d5	Umbelliferose	1A	Canonical named glycan entity	1	llm	upgraded from 2B: ‘Umbelliferose’ is a specific named oligosaccharide rather than a simple descriptor.		1
GSD:236a974e-745d-4805-9ff2-29ee14fd44b6	Xylose	3B	Monosaccharide or named disaccharide	3	curator	Curator-assigned classification (ground truth)		1
GSD:b5e6a592-ae99-4bba-aef0-d9c50bcbb6ed	Xylulose	3B	Monosaccharide or named disaccharide	3	curator	Curator-assigned classification (ground truth)		1
GSD:787243fc-eea6-5ac3-b76f-ff0e45698791	β6-linked N-acetylglucosamine	2A	Linkage-specified substructure	2	llm	upgraded from 2B: contains explicit linkage notation		1
GSD:01ff59d2-19d2-4f7a-98f8-5c88a309e1e6	α(2-6)sialylÂ_ lactotetraosylceramide	3A	Umbrella / glycoconjugate class	3	llm	glycosphingolipid		1
GSD:4f04d2b2-5470-477c-8d7c-f6c713aaa150	α(2-6)sialyl  lactotetraosylceramide	2A	Linkage-specified substructure	2	curator	Curator-assigned classification (ground truth)		1
GSD:852dd841-58ba-46c8-870a-02ae424b423b	alpha()2-6)sialyl lactotetraosylceramide	2A	Linkage-specified substructure	2	curator	Curator-assigned classification (ground truth)		2
GSD:ce62a2a1-bc8e-43be-aef6-b94e27ad689c	Pk	1A	Canonical named glycan entity	1	curator	Curator-assigned classification (ground truth)		2
GSD:b1e943e8-3b74-5ca0-b624-b7035cb5867d	β-D-xyloside	3B	Monosaccharide or named disaccharide	3	llm	monosaccharide derivative		1
GSD:6c978e40-5b00-580b-b7c6-94bc0e970ccc	β-glucan	1C	Non-GAG homo/hetero-polymer	1	regex	Listed non-GAG polymer.	G00024MO	3
GSD:ad1e80a4-92ce-5bc2-b892-ffbbfaff2a25	β-linked galactose	3B	Monosaccharide or named disaccharide	3	llm	upgraded from 2B: Single monosaccharide	G65889KE; G68158BT	8
GSD:09f4cd98-a90c-5754-a796-8af8fcfd5b82	β-linked Kdo	3B	Monosaccharide or named disaccharide	3	llm	monosaccharide Kdo		1
GSD:ab43ce77-050f-5ca4-aee7-38cc6bd7430d	β-N-acetylgalactosaminide	3B	Monosaccharide or named disaccharide	3	llm	modified monosaccharide		1
GSD:bbaa2aeb-973c-5aa6-bc50-82c31077387a	β-N-acetylglucosaminide	3B	Monosaccharide or named disaccharide	3	llm	Modified monosaccharide		1
GSD:558c6e29-6921-4fa8-81fb-105af7b1ac93	A1	2D	Glycoform shorthand code	2	regex	Glycoform shorthand code.	G61751GZ	1
GSD:b9528c73-258e-4986-8bea-74d253f0afc6	A1G1	2D	Glycoform shorthand code	2	regex	Glycoform shorthand code.	G69411IG	1
GSD:0605927f-fc12-42da-a5c2-1a52395ab7f8	A2	2D	Glycoform shorthand code	2	regex	Glycoform shorthand code.	G36191CD	1
GSD:a4fafd81-d735-4de0-9a1a-54c71b11a0aa	A2[3]G1	2D	Glycoform shorthand code	2	regex	Glycoform shorthand code.	G66937TJ	1
GSD:149a032b-69f4-4689-8146-fde147ac4c65	A2[6]G1	2D	Glycoform shorthand code	2	regex	Glycoform shorthand code.	G89993FE	1
GSD:0b994b4c-7d17-42aa-b8fe-71d08800b960	A2B	2D	Glycoform shorthand code	2	regex	Glycoform shorthand code.	G59471TH	1
GSD:a7c3ef02-2f8b-4b92-8f06-445cc22031c0	A2BG0	2D	Glycoform shorthand code	2	regex	Glycoform shorthand code.	G59471TH	1
GSD:92f07899-60f1-4f07-ac64-85831ea7e874	A2BG1	2D	Glycoform shorthand code	2	regex	Glycoform shorthand code.	G72718TT	1
GSD:2410d679-553d-4dd0-ba68-b91629af36dc	A2BG2	2D	Glycoform shorthand code	2	regex	Glycoform shorthand code.	G52934AK	1
GSD:9311af08-d5dd-43b1-b0ac-116a77719f1b	A2BG2S1	2D	Glycoform shorthand code	2	regex	Glycoform shorthand code.		1
GSD:8bc613fa-fd70-4270-99e0-eba61136246d	A2BG2S2	2D	Glycoform shorthand code	2	regex	Glycoform shorthand code.		1
GSD:848697c5-4a99-46ca-9265-25cc5275cf78	A2F1	2E	Composition formula	2	regex	Composition formula (HNFS shorthand).		1
GSD:8dc047d1-e1a2-4a66-bfbb-65623b7f08fa	A2F1G2S2	2D	Glycoform shorthand code	2	regex	Glycoform shorthand code.		1
GSD:1950a6af-7cbb-49cf-aae3-59bc276a5980	A2G1	2D	Glycoform shorthand code	2	regex	Glycoform shorthand code.	G66937TJ	1
GSD:2d0aec1a-2f4b-44d7-9ff3-796bfdd88636	A2G2	2D	Glycoform shorthand code	2	regex	Glycoform shorthand code.	G36191CD	1
GSD:37d0e526-70e9-41a9-93ca-621586dff079	A2G2S1	2D	Glycoform shorthand code	2	regex	Glycoform shorthand code.		1
GSD:1acd7360-9827-4469-9cb2-b5fe84935177	A2G2S2	2D	Glycoform shorthand code	2	regex	Glycoform shorthand code.		1
GSD:8b2a49d6-7e7b-45b8-96c1-63abdb47802e	A3	2D	Glycoform shorthand code	2	regex	Glycoform shorthand code.	G29011JC	1
GSD:acf5da02-703e-4d92-a29a-c4557c8901c5	A3F1	2E	Composition formula	2	regex	Composition formula (HNFS shorthand).		1
GSD:9a676794-3fc8-40f1-95d2-96d33ced58f5	A3F1G3S2	2D	Glycoform shorthand code	2	regex	Glycoform shorthand code.		1
GSD:4d439e5c-227c-4662-8bb8-5ffd17a09eac	A3F1G3S3	2D	Glycoform shorthand code	2	regex	Glycoform shorthand code.		1
GSD:e8fa8a19-f73d-4c6b-9f00-ccdb8e29207d	A3F2G3S3	2D	Glycoform shorthand code	2	regex	Glycoform shorthand code.		1
GSD:eee720f8-4b0b-4f14-8333-0cf118cd84b6	A3G3	2D	Glycoform shorthand code	2	regex	Glycoform shorthand code.	G29857RC	1
GSD:09012562-756c-4994-890b-1699fe74a5f5	A3G3S2	2D	Glycoform shorthand code	2	regex	Glycoform shorthand code.		1
GSD:a572974c-d903-4a37-b82d-8ed145e7133c	A3G3S3	2D	Glycoform shorthand code	2	regex	Glycoform shorthand code.		1
GSD:038ada2e-fed9-474d-ad07-7cbd41a9c2ea	A4	2D	Glycoform shorthand code	2	regex	Glycoform shorthand code.	G20030CU	1
GSD:7f7c698f-5497-455f-acae-c7f55cee6d7a	A4F1	2E	Composition formula	2	regex	Composition formula (HNFS shorthand).		1
GSD:3f0e9a39-1e92-4752-9e41-9efb9dd035d9	A4F1G4	2D	Glycoform shorthand code	2	regex	Glycoform shorthand code.		1
GSD:6bbca09a-452a-4fa9-b34c-38279f52ca91	A4F1G4S4	2D	Glycoform shorthand code	2	regex	Glycoform shorthand code.		1
GSD:46bc0119-d6b8-430c-a1f4-82c95fb8dbac	A4G4	2D	Glycoform shorthand code	2	regex	Glycoform shorthand code.	G18938DW	1
GSD:05af8e56-3b80-4f58-878e-1c02ac445d83	A4G4S1	2D	Glycoform shorthand code	2	regex	Glycoform shorthand code.		1
GSD:94aede7b-f6e7-4347-abc1-b5e43a754c77	A4G4S2	2D	Glycoform shorthand code	2	regex	Glycoform shorthand code.		1
GSD:160acd22-9d2b-4267-9670-712c8490e7e1	A4G4S3	2D	Glycoform shorthand code	2	regex	Glycoform shorthand code.		1
GSD:a5cd0381-387e-4693-8faf-39d261b18e3f	A4G4S4	2D	Glycoform shorthand code	2	regex	Glycoform shorthand code.		1
GSD:1463378a-685e-4580-bada-bf5110f7f80a	FA1	2D	Glycoform shorthand code	2	regex	Glycoform shorthand code.		1
GSD:9c5f7f2b-a42a-46c4-a5fb-5f30aa680700	FA1G1	2D	Glycoform shorthand code	2	regex	Glycoform shorthand code.		1
GSD:aeebc5be-14f5-4c03-b61f-a2936330a37e	FA2	2D	Glycoform shorthand code	2	regex	Glycoform shorthand code.		1
GSD:32681f4f-b6e5-481b-b210-a244a5c73378	FA2[3]BG1	2D	Glycoform shorthand code	2	regex	Glycoform shorthand code.		1
GSD:adef3db2-d128-42a0-86af-2fe9fdaa6719	FA2[3]G1	2D	Glycoform shorthand code	2	regex	Glycoform shorthand code.		1
GSD:cd4a7669-b13d-4938-81ca-5dc9bcc7a57f	FA2[3]G1S1	2D	Glycoform shorthand code	2	regex	Glycoform shorthand code.		1
GSD:cc1bd28d-2cda-4819-9902-ded2eb2bf47d	FA2[6]BG1	2D	Glycoform shorthand code	2	regex	Glycoform shorthand code.		1
GSD:165e2c8c-4213-4d96-a40e-1fa770c78410	FA2[6]G1	2D	Glycoform shorthand code	2	regex	Glycoform shorthand code.		1
GSD:0f6dff69-e331-4e34-9d72-7bbb67a604b5	FA2B	2D	Glycoform shorthand code	2	regex	Glycoform shorthand code.		1
GSD:641038a1-7fd3-4b65-9ace-1d4fc9e650eb	FA2BG2	2D	Glycoform shorthand code	2	regex	Glycoform shorthand code.		1
GSD:af920d36-243b-4016-834e-deec53c77d1e	FA2BG2S1	2D	Glycoform shorthand code	2	regex	Glycoform shorthand code.		1
GSD:1fda2059-3956-45c5-8d62-9af6d225be60	FA2BG2S2	2D	Glycoform shorthand code	2	regex	Glycoform shorthand code.		1
GSD:fb845bf6-917c-4d4f-8176-b66eaa9b31a8	FA2F1G2S2	2D	Glycoform shorthand code	2	regex	Glycoform shorthand code.		1
GSD:4263014e-957d-44f1-b733-12302704fc09	FA2G1	2D	Glycoform shorthand code	2	regex	Glycoform shorthand code.		1
GSD:5d225294-62f8-4d1e-a112-d8a1192c29ab	FA2G1S1	2D	Glycoform shorthand code	2	regex	Glycoform shorthand code.		1
GSD:7bf91264-a639-48f4-a992-f1ad65f6d1e5	FA2G2	2D	Glycoform shorthand code	2	regex	Glycoform shorthand code.		1
GSD:2e04d1a2-3da5-458f-8573-39514b94b7b7	FA2G2S1	2D	Glycoform shorthand code	2	regex	Glycoform shorthand code.		1
GSD:54235f94-c902-44d0-994d-9235d7dc6fb7	FA2G2S2	2D	Glycoform shorthand code	2	regex	Glycoform shorthand code.		1
GSD:0fb25052-9b14-41b5-ab91-4062f7031941	FA3	2D	Glycoform shorthand code	2	regex	Glycoform shorthand code.		1
GSD:a4af7308-5106-450f-961c-f555980b279d	FA3B	2D	Glycoform shorthand code	2	regex	Glycoform shorthand code.		1
GSD:058efd1f-f654-479e-824e-bbda5ff6b69a	FA3F1G3S3	2D	Glycoform shorthand code	2	regex	Glycoform shorthand code.		1
GSD:556417e6-2691-4e4e-bd70-8e311d17c9c3	FA3G3	2D	Glycoform shorthand code	2	regex	Glycoform shorthand code.		1
GSD:c3874249-f0e6-45e8-ac6e-a12224f0ff64	FA3G3S3	2D	Glycoform shorthand code	2	regex	Glycoform shorthand code.		1
GSD:57f7f432-089d-4fb4-889f-e6393b0d4d19	FA4	2D	Glycoform shorthand code	2	regex	Glycoform shorthand code.		1
GSD:d802f979-8882-4c39-945a-92a0531cd269	FA4F1G4S4	2D	Glycoform shorthand code	2	regex	Glycoform shorthand code.		1
GSD:2d1e1acb-8613-48c5-a166-dc30d456f389	FA4G4	2D	Glycoform shorthand code	2	regex	Glycoform shorthand code.		1
GSD:8998868d-539a-4c2c-87ef-28d8ba2d31b6	FA4G4S4	2D	Glycoform shorthand code	2	regex	Glycoform shorthand code.		1
GSD:3eac30ef-5494-45c6-bdf5-108a05cf1890	G0-N	2D	Glycoform shorthand code	2	llm	upgraded from 2B: glycoform shorthand	G61751GZ	1
GSD:6fb1b3d1-7810-41fc-917e-44634e577d3c	G0B	2D	Glycoform shorthand code	2	regex	Glycoform shorthand code.	G59471TH	1
GSD:e2868821-1995-4872-983f-4231e9fd8faf	G0F	2D	Glycoform shorthand code	2	regex	Glycoform shorthand code.		1
GSD:e2aedcf6-3412-4ce7-8768-970fff170c92	G0FB	2D	Glycoform shorthand code	2	regex	Glycoform shorthand code.		1
GSD:e09b35de-0e6a-4fdd-a9b2-ad015b788603	G1	2D	Glycoform shorthand code	2	regex	Glycoform shorthand code.	G66937TJ	1
GSD:aeeaceb1-5530-4598-b828-31015aceeaa0	G1F	2D	Glycoform shorthand code	2	regex	Glycoform shorthand code.		1
GSD:a9dc8b21-25a3-4a48-8943-0c8e852ff46c	G2	2D	Glycoform shorthand code	2	llm	shorthand glycoform code	G36191CD	1
GSD:c979ed9e-e4e2-4ec6-ae30-da5a7ad21b32	G2F	2D	Glycoform shorthand code	2	regex	Glycoform shorthand code.		1
GSD:06a32dd0-c657-491d-bcf9-c719061df840	G2FS1	2D	Glycoform shorthand code	2	regex	Glycoform shorthand code.		1
GSD:5750e9ec-7e77-491e-a140-3b90e2b0df83	G2FS2	2D	Glycoform shorthand code	2	regex	Glycoform shorthand code.		1
GSD:27e8bdda-e653-437d-a0b4-7806b6892790	G1M9	2D	Glycoform shorthand code	2	llm	shorthand glycoform code		1
GSD:a695785e-9e88-4f37-91f5-f38fc81a3448	G2M9	2D	Glycoform shorthand code	2	llm	shorthand glycoform code		1
GSD:31920366-d0a5-4ca0-b9f7-3b9fceff0283	M3 (N-glycan)	2D	Glycoform shorthand code	2	llm	shorthand glycoform code	G22768VO	1
GSD:f5c9087c-f814-4e25-8197-5801209af7e1	M5	2D	Glycoform shorthand code	2	regex	Glycoform shorthand code.	G32104JU	1
GSD:2567d8db-d209-41bb-9f3e-86cc5bc11725	M6	2D	Glycoform shorthand code	2	regex	Glycoform shorthand code.	G56038AR	1
GSD:b09056c6-2f81-4d26-9e20-c4cf7d1406f5	M7	2D	Glycoform shorthand code	2	regex	Glycoform shorthand code.	G04216GB	1
GSD:cbbfc6f4-8a29-49f9-95f8-e151c13f9914	M7AB	2D	Glycoform shorthand code	2	regex	Glycoform shorthand code.		1
GSD:b0c06d6b-d81c-4b50-95b0-c2372764a0b7	M7AC	2D	Glycoform shorthand code	2	llm	shorthand glycoform code		1
GSD:2fc718c5-7cc7-4eea-8953-ad6fbe516208	M8A	2D	Glycoform shorthand code	2	regex	Glycoform shorthand code.		1
GSD:f157d93e-add0-4d35-8495-be2ef2cf73f3	M8C	2D	Glycoform shorthand code	2	llm	shorthand glycoform code		1
GSD:e46355aa-9afd-475b-8df0-ac024fd4e49d	M8	2D	Glycoform shorthand code	2	regex	Glycoform shorthand code.	G91704UR	1
GSD:7a9857d9-21b5-40a1-aa48-deb2cca160d8	M9	2D	Glycoform shorthand code	2	regex	Glycoform shorthand code.	G26508HK	1
GSD:30a56b3d-0d9f-4b84-97ae-59c984f60006	asialo-GM2	1A	Canonical named glycan entity	1	llm	canonical ganglioside GM2	G90562PB	6
GSD:441f2d1d-745c-4ef0-a4f5-5449e060b4dc	asialo-GM3	1A	Canonical named glycan entity	1	llm	canonical ganglioside GM3	G84224TW; G15541SE	2
GSD:5952daf4-735e-4d0d-95d0-6ddf95a0710a	arabinan	1C	Non-GAG homo/hetero-polymer	1	llm	Plant polysaccharide	G22535ZZ	4
GSD:38b53e04-c595-43d5-84ce-be2c1b8ff768	chondroitin-6-sulfate	1A	Canonical named glycan entity	1	llm	canonical GAG name	G34992DF	4
GSD:ade8a5a9-57d3-4ff5-865b-88780709dfaf	Fuc(a1-3)GalNAc(b1)	2A	Linkage-specified substructure	2	llm	upgraded from 2B: contains explicit linkage notation	G57709BH	4
GSD:c32609b5-fb10-4da5-9846-18edce240bd8	GA2	1A	Canonical named glycan entity	1	llm	canonical globo-series glycan	G90562PB	2
GSD:9e14b0e8-3569-48e4-af19-f86179c64dfc	Gal(b1-3)GalNAc	3B	Monosaccharide or named disaccharide	3	llm	Specific disaccharide	G78436BB; G58645HA	4
GSD:6b2a64e9-4797-48ca-bcf2-292cbc93bce9	Gal(b1-4)[Fuc(a1-3)]Glc(b1)	2C	Composite descriptive phrase	2	llm	Branched oligo‑structure with multiple linkage descriptors	G57548NB; G41323BT	3
GSD:87989b2d-1f15-4fb9-80a6-178de7613a3b	Gal-CTH	2D	Glycoform shorthand code	2	llm	upgraded from 2B: Short alphanumeric glycoform shorthand	G91649BT	4
GSD:b15fba9a-268c-4eb9-a971-26c5c06d4e1a	GalNAc(b1-3)Gal(b1-4)GlcNAc	2C	Composite descriptive phrase	2	llm	multiple linkage descriptors combined	G61149BD	4
GSD:c0597b2b-399d-46d8-9bc4-183cac7cbf4c	GalNAc(b1-4)Gal	2A	Linkage-specified substructure	2	llm	upgraded from 2B: explicit β1‑4 linkage present	G60859DF	4
GSD:fb8e0f86-86c7-40cc-a2fd-328b9f52f003	GalNAc(b1-4)[Neu5Ac(a2-3)]Gal(b1)	2A	Linkage-specified substructure	2	llm	upgraded from 2B: contains explicit linkage notations	G45058HZ	4
GSD:0aa070e9-6bca-4700-b148-c537b80006a9	GalNAc(b1-4)[Neu5Gc(a2-3)]Gal(b1)	2A	Linkage-specified substructure	2	llm	upgraded from 2B: contains explicit linkage notations	G29406SZ; G23581GL	4
GSD:dd3d396c-6ed9-4487-8e19-6449f6519035	GalNAc-GD1a	1A	Canonical named glycan entity	1	llm	Modified known ganglioside GD1a	G92175CL	4
GSD:6af29d67-4678-43f2-9c9c-0c3bcf644218	galactosylgloboside	3A	Umbrella / glycoconjugate class	3	llm	belongs to broad glycolipid family	G99053DY	4
GSD:cb509f2c-8352-571e-987f-6afbb43dd3c5	Gb4	1A	Canonical named glycan entity	1	llm	canonical globo-series glycan	G00061MO	5
GSD:cc49bd2f-ba0c-4ad3-9727-8be4ef2ed4a9	Gg3	2D	Glycoform shorthand code	2	llm	upgraded from 2B: Alphanumeric glycoform shorthand	G90562PB	2
GSD:c0b57323-d10a-488f-a3ef-b23151a6b40e	Gg4	2D	Glycoform shorthand code	2	llm	upgraded from 2B: Short alphanumeric glycoform-like string	G21856LC	2
GSD:2e90df47-c162-4aeb-bad6-a8d4ef59b00a	Gg5	2D	Glycoform shorthand code	2	llm	upgraded from 2B: Short alphanumeric glycoform shorthand	G96834JC	2
GSD:608124e0-0589-49ef-8de2-a7899e40bad1	GlcNAc(b1-3)Gal	2A	Linkage-specified substructure	2	llm	upgraded from 2B: contains explicit linkage notation	G02880JU	4
GSD:9d65912f-97d1-4625-9f11-3031f1408e33	GlcNAc(b1-3)Gal(b1-4)GlcNAc	2A	Linkage-specified substructure	2	llm	upgraded from 2B: contains explicit linkage notation	G48117BL	5
GSD:504914ce-6a2e-4215-9408-b72fcf258e7e	KDN-Gal	3B	Monosaccharide or named disaccharide	3	llm	upgraded from 2B: The term denotes a disaccharide consisting of KDN linked to galactose, which falls into the category of a single monosaccharide or named free disaccharide.	G82612XX; G82625KX	4
GSD:461a0ae9-e18c-4b06-9e5e-62592fc337e2	LacNAc-Gal	2C	Composite descriptive phrase	2	llm	compound structure with two sugar units	G06580KR	4
GSD:e28ae0a4-cfce-4867-8526-e950e6405bcc	lacto-N-neotetraose	1B	Named recurrent structural feature	1	llm	named recurring structural feature	G48059CD; G45827GY	8
GSD:f953302a-e368-43aa-8a00-f254d26bf693	lacto-N-tetraose	3A	Umbrella / glycoconjugate class	3	llm	belongs to lacto-series umbrella	G45827GY; G48059CD	8
GSD:6c972eec-6baf-4b08-a21b-58748889ad2f	lactogangliotetraosylceramide	1A	Canonical named glycan entity	1	llm	canonical globo/lacto series glycan	G62554JH; G85237WB	4
GSD:18ddd830-8974-4494-a880-47eed3c79f17	lactotetraosylceramide	1A	Canonical named glycan entity	1	llm	canonical globo/lacto series glycan	G00049MO	5
GSD:b26727f7-8dbe-490d-abbd-28a7a9e17690	Lc4	2D	Glycoform shorthand code	2	llm	upgraded from 2B: Short alphanumeric glycoform shorthand	G00049MO	2
GSD:b521334b-3fb2-4a74-9379-a44185d69144	M3FX	2D	Glycoform shorthand code	2	regex	Glycoform shorthand code.	G47379VH; G26295XE	4
GSD:bd544174-9b27-4f63-b71b-c5666358a595	Neu5Ac(a2-3)Gal(b1-3)GalNAc	2A	Linkage-specified substructure	2	llm	upgraded from 2B: contains explicit linkage notations	G56299XO	1
GSD:f261beda-27ca-45b9-a01a-35b48b50b7ce	Neu5Ac(a2-3)Gal(b1-4)Glc	2A	Linkage-specified substructure	2	llm	upgraded from 2B: contains explicit linkage notation	G56516VH	1
GSD:5c2de4b2-4008-4dd8-884f-973a690259aa	Neu5Ac(a2-3)Gal(b1-4)GlcNAc	2A	Linkage-specified substructure	2	llm	upgraded from 2B: contains explicit linkage notation	G10203DW	5
GSD:bbd48827-78a7-4efd-a2fe-37d7b5886f8f	Neu5Ac(a2-6)GalNAc	3B	Monosaccharide or named disaccharide	3	llm	Disaccharide structure	G08371CD	4
GSD:6c0aa996-d859-479b-8c37-d6710034a904	Neu5Ac(a2-8)Neu5Ac(a2-3)Gal	2A	Linkage-specified substructure	2	llm	upgraded from 2B: contains explicit linkage notations	G82775QT; G43195TR	4
GSD:8c8ff0f0-4ac8-4aaf-aed6-92368916beec	Neu5Ac(a2-8)Neu5Ac(a2-3)Gal(b1-3)GalNAc	2C	Composite descriptive phrase	2	llm	Complex oligomeric sequence	G93910CU	4
GSD:3e6860e0-dd8d-46c4-9083-6d0dfbe438cf	Neu5Ac(a2-8)Neu5Ac(a2-3)Gal(b1-4)Glc	2A	Linkage-specified substructure	2	llm	upgraded from 2B: contains explicit linkage notation	G81928IQ	1
GSD:f622cdfb-328b-4e57-8482-d08002907ef6	Neu5Ac(a2-8)Neu5Gc(a2-3)Gal	2A	Linkage-specified substructure	2	llm	upgraded from 2B: contains explicit linkage notations	G82974JM	1
GSD:cc87fa4e-1acc-4b6d-b257-543d6355e5fb	Neu5Ac(a2-8)Neu5Gc(a2-3)Gal(b1-4)Glc	2A	Linkage-specified substructure	2	llm	upgraded from 2B: contains explicit linkage notation	G95233MF	1
GSD:d2b2f12c-b0ec-4b5f-a7ab-f139a386da5a	Neu5Gc(a2-3)Gal	3B	Monosaccharide or named disaccharide	3	llm	simple disaccharide	G53517XC	1
GSD:6bd898e9-9419-4433-a380-c6601f5a44c5	Neu5Gc(a2-3)Gal(b1-4)GlcNAc	2A	Linkage-specified substructure	2	llm	upgraded from 2B: contains explicit linkage notations	G48236KP	4
GSD:4a8949f9-0e19-4fd6-b3f8-303d3e5fc3f7	Neu5Gc(a2-8)Neu5Ac(a2-3)Gal	2A	Linkage-specified substructure	2	llm	upgraded from 2B: contains explicit linkage notations	G61424BA	1
GSD:12a83f46-619d-4aca-b4fa-db34f85715f0	Neu5Gc(a2-8)Neu5Gc(a2-3)Gal	2A	Linkage-specified substructure	2	llm	upgraded from 2B: contains explicit linkage notations	G16142UJ; G16775IT	4
GSD:a9009522-45f5-4fc5-ad82-df5e8c11148d	poly-KDN	3B	Monosaccharide or named disaccharide	3	llm	upgraded from 2B: Single monosaccharide-like unit	G42911NE	3
GSD:cadabd03-d656-4bab-b508-2e1074b53d1a	SD1a	2D	Glycoform shorthand code	2	llm	upgraded from 2B: Short alphanumeric glycoform-like label	G63813EJ	4
GSD:7f747c20-dbac-4427-89e2-788cc4fd90ca	SM3	X	Outside scheme	X	llm	non‑glycan abbreviation	G20044TD	4
GSD:65f5cada-eb8b-4f15-b7b5-04b914f1491b	SM4s	2D	Glycoform shorthand code	2	llm	shorthand glycoform code	G72548RZ	4
GSD:553a15fd-f3e1-4520-8d69-9c3d3b512bf1	amylose	1C	Non-GAG homo/hetero-polymer	1	regex	Listed non-GAG polymer.	G05740LL	3
GSD:4e6d2a6d-f729-4387-a94e-9997490ce215	cellotriose	3B	Monosaccharide or named disaccharide	3	llm	upgraded from 2B: named free trisaccharide	G50026IZ	3
GSD:5d04f9d1-9d56-4056-9b47-2d7a8c0a6ca5	gellan	3B	Monosaccharide or named disaccharide	3	llm	upgraded from 2B: ‘gellan’ is a named free polysaccharide rather than a specific glycan descriptor.	G41181BF	2
GSD:964e6a6f-727b-4a18-bc7b-75437cb819e0	gentiobiose	3B	Monosaccharide or named disaccharide	3	llm	named free disaccharide	G47329OU	3
GSD:cd817de8-1227-4cd7-a4cc-8aa89ce13ef5	iGb3	1A	Canonical named glycan entity	1	llm	canonical glycolipid	G78074HX	3
GSD:02f34de6-3acd-4b78-8238-381fc980095e	iGb4	1A	Canonical named glycan entity	1	llm	canonical globo-series glycolipid	G57710SU	3
GSD:fda54e47-8840-42f2-9050-43ab3ffd6771	isomaltose	3B	Monosaccharide or named disaccharide	3	llm	named free disaccharide	G36281WI	3
GSD:7bab4295-b653-434a-bde8-2761f91b2f96	isopanose	3B	Monosaccharide or named disaccharide	3	llm	upgraded from 2B: named free disaccharide	G37117TJ	3
GSD:d3bfc2ac-dec1-4d3c-9caf-48b03084df86	lactose	3B	Monosaccharide or named disaccharide	3	llm	named free disaccharide	G15541SE	6
GSD:6c2edbdf-0e8f-4cd6-ad02-1b204741afb0	maltose	3B	Monosaccharide or named disaccharide	3	llm	named free disaccharide	G44653LT	3
GSD:2e97c20e-d29c-4dbc-a4a9-6f5c1307d6d3	melibiose	3B	Monosaccharide or named disaccharide	3	llm	named free disaccharide	G66481II; G86123DJ	4
GSD:c983b5f3-2adc-4db8-8a25-782035454a36	nLc4	2D	Glycoform shorthand code	2	llm	upgraded from 2B: Short alphanumeric glycoform shorthand	G58896AZ	4
GSD:2c77b391-acda-47d8-8143-7858a299a67c	nLc6	2D	Glycoform shorthand code	2	llm	upgraded from 2B: Short alphanumeric glycoform shorthand	G84034JH	4
GSD:3dea9dc3-48cc-4ee9-87d0-8ecd5cd1d464	panose	X	Outside scheme	X	llm	non‑canonical trisaccharide	G44612JM	3
GSD:630edab2-70df-4281-9437-1890f9de9636	primeverose	3B	Monosaccharide or named disaccharide	3	llm	upgraded from 2B: Primeverose is a single monosaccharide.	G82276DL	3
GSD:20f8cecb-eca0-4636-8263-f286a02e69cc	rutinose	3B	Monosaccharide or named disaccharide	3	llm	named disaccharide	G68857PG	3
GSD:0232300a-a001-4f35-a1b6-f3a3deb18ed9	core 5	1A	Canonical named glycan entity	1	llm	canonical core structure	G00039MO	2
GSD:3e753d46-1782-4e9d-9f42-9dd0a5e8e884	core 6	1A	Canonical named glycan entity	1	llm	canonical core 6	G00041MO	2
GSD:49dd0450-0151-425e-99df-1c389e492835	core 7	1A	Canonical named glycan entity	1	llm	canonical core structure	G00043MO	2
GSD:8c9bf9d6-a030-4eeb-9642-3aca39662ac3	GD1 alpha pentasaccharide	1A	Canonical named glycan entity	1	llm	canonical ganglioside GD1	G45714BQ; G07394RV	4
GSD:a24b8a0e-617b-4265-90da-89051f4f6d47	GD1 alpha	3A	Umbrella / glycoconjugate class	3	llm	generic ganglioside term	G07394RV	2
GSD:510a134d-1712-472b-a50e-fea8e0d434f2	2-3 sialyl-lacto-N-tetraose	2A	Linkage-specified substructure	2	regex	Explicit linkage notation present.	G21066IE	4
GSD:cebea50e-809e-4e6b-9b8b-3616fe363ba7	6,6'-sulfo LacNAc	2C	Composite descriptive phrase	2	llm	compound descriptor with sulfonation and LacNAc	G24270KX; G41392LY	7
GSD:b4515395-fede-40c9-8d37-8fdf332bd82e	acharan sulfate	2B	Single descriptor phrase	2	llm	default fallback – unclear classification	G25575JK	4
GSD:8e5f1276-7205-4834-9d26-73c598c67828	delta-heparan sulfate	1A	Canonical named glycan entity	1	llm	Heparan sulfate is a canonical GAG.	G25575JK; G17927IW	4
GSD:9d4213ac-8c01-436a-82fc-31f84645bf00	2-9,2-6 disialyllactosylceramide	2C	Composite descriptive phrase	2	llm	Composite glycoform description	G30187JM	5
GSD:2387cdad-43b9-4c41-9c47-60f66326267c	core 0	1A	Canonical named glycan entity	1	llm	upgraded from 2B: ‘Core 0’ is a canonical glycan core designation.	G57321FI	2
GSD:8014d96b-dd47-4d24-909b-ae92f36ed710	fucosyl asialo-GM1	1A	Canonical named glycan entity	1	llm	canonical ganglioside modified	G57920AK	4
GSD:e1288740-84b8-4762-980b-3f51b48d3a5f	F1 alpha	X	Outside scheme	X	llm	non‑glycan term	G61730RY; G21312EA	4
GSD:3c8e4679-d370-4858-9016-f0d288c387b3	N-glycolyl GM3	1A	Canonical named glycan entity	1	llm	Modified ganglioside GM3	G75789AR	6
GSD:c201b527-626e-42df-9712-33a3cfdfbe05	core 8	1A	Canonical named glycan entity	1	llm	upgraded from 2B: ‘Core 8’ is a canonical core nomenclature used for glycans.	G76355TG	2
GSD:3ba55485-7aec-45b4-acc6-0cde9f25ffb0	poly-N-acetylneuraminic acid	1C	Non-GAG homo/hetero-polymer	1	llm	Polymeric chain of N‑acetylneuraminic acid	G80631ZD	4
GSD:996dbe5c-9f1d-4621-91b4-40768552f7de	2-6 sialylparagloboside	2A	Linkage-specified substructure	2	regex	Explicit linkage notation present.	G83513YI	6
GSD:83b8053a-8f3f-49f5-ad14-33651663ef9a	N-glycolyl GD3	1A	Canonical named glycan entity	1	llm	canonical ganglioside GD3	G84891DZ	4
GSD:06bd9230-9660-4176-95b3-5ea150555eb8	N-acetyl GM3	1A	Canonical named glycan entity	1	llm	upgraded from 2B: 'GM3' is a canonical ganglioside name; the preceding 'N‑acetyl' merely describes a variant.	G91237TK	6
GSD:1a223014-1b0b-4155-821c-f9f69aa8b422	poly-N-glycolylneuraminic acid	3B	Monosaccharide or named disaccharide	3	llm	monosaccharide derivative	G95717TY	4
GSD:5abce0cd-a3c7-4211-9503-65b0cec1a97c	N-acetyl GD3	2C	Composite descriptive phrase	2	llm	dual descriptors – N‑acetyl plus ganglioside GD3	G98544DH	4
GSD:03913360-7c86-4ed9-a762-d8deeb917f51	Lewis y (extended) / hexasaccharide	1A	Canonical named glycan entity	1	llm	canonical Lewis Y epitope	G69030AU	4
GSD:aa9e444d-dbfb-4d59-8f3d-5fd3e35df979	O-mannosyl glycan / mammalian	3C	Association-defined glycan marker	3	llm	"contains explicit anchor ""mammalian"""	G59126YU; G41959YC	4
GSD:225a830f-cc4a-42c0-8d60-ffca23cf7ac0	O-mannosyl glycan / yeast	3A	Umbrella / glycoconjugate class	3	llm	generic O‑mannosyl glycan category	G25559RS; G63072CF	4
GSD:48cb33e8-fbc3-4bd5-a7b0-4568f69b2a46	O-fucose glycan / EGF repeat	3A	Umbrella / glycoconjugate class	3	llm	umbrella O‑fucose glycan category	G39294YF; G17931GP	4
GSD:0f1d4f50-c1ce-442d-b509-85753f1af2fa	O-fucose glycan / thrombospondin type 1 repeat	3C	Association-defined glycan marker	3	llm	Protein anchor present	G36855WW	4
GSD:279d0705-3eab-4c6f-b0bd-d34ffa4ebc51	blood group A trisaccharide	1A	Canonical named glycan entity	1	llm	canonical blood group A trisaccharide	G00066MO; G17108EX; G58507AZ; G33888AF; G48600JD; G88356HA	7
GSD:5bd9117e-6e5a-49a7-81e7-73ce5ebb17e1	blood group A type 1 (difucosyl)	1A	Canonical named glycan entity	1	llm	canonical blood group A type 1 glycan	G97501MA	9
GSD:fbf4a554-5562-42a7-9a51-4679b1b9fef7	blood group A type 2 (difucosyl)	1A	Canonical named glycan entity	1	llm	canonical blood group A type 2	G54826OZ	11
GSD:5529f60d-2731-4786-9388-ceecabb6bbee	chondroitin sulfate D	2C	Composite descriptive phrase	2	llm	Composite GAG subtype	G46732TY	5
GSD:d759395b-0e38-46fc-a58b-2515b4192c9d	beta 1-6 galactan	2A	Linkage-specified substructure	2	regex	Explicit linkage notation present.	G69386QK	4
GSD:4abab09e-59b0-4c83-aed8-d8ce7e64819b	beta 1-4 galactan	2A	Linkage-specified substructure	2	regex	Explicit linkage notation present.	G77076MY	4
GSD:8f6f737c-2e91-4f67-8d78-0b81d0bfdcdf	mixed-linkage beta glucan	1C	Non-GAG homo/hetero-polymer	1	llm	Plant polysaccharide	G46558JB	4
GSD:067fc20f-5196-4e52-8493-97120eff6a4c	blood group H disaccharide	1A	Canonical named glycan entity	1	llm	canonical blood group H disaccharide	G00068MO; G43391VM; G50899UD; G49963IQ	7
GSD:b7d754c5-bc4d-4fd3-9220-7b491f997a5a	arabinogalactan type I	1C	Non-GAG homo/hetero-polymer	1	llm	Plant polysaccharide	G98272RS	4
GSD:7498e0fb-3377-4ee2-8c37-33f0232748e8	sialyl 6-sulfo LacNAc	2C	Composite descriptive phrase	2	llm	Composite description – sialylated & sulfated LacNAc	G99745QX	4
GSD:bf4125e8-7959-4ec2-b67f-ff8d0b0c3a3f	Lewis a- Lewis X hybrid antigen	1A	Canonical named glycan entity	1	llm	canonical Lewis antigen	G07357YR; G74578MX	5
GSD:d6eea297-7840-4efe-89df-52e5ddab9fb4	Neu5Gc(a2-3)Gal / monosialoganglioside	2C	Composite descriptive phrase	2	llm	Composite ganglioside description	G53517XC	4
GSD:586e36e8-3c9a-4fca-951f-65c34a7ddd08	dimeric Lewis a	1A	Canonical named glycan entity	1	llm	canonical Lewis a epitope	G21808VY; G06148DR; G82106UN	10
GSD:7a12fbed-8d5b-4843-a42a-fe3d68618294	disialyl Lewis c	1A	Canonical named glycan entity	1	llm	canonical Lewis epitope	G14000ZZ	4
GSD:6065c033-b855-4854-9681-32799c3d2bc6	sialyl Lewis c	1A	Canonical named glycan entity	1	llm	canonical sialyl Lewis C epitope	G46776WR	7
GSD:91dd3f7a-c0ee-40d4-b499-630f1967b1ed	2-6 sialyl i-Lewis x	2A	Linkage-specified substructure	2	regex	Explicit linkage notation present.	G93855LZ	5
GSD:fe41c176-a401-474a-ad78-3d673587de95	arabinogalactan type II	1C	Non-GAG homo/hetero-polymer	1	llm	Plant polysaccharide	G12828SG	4
GSD:9e04b3e9-01f0-4809-8f77-6637925b4d40	internal Lewis x	1A	Canonical named glycan entity	1	llm	canonical Lewis x epitope	G64227KZ	4
GSD:416c0ecc-e4db-48d3-a1dc-b960ae6cd923	6-sulfo Lewis x	1A	Canonical named glycan entity	1	llm	canonical Lewis epitope	G89307GT	5
GSD:a6c8cb4a-f684-48be-a06e-86fa493b2d87	β-linked lactose	3B	Monosaccharide or named disaccharide	3	llm	named free disaccharide	G84224TW	1
GSD:72a2b19d-9040-476b-86e5-091557249774	O-GlcNAc	3B	Monosaccharide or named disaccharide	3	llm	upgraded from 2B: Single monosaccharide name	G49108TO; G89565QL	3
GSD:39e7e2f5-e7d7-46b9-ae09-650bbcb231f8	3'-Sulfo Lewis x	1A	Canonical named glycan entity	1	llm	canonical Lewis epitope	G51907PX; G12295TB; G26555CS	5
GSD:af3681c1-eef5-4c2d-bff6-c0c65253a595	VIM-2	2D	Glycoform shorthand code	2	llm	upgraded from 2B: non‑glycan term	G01296LJ; G00065MO; G22418PV	7
GSD:8fa68b71-72f5-4f94-b404-18b896eb44e3	C-Series Gangliosides Oligosaccharide / Gangliotetraosyl Core Structure	3A	Umbrella / glycoconjugate class	3	llm	umbrella ganglioside category	G78818SP	3
GSD:d160ad45-8954-4071-9c42-9b078b99c191	GD2	1A	Canonical named glycan entity	1	llm	canonical ganglioside GD2	G02657AK	6
GSD:b9ba8127-ee6e-4795-bea3-3f86ac27524b	Gb3	1A	Canonical named glycan entity	1	llm	canonical globo-series glycan	G00059MO	3
GSD:55a4bb4b-b87a-4b5d-a596-52f20e763215	Galactosylceramide	3A	Umbrella / glycoconjugate class	3	llm	belongs to glycosphingolipids umbrella	G65889KE	4
GSD:3d662cb0-4335-4119-a2af-521d03812d11	Poly-KDN	3B	Monosaccharide or named disaccharide	3	llm	monosaccharide name		1
GSD:928e2a67-7f64-4258-b5ce-d6b5eb5908ce	Neu5Ac(a2-3)Gal / Monosialoganglioside	3A	Umbrella / glycoconjugate class	3	llm	Broader ganglioside class	G30207PZ; G77824XV	2
GSD:22d831bc-de3e-4c57-969d-4ab430096ba2	Neu5Ac(a2-3)Gal(b1-4)Glc	2A	Linkage-specified substructure	2	llm	upgraded from 2B: contains explicit linkage notation		1
GSD:31dae23b-5c21-4dd9-948a-99ebb0946a24	Neu5Ac(a2-8)Neu5Gc(a2-3)Gal	2A	Linkage-specified substructure	2	llm	upgraded from 2B: contains explicit linkage notations		1
GSD:2f501f5f-af30-41aa-b2d6-8fd844a33b80	Neu5Gc(a2-8)Neu5Ac(a2-3)Gal	2A	Linkage-specified substructure	2	llm	upgraded from 2B: contains explicit linkage notations		1
GSD:4c7513b8-9a15-4839-8041-2df9eb3af5b1	Neu5Ac(a2-8)Neu5Ac(a2-3)Gal(b1-4)Glc	2A	Linkage-specified substructure	2	llm	upgraded from 2B: contains explicit linkage notation	G81928IQ	3
GSD:2cdbf1a8-88b2-43eb-a50b-c9429b250151	Neu5Ac(a2-8)Neu5Gc(a2-3)Gal(b1-4)Glc	2A	Linkage-specified substructure	2	llm	upgraded from 2B: contains explicit linkage notation		1
GSD:2a5ebce3-e5dd-4462-bfd9-b516beeff136	Neu5Ac(a2-3)Gal(b1-3)GalNAc	2A	Linkage-specified substructure	2	llm	upgraded from 2B: contains explicit linkage notations		1
GSD:3f9ba86a-adb1-418c-92fd-6ff0689a13c1	2-6 Sialyl-LacNAc-Gal	2A	Linkage-specified substructure	2	regex	Explicit linkage notation present.	G03509EL	3
GSD:337b5fb8-3f75-43a1-855f-d2a6af376d9a	Gangliotriaosylceramide	3A	Umbrella / glycoconjugate class	3	llm	belongs to ganglioside family	G90562PB	2
GSD:d76493e6-6bce-476f-8af2-ef5580c82df3	Unnamed	3B	Monosaccharide or named disaccharide	3	llm	upgraded from 2B: term does not match known glycan patterns	G74621DY; G78436BB; G54721WC; G57710SU; G51699SI; G87315SO; G60859DF; G04616ST; G51331BY; G39064VB; G03499BP; G61298NX; G33224VN; G67988RO; G32969VW; G56299XO; G70323CJ; G07982RO; G78260AJ; G04165ZA; G03777BI; G08079IN; G30207PZ; G55153IW; G87245HS; G44345UH; G29313LW; G41709CA; G87727XV; G00407UJ; G65889KE; G00059MO; G91649BT; G12460DL; G02880JU; G39011KA; G55205ZV; G06000DZ; G23581GL; G65191ST; G48236KP	1
GSD:f408d7f0-de85-4b22-8343-4bc3debf1e66	Galactose	3B	Monosaccharide or named disaccharide	3	llm	monosaccharide noun	G68158BT; G65889KE	3
GSD:4aa3b6ac-d6cd-4245-a761-a9e4e0ea0614	Gal	3B	Monosaccharide or named disaccharide	3	llm	monosaccharide	G99053DY	2
GSD:08aed05d-6578-4fdd-85ee-6f567e0dda59	Leukosialin	3C	Association-defined glycan marker	3	llm	3C recall upgrade: The term refers to a specific protein (leukosialin/Sialoadhesin), which qualifies it as a 3C glycanset.	G78436BB; G50850NI	4
GSD:efde0077-3b30-4049-908a-06fca5baa212	Trisialogangliotetraosylceramide	3A	Umbrella / glycoconjugate class	3	llm	generic ganglioside family	G40183QN	2
GSD:13ee9c79-df90-4832-a104-ad8a54b4d72c	N-acetylneuraminic acid	3B	Monosaccharide or named disaccharide	3	llm	monosaccharide	G81533KY; G50850NI	3
GSD:6f476676-ab05-411e-9f9a-eaa2f04848db	N-acetylgalactosamine	3B	Monosaccharide or named disaccharide	3	llm	monosaccharide	G27025MB	1
GSD:87e77fa6-a0eb-4fee-b7cf-71c69720ac34	Sialyl-3-lactose	2A	Linkage-specified substructure	2	llm	upgraded from 2B: Contains explicit linkage information (-3).	G91237TK; G56516VH	2
GSD:6665fe0e-6633-4e77-a508-85e908534d5f	Sai2-3Gal	3B	Monosaccharide or named disaccharide	3	llm	Disaccharide-like structure	G77824XV; G30207PZ	1
GSD:e09f7934-a530-4b77-848e-e5918df21a5c	Disialylactose	3B	Monosaccharide or named disaccharide	3	llm	named disaccharide	G97569KL	2
GSD:41a3f071-d24c-4ecc-a57f-7f2f6bd657b2	Mannose	3B	Monosaccharide or named disaccharide	3	llm	monosaccharide	G70323CJ	2
GSD:8650a496-9314-42b5-a84e-bd68005d3865	B7 type 1	2B	Single descriptor phrase	2	llm	default fallback	G22689CV; G63238VS; G60395SO; G94938PL; G89208KM	7
GSD:d661dded-24a3-4e3b-b8a5-2c9cd4713fb5	A8 type 1	2C	Composite descriptive phrase	2	llm	upgraded from 2B: contains two descriptors ('A8' and 'type 1')	G04715SK	1
GSD:04c4980a-8dc5-446b-bfee-99092d8d857d	A6 type 1	2C	Composite descriptive phrase	2	llm	Composite description – two descriptors present.	G82858KU	1
GSD:0e8b1035-397d-4224-9b6c-8f3d3ff9048a	Glycoprotein 2	3A	Umbrella / glycoconjugate class	3	llm	generic glycoprotein term	G65507FU	1
GSD:2acff01f-299c-41a8-932d-1e99329fe5a7	Glycoprotein 1	X	Outside scheme	X	llm	generic glycoprotein term	G00711NG	1
GSD:11f0ce27-07a6-4693-a6b4-8f1ba4bc454c	Glycoprotein 3	3A	Umbrella / glycoconjugate class	3	llm	generic glycoprotein category	G76297JC	1
GSD:14d2f9b8-7b33-4fee-96bc-056607c4ae1d	N-acetylglucosamine	3B	Monosaccharide or named disaccharide	3	llm	monosaccharide noun	G64581RP	1
GSD:6fde25d3-e31e-4303-ab3a-2ca3882a3d32	Globo-H	1A	Canonical named glycan entity	1	llm	Known glycan antigen	G98465JN; G83120FP	8
GSD:7dac5cc6-d727-45e0-afdf-cbafa04d7a0a	Globo-A	1A	Canonical named glycan entity	1	llm	named globo-series lipid	G37830TX	1
GSD:6163ee00-2e73-4298-9acd-70d2cdc05c49	Mannotriose	3B	Monosaccharide or named disaccharide	3	llm	upgraded from 2B: named free trisaccharide	G17780OR; G47395XN; G28528AG	2
GSD:327d81f2-ad01-4696-8dbe-0d53ef86a1bd	NeuGc-GM2	1A	Canonical named glycan entity	1	llm	canonical ganglioside GM2	G56478LD	1
GSD:70e33abf-b5a9-49ec-8e9b-852ae250f059	Tetraosylceramide	1A	Canonical named glycan entity	1	llm	Known globo-series glycolipid	G95034OI	7
GSD:f41be57a-2469-4028-b5d6-6fcc9a63812d	Hexaosylceramide	3A	Umbrella / glycoconjugate class	3	llm	Specific glycosphingolipid	G83212YI	1
GSD:f582329a-549c-4b57-88d2-a51aafe4f271	Fucose	3B	Monosaccharide or named disaccharide	3	llm	monosaccharide noun	G82576YO	2
GSD:d8e3208f-7725-4ad7-af34-65e36b6cacd2	GL-II	2D	Glycoform shorthand code	2	llm	upgraded from 2B: Short alphanumeric glycoform-like label	G62971NJ	1
GSD:4a29e38e-62f9-4e28-bd2f-9eb0eb09869a	II3Neu5GcGg4Cer, GM1	1A	Canonical named glycan entity	1	llm	canonical ganglioside GM1	G24034CH	1
GSD:25d725aa-2241-4c42-8e81-ce98f4ebb942	Antigen A	1A	Canonical named glycan entity	1	llm	canonical ABO blood group A antigen	G58507AZ; G55958KV; G71832QJ	6
GSD:af9c25fd-50f3-40e8-885f-22f1389d2ef8	G9-B	2D	Glycoform shorthand code	2	llm	shorthand glycoform code	G08855PJ	1
GSD:d9f72ae6-e27f-4cd6-8bb0-a033813a581d	Sialyl Lewis x Lewis x	1A	Canonical named glycan entity	1	llm	canonical Lewis x epitope	G45215IJ	1
GSD:673d5e9a-4ae1-4402-99b8-467e48f56fb1	I-active ganglioside	2B	Single descriptor phrase	2	llm	descriptor + noun	G03067VG; G28566CQ; G16194TN	2
GSD:3e25cb4b-6057-4270-ab06-6f12f5d4191c	NeuAca3-nLc8	2A	Linkage-specified substructure	2	llm	upgraded from 2B: contains explicit linkage annotation	G26036PN	1
GSD:7872d6ff-49c2-4358-85b4-1d3799f6a153	Fuc-gangliotetraosylceramide	1A	Canonical named glycan entity	1	llm	canonical ganglioside GB4	G57920AK	2
GSD:f9f7af2d-04fe-4209-af56-69d98694f928	Sulf-gangliotetraosyl ceramide	3A	Umbrella / glycoconjugate class	3	llm	General ganglioside category	G96614JE; G57796RK; G59736KH; G96596OC	6
GSD:a0cd115f-d182-4ddd-9edf-234242a5b000	Sialyllactotetraosylceramide	1A	Canonical named glycan entity	1	llm	canonical glycan entity	G72692DY; G79536OW	1
GSD:03fd9689-0623-4acf-8c75-ccd1e06138f7	LSTa	1A	Canonical named glycan entity	1	llm	canonical glycan name	G21066IE	1
GSD:0e8f317a-909f-481c-b11b-0001fdb1c449	LSTc	1A	Canonical named glycan entity	1	llm	upgraded from 2B: ‘LSTc’ is a recognized canonical glycoconjugate/ganglio‑type abbreviation rather than a plain descriptor.	G21938SG	1
GSD:14ba2f9a-068b-4e26-9805-d9bcb1307f12	Sulfated sialyl-3-N-acetyllactosamine	2C	Composite descriptive phrase	2	llm	multiple descriptors – sulfated plus sialyl‑3‑N‑acetyl­lactosamine	G99745QX	2
GSD:6718767a-93d5-477b-b77b-f36b69590ab7	6′-sialyl-N-acetyllactosamine	2C	Composite descriptive phrase	2	llm	upgraded from 2B: contains two descriptors – ‘sialyl’ and ‘N‑acetyl­lactosamine’, making it a composite rather than a simple single‐descriptor term	G09376MR	2
GSD:174f42e2-d764-4ed9-85f2-f46283d72e20	6-sulfo sialyl Lewis c	1A	Canonical named glycan entity	1	llm	canonical Lewis epitope	G93779QZ	2
GSD:9b3abd48-1969-40e9-94b7-a274c2c3e584	A-galactosylparagloboside	2B	Single descriptor phrase	2	llm	generic descriptor only	G60645OK	2
GSD:eb1b3337-fdf5-4c30-94e2-00a567ba7151	A type 1 A Lewis b	1A	Canonical named glycan entity	1	llm	canonical Lewis B epitope	G12068BR	2
GSD:0647c7b9-bf1f-4a3e-b65d-47879fc5e7ff	NeuGca2-3I	3B	Monosaccharide or named disaccharide	3	llm	monosaccharide-like term	G72494BI; G53517XC	2
GSD:bcffd0e9-2bd8-4763-aa95-0391397f2ce5	NeuAca2-6I	3B	Monosaccharide or named disaccharide	3	llm	Standalone modified monosaccharide	G37563FN	1
GSD:647869e8-4cab-4737-a419-d9865a7efd3f	LNFP II	1A	Canonical named glycan entity	1	llm	canonical named glycan	G98173LG	1
GSD:eca31f4d-e5dd-4c3e-b841-1d9bbf4f7947	Lacto-N-fucopentose	1A	Canonical named glycan entity	1	llm	upgraded from 2B: The term represents a specific named oligosaccharide rather than a generic descriptor.	G98173LG	1
GSD:102c8571-7a47-45a8-9237-8b37da4448c4	Sialyllacto-N-neotetraose	2C	Composite descriptive phrase	2	llm	multiple descriptors combined	G72506RN	2
GSD:2e12fd00-9fe3-4169-a058-bd25321cb9fc	2′-fluorine-3′-sialyl-N-acetyllactosamine	2C	Composite descriptive phrase	2	llm	multiple modifiers on lactosamine	G47812NS; G62593IS	2
GSD:08ae8d1d-be95-43af-8afe-5519207b62be	Gg4Cer II3-sulfate	3A	Umbrella / glycoconjugate class	3	llm	generic glycolipid family	G59508TM	2
GSD:75e78000-a05e-4f0f-8d44-06fb7e7669d3	Sialyllacto-N-tetraose b	2C	Composite descriptive phrase	2	llm	upgraded from 2B: contains more than one descriptive element ('sialyllacto' and 'tetraose')	G32417JV	3
GSD:36ef20d5-18c2-45a7-8ca9-813606f7d2ae	NA2F	2D	Glycoform shorthand code	2	regex	Glycoform shorthand code.	G00998NI	1
GSD:20f2bd49-e5ec-499a-9de5-b3f3ae2b335d	Glucose	3B	Monosaccharide or named disaccharide	3	llm	monosaccharide noun	G15021LG	2
GSD:77987280-c657-41dd-88bd-6a48a01f64ed	Blood group A antigen hexaose type 2	3C	Association-defined glycan marker	3	llm	contains explicit blood group antigen reference		1
GSD:bcb45aa3-6778-4ead-8f4f-a85d57959302	Blood group A antigen pentaose type 2	1A	Canonical named glycan entity	1	llm	canonical blood group A antigen		2
GSD:3e659504-2013-46d4-89fb-2cffa62f4c4d	Blood group A antigen pentaose type 4	3C	Association-defined glycan marker	3	llm	contains explicit blood group antigen reference		1
GSD:38d06d2e-9a69-4b8a-b9f2-9cc076e213e9	Blood group A antigen tetraose type 5	3C	Association-defined glycan marker	3	llm	contains explicit blood group antigen reference		1
GSD:92d6743e-53ec-46e0-8126-127ff6164188	Blood group B antigen hexaose type 1	1A	Canonical named glycan entity	1	llm	canonical blood group B antigen		1
GSD:2d4fc6a1-624f-4406-89e4-12a64b311a74	Blood group B antigen hexaose type 2	3C	Association-defined glycan marker	3	llm	"contains explicit anchor ""Blood group B"""		1
GSD:964446eb-2eb5-4ee5-b3de-925ea13422b7	Blood group B antigen pentaose type 2	1A	Canonical named glycan entity	1	llm	canonical blood group B antigen		1
GSD:5a9f85f8-be30-420b-b83f-41598bd58f81	Blood group B antigen tetraose type 2	1A	Canonical named glycan entity	1	llm	canonical blood group B antigen		4
GSD:903953c4-39f9-458a-b076-31fd78b872e0	Blood group B antigen tetraose type 5	1A	Canonical named glycan entity	1	llm	canonical blood group B antigen		2
GSD:ec803b52-3ea8-408a-a755-d83b137d46ab	Blood group B antigen triose	1A	Canonical named glycan entity	1	llm	canonical blood group B antigen		1
GSD:25f4858c-57b2-45ba-a699-5d0c5850faee	Blood group B Lewis Y antigen pentaose type2	3C	Association-defined glycan marker	3	llm	"contains explicit anchor ""Blood group B"""		1
GSD:aeba4e82-f61e-4aa5-81d5-84fb4d69e9aa	Blood group H antigen tetraose type 2	1A	Canonical named glycan entity	1	llm	canonical blood group H antigen		1
GSD:d291f494-6ab0-41e6-9515-0b5b642cf245	Blood group H antigen triaose type 2	1A	Canonical named glycan entity	1	llm	canonical ABH blood group epitope		1
GSD:7c73812d-0a4f-4423-a915-7aabcc9c96b3	Blood group H antigen triose type 1	1A	Canonical named glycan entity	1	llm	canonical blood group H antigen		1
GSD:740f694c-a992-496e-80e6-e944c2f12b6e	Blood group H antigen triose type 4	1A	Canonical named glycan entity	1	llm	canonical blood group H antigen		1
GSD:64e58b0c-a794-42f5-a392-c44d7c263818	Blood group H antigen triose type 5	1A	Canonical named glycan entity	1	llm	canonical blood group H antigen		2
GSD:6987bd31-0e4b-46ad-90d9-b3ed4f22c953	Blood group H antigen triose type 6	1A	Canonical named glycan entity	1	llm	canonical blood group H antigen		1
GSD:3b82d0df-621c-4e14-a570-612aa33af66b	Lacto-N-fucopentaose I	1A	Canonical named glycan entity	1	llm	canonical lacto-series glycan		2
GSD:4b0dafbe-1e66-43fa-a92a-9699d8b6844e	LNT-2	2D	Glycoform shorthand code	2	llm	upgraded from 2B: Short alphanumeric glycoform shorthand		3
GSD:fd46db6e-bd64-48ef-8906-d30b288155b8	Blood group H antigen tetraose type 4 (Globo H tetraose)	3A	Umbrella / glycoconjugate class	3	llm	umbrella globo‑series		1
GSD:4bbbb825-bdb3-4fea-b172-f657d0450f8a	a2-3 Neu5Ac on Core 1	1A	Canonical named glycan entity	1	llm	canonical core structure		1
GSD:6b5a41e2-50f2-45b9-bc9e-a0b2e5c5e2ce	Lacto-N-triose	3B	Monosaccharide or named disaccharide	3	llm	upgraded from 2B: named free trisaccharide		1
GSD:9901da1c-a374-4bf7-8e2c-728dbcc2fb94	a-Galactose on Core 2	1A	Canonical named glycan entity	1	llm	"upgraded from 2B: Contains canonical core designation ""Core 2"" combined with an additional descriptor"		1
GSD:6fb007a2-f890-400f-9e78-f7c960dc175b	b-galactosylated Core 2	2C	Composite descriptive phrase	2	llm	descriptor+core composite		1
GSD:d6aa2e1a-308e-4a14-86d1-eae7677e50d2	disialyl Core 2	1A	Canonical named glycan entity	1	llm	Modified canonical Core 2	G54937EM	4
GSD:93980f57-6c56-4826-997f-414a764c1da5	disialyl Core 2 with sLex on Core 2	1A	Canonical named glycan entity	1	llm	Modified Core 2 variant		1
GSD:b9668bf4-d18f-4a53-a24a-54a733133fb5	Lacto-N-neooctaose	3A	Umbrella / glycoconjugate class	3	llm	belongs to lacto‑series family		1
GSD:3426f337-edec-45b1-8bc8-7e8640fb4597	LN3 Type 2 [I antigen]	1A	Canonical named glycan entity	1	llm	canonical I antigen		1
GSD:196b3f22-cd8a-4073-b5eb-667d615db2b4	Para-Lacto-N-neohexaose	2B	Single descriptor phrase	2	llm	generic oligosaccharide name		1
GSD:a0eaef32-7922-4a41-b960-4810c6b2d05e	SLex on Core 2	2C	Composite descriptive phrase	2	llm	multiple descriptors	G71121NN; G97345NY	7
GSD:bbb7e862-eb5f-4ab7-ad5e-cfd01b50c91c	Fuc-(GlcNAc-Man-(Gal-GlcNAc-Man)-Man-GlcNAc)-GlcNAc	2B	Single descriptor phrase	2	llm	generic glycan string, no other category matches		1
GSD:d7316ec4-0960-4c17-b2e5-a9fa6a480bf3	3S-Gal-4(Fuc)-GlcNAc	2C	Composite descriptive phrase	2	llm	multiple descriptors in one phrase		1
GSD:9075a10c-910e-473a-ae54-61eab188eb86	a-3Galactosyl-3Fucosyllactose	2A	Linkage-specified substructure	2	llm	upgraded from 2B: Contains explicit linkage notation ('a‑3')		1
GSD:15b5dd18-7ada-4455-b32d-b70db42175c5	a-4Galactosyl-3Fucosyllactose	2A	Linkage-specified substructure	2	llm	upgraded from 2B: contains explicit linkage notation		1
GSD:1bff85f7-d1e7-4531-b5b5-63a980aeb28a	3-Fucosylated Blood group A tetraose	3C	Association-defined glycan marker	3	llm	"contains explicit anchor ""Blood group A"""		1
GSD:eef38347-96be-41d1-8746-e14126ef45c9	3-Fucosyllactose	2B	Single descriptor phrase	2	llm	single descriptor fucosylated applied to lactose		1
GSD:d03cfa9f-ae12-4f77-81b9-afce3360c6c9	A-tetra Lactose	2C	Composite descriptive phrase	2	llm	upgraded from 2B: contains two descriptors – ‘tetra’ plus the core word ‘lactose’, so it exceeds the single‑descriptor rule.		3
GSD:c05bf8d1-b5fe-4171-99b0-8469efd224f9	B-tetra Lactose	3B	Monosaccharide or named disaccharide	3	llm	named disaccharide		3
GSD:eed93e54-f598-4df4-a3ba-45c90ac903fd	Difucosyllactose	2C	Composite descriptive phrase	2	llm	upgraded from 2B: The term combines two distinct structural features—‘difucosyl’ and ‘lactose’—making it a composite multi‑descriptive glycoconjugate rather than a simple single descriptor.		1
GSD:42ff6ce1-17f1-4b4c-906e-f0b12631c1cf	Chondroitin tetrasaccharide	2B	Single descriptor phrase	2	llm	descriptor+tetrasaccharide+GAG		1
GSD:6e63175b-7d8f-4588-b047-5c45e92397fb	Heparin decasaccharide	1A	Canonical named glycan entity	1	llm	canonical GAG entity		1
GSD:8c92ef2c-14d4-45da-a183-a0c03aec0f34	Heparin heptasaccharide	1A	Canonical named glycan entity	1	llm	canonical GAG entity		1
GSD:e4055e93-69dd-4047-8754-0f2b0eac6d15	Heparin hexasaccharide (deoxyGlcN)	1A	Canonical named glycan entity	1	llm	canonical GAG heparin		3
GSD:b628e532-f0d9-40ad-a083-8741ea2fca78	Heparin nonasaccharide	1A	Canonical named glycan entity	1	llm	canonical GAG name		1
GSD:48a1cf55-d62c-4f1d-adc3-1c53ecfbda37	Heparin octasaccharide	1A	Canonical named glycan entity	1	llm	canonical GAG name		1
GSD:ced7a2a1-ec14-4513-8d5f-79596136063b	Heparin pentasaccharide	1A	Canonical named glycan entity	1	llm	named GAG entity		2
GSD:f5ff0d6e-a4a6-413f-b6d3-315d04fc3880	Heparin tetrasaccharide	1A	Canonical named glycan entity	1	llm	canonical GAG entity		1
GSD:e707fddd-30ab-4bc2-9810-b86f0a700970	Hyalonuric acid hexasaccharide	2C	Composite descriptive phrase	2	llm	Composite glycan description		2
GSD:461add07-b35e-47c8-866c-0f4dfb007298	Hyalonuric acid tetrasaccharide	2B	Single descriptor phrase	2	llm	generic tetrasaccharide descriptor		1
GSD:a323f1dc-46ab-413c-98d8-7c38c54cc8ca	SR123781A (Heparin 16)	1A	Canonical named glycan entity	1	llm	named GAG heparin		1
GSD:bb993721-03ec-4f45-8435-ec9d0aedcf4b	deoxy-GlcA b1-3 GalNAc [4S] b1-4 GlcA b1-3 GalNAc [4S]	X	Outside scheme	X	llm	generic oligosaccharide string		1
GSD:2ea01c07-0d3e-40b3-87e6-1be6ab59fcec	Xeno lewis X (Gal Lewis x)	1A	Canonical named glycan entity	1	llm	canonical Lewis X epitope		1
GSD:3bb22683-9715-4e72-8c23-c14084150174	Xeno lewis a	1A	Canonical named glycan entity	1	llm	canonical Lewis a		1
GSD:7cb5748e-1e8c-49aa-8482-b18bc3fe0e76	Galili-tri	3C	Association-defined glycan marker	3	llm	"contains explicit protein anchor ""Galili"""		3
GSD:8628423b-7feb-49f2-b5d8-c59ef8c69ef0	Xeno antigen type 1	1A	Canonical named glycan entity	1	llm	upgraded from 2B: The phrase ‘Xeno antigen type 1’ represents a specific antigen designation rather than a simple descriptor+noun structure and therefore falls under a canonical named entity.		1
GSD:fc71ad32-1693-406d-adcf-1469197dc73e	Isoglobopentaose (iGB5)	1A	Canonical named glycan entity	1	llm	upgraded from 2B: canonical named entity		1
GSD:3cb24a69-32be-4380-8552-f8405dc1f0d3	Isoglobotriose (iGB3)	1A	Canonical named glycan entity	1	llm	"upgraded from 2B: Specific canonical glycotope ""Isoglobotriose"""		3
GSD:bdfe6cb3-6982-419f-b8b2-a6b7a463749a	GA1 (aGM1)	1A	Canonical named glycan entity	1	llm	canonical globo-series epitope	G21856LC	2
GSD:0570980f-ac8a-477a-b691-acdb8d9b7cd6	Neu5Ac a2-3 Gal b1-4 Glc b	2A	Linkage-specified substructure	2	llm	upgraded from 2B: contains explicit linkage notations		1
GSD:7c8f9a7f-10a6-4fd8-b880-a0fcfd7db647	Glucuronyl_Lactose	3B	Monosaccharide or named disaccharide	3	llm	Modified disaccharide		1
GSD:ed0f9d3e-5fb6-43fe-8402-7a30c04435d7	Glucuronyl-Lacto-N-tetraose	2C	Composite descriptive phrase	2	llm	upgraded from 2B: contains both ‘glucuronyl’ and ‘lacto‑n‑tetraose’, i.e., more than one descriptive element		1
GSD:38f1e228-ec20-4d17-947e-c561fe1ffdc5	GPI anchor	3A	Umbrella / glycoconjugate class	3	llm	General glycosylphosphatidylinositol anchor		1
GSD:c7672a6a-ae53-4bd9-9a8d-cd094b856ec3	6-su-GalNAc-SiaLewis x	1A	Canonical named glycan entity	1	llm	canonical Lewis x derivative		1
GSD:e1e1963f-5416-463c-9c72-22ca3fb1d1fb	6-su-Gal-SiaLewis x	1A	Canonical named glycan entity	1	llm	canonical Lewis x epitope		1
GSD:4a3ed001-dd22-4eb6-bd1b-b65bdc93d2ba	di-Lewis x b1-4 Lewis x [di-Lewis x]	1A	Canonical named glycan entity	1	llm	canonical Lewis x derivative		1
GSD:ea602361-539c-4e50-ad0a-f4945c1c15c9	Lewis a Lewis x	1A	Canonical named glycan entity	1	llm	canonical Lewis epitope		1
GSD:2a3882e1-188d-4a9c-8772-433ddaf26f7d	Lewis a LN	1A	Canonical named glycan entity	1	llm	canonical Lewis a epitope		1
GSD:57e63550-a1b1-4cbb-8604-777f6cce2811	Lewis b pentaose	1A	Canonical named glycan entity	1	llm	canonical Lewis b pentamer		1
GSD:03648009-63c5-4e93-88b7-61b53acaac8f	Lewis b tetraose	1A	Canonical named glycan entity	1	llm	canonical Lewis b epitope		1
GSD:85fcc7ad-9d7a-4658-b771-22a9f11bb9f6	Lewis c	1A	Canonical named glycan entity	1	llm	canonical Lewis C epitope	G00049MO	3
GSD:28e24e5c-b8f2-4ba3-bab9-dd8f0a50516d	Lewis x on Core 2	1A	Canonical named glycan entity	1	llm	canonical Lewis x epitope		1
GSD:608d1147-c878-499b-9d77-2f19e9b99993	Lewis X tetraose [Gal-(Fuc)-GlcNAc-Gal]	1A	Canonical named glycan entity	1	llm	canonical Lewis X epitope		2
GSD:0df49418-da9b-4b81-b633-c61e0fce8c6c	Lewis y Lewis x	1A	Canonical named glycan entity	1	llm	canonical Lewis epitopes		1
GSD:f9e58d15-9405-4205-9fb0-d3f019be366a	Lewis y pentaose	1A	Canonical named glycan entity	1	llm	canonical Lewis epitope		1
GSD:c7c531b7-dcba-4a3e-9ccf-18545c774c04	SLex-Lex (SDLeX)	1A	Canonical named glycan entity	1	llm	canonical sialyl Lewis X		1
GSD:29df5d17-c438-446d-818d-24c117042b40	SLex-Lex-Lex	2C	Composite descriptive phrase	2	llm	upgraded from 2B: The term consists of multiple distinct descriptors ('SLex' and two 'Lex'), exceeding the single‑descriptor requirement of Class 2B.		1
GSD:3c396caf-04a5-48df-9989-0a728b8fece6	tri-Lewis x	1A	Canonical named glycan entity	1	llm	canonical Lewis epitope		2
GSD:70498a89-4a25-4176-8703-f7d31e495159	Gal b1-4 GalNAc b1-4 Gal b1-4 Glc b	2A	Linkage-specified substructure	2	llm	upgraded from 2B: contains explicit linkage notations		2
GSD:5d1d3c28-5b3b-475d-bd4e-ae6105c021e0	3′-KDN-Lewis c	1A	Canonical named glycan entity	1	llm	canonical Lewis epitope		3
GSD:2fe7d0f3-b047-4dd5-bbb7-3ae722755e00	3′-KDNLN	2B	Single descriptor phrase	2	llm	default fallback		3
GSD:1f0000dc-155c-4635-a189-23117ecd6292	6P-Man3	2C	Composite descriptive phrase	2	llm	"Composite descriptor ""6P"" plus sugar count"		1
GSD:50ec967c-be24-43a5-91e5-6e5e8ca7eb16	deoxy Chitotetraose	1C	Non-GAG homo/hetero-polymer	1	llm	Chitotetraose is an oligomer of chitin-derived sugar.		1
GSD:052dddfa-2934-4db2-a5f9-d10dfa68bff6	deoxy Chitotriose	2B	Single descriptor phrase	2	llm	fallback – unclassified term		1
GSD:f83febb2-c829-48a8-b3ab-4d32517e6ba4	Fuc-Gal-Xyl	2B	Single descriptor phrase	2	llm	generic sugar chain, no clear category		1
GSD:0760677b-01a5-4471-9948-cd18f5ec7681	Gal a(1-3′) LacNAc	2A	Linkage-specified substructure	2	llm	upgraded from 2B: Explicit alpha‑linkage notation present		1
GSD:3a6da283-3cf5-45d4-8e20-9788c11e78ad	Gal-GlcNAc-(Gal-GlcNAc)-Gal	2A	Linkage-specified substructure	2	llm	upgraded from 2B: Contains explicit linkage-style notation (hyphens indicating bonds).		1
GSD:7738800f-7d80-414f-9a52-0b09f4086b60	GalNAc-(Fuc)-Gal-Glc	2C	Composite descriptive phrase	2	llm	structured multi‑monosaccharide chain		1
GSD:9bb7b217-2022-4752-8ca3-fc59b69f5f0d	GlcNAc b(1-4,6) GalNAc	2C	Composite descriptive phrase	2	llm	linkage-based composite structure		1
GSD:26e563b4-d9a4-4dd5-bb87-690ad5c7cf39	GlcNAc-(Fuc)-GlcNAc	2C	Composite descriptive phrase	2	llm	upgraded from 2B: Contains multiple monosaccharide units forming a branched motif rather than a single descriptor plus optional noun.		1
GSD:1c370c82-d2a5-4403-9275-648419ef4340	GlcNAc-Gal-Glc	2B	Single descriptor phrase	2	llm	fallback – ambiguous compound		1
GSD:0e71ba39-a3bf-49de-b218-5b4b8739fe55	GlcNAc-Man-(GlcNAc-Man)-Man	2E	Composition formula	2	llm	composition-style notation		1
GSD:7a9a818e-7acc-4791-9062-4b31907f95fc	Neu5Ac-Gal-(Fuc)-GlcNAc-OMe	2B	Single descriptor phrase	2	llm	generic glycan fragment		1
GSD:e2f94329-3b2e-488f-9560-f5c869e713da	tetrafluoro-4-methoxy-benzamide-GalN-GlcNAc	2C	Composite descriptive phrase	2	llm	compound has two descriptors plus sugar chain		1
GSD:0263024f-b8b2-4097-aa52-edc40fa30271	Tk	1A	Canonical named glycan entity	1	llm	canonical tumor-associated antigen		1
GSD:2a6ed1d0-e04a-49d1-9fd1-9ad05e9a9d1d	Fucosylated A antigen type 5	1A	Canonical named glycan entity	1	llm	canonical A antigen		1
GSD:871cc8a5-95c9-45e8-95af-b6fdfbc22f9a	Chitohexose	1C	Non-GAG homo/hetero-polymer	1	llm	Plant/microbial polysaccharide-like oligo.		2
GSD:6e561d58-b391-4d90-b748-04221d92fb00	Chitopentose	3B	Monosaccharide or named disaccharide	3	llm	upgraded from 2B: Single monosaccharide-like term		2
GSD:503b0375-3ec3-47fa-977d-2d15a1f6acd6	Chitotetraose	1C	Non-GAG homo/hetero-polymer	1	llm	Microbial polysaccharide oligomer		1
GSD:7827b41c-4be6-48b2-9691-9ded2114b21a	Chitotriose	1C	Non-GAG homo/hetero-polymer	1	llm	Polysaccharide-derived oligosaccharide		1
GSD:51fe293d-d9e7-465c-8704-2fc0c6812254	As-Fibrinogen	3C	Association-defined glycan marker	3	llm	"Protein anchor ""Fibrinogen"" detected"		2
GSD:4f1d7da6-58b3-4d77-8002-e367ea9081a8	asialo-, agalacto-N-glycan from porcine fibrinogen	3C	Association-defined glycan marker	3	llm	protein anchor present		1
GSD:94964c0e-2f2f-473f-a86f-170884e2800f	di-sialylated N-glycan from porcine fibrinogen	3C	Association-defined glycan marker	3	llm	contains protein anchor		1
GSD:fc6555c3-b28b-449a-a73d-2bff9b83b386	2′-F-Di-LN	2D	Glycoform shorthand code	2	llm	upgraded from 2B: Short alphanumeric glycoform shorthand		1
GSD:307dab0b-db0a-4cdf-86aa-479d1b411835	6′-SiaDi-LN	1A	Canonical named glycan entity	1	llm	upgraded from 2B: Specific named oligosaccharide		3
GSD:5d98589a-d40f-4c86-8cbb-94c89346f4c6	Bi-LDN	2C	Composite descriptive phrase	2	llm	"Composite description: ""Bi"" + “LDN” feature."		1
GSD:dac228dc-2f6d-4a32-af74-2c43b63055e5	4′ sulfo Lewis X [4S-Gal-(Fuc)-GlcNAc]	1A	Canonical named glycan entity	1	llm	Modified Lewis X epitope		1
GSD:1bb94508-bf70-4138-aef2-a60715ea8a96	6-LacNAc-TF	2C	Composite descriptive phrase	2	llm	Composite description of LacNAc-modified TF antigen		1
GSD:3aaa868e-fcd1-44bc-82dd-821ee141ae39	6-Siab-TF	1A	Canonical named glycan entity	1	llm	canonical TF antigen		3
GSD:03408cba-238e-425a-a8e0-024ea12a4c72	GlcNAc b(1-2′) TF	1A	Canonical named glycan entity	1	llm	Contains canonical TF antigen		1
GSD:96f37e57-2787-453a-af43-b94005ca5a79	3,6-(LacNAc)2Tn	2C	Composite descriptive phrase	2	llm	Composite Tn modification		1
GSD:45ab87ac-cb21-4a9a-b2b0-beca9b93bfca	3-6-STn	1A	Canonical named glycan entity	1	llm	canonical STn epitope		1
GSD:1a1850ec-7d8b-46b1-b6cf-5e6da37b6513	3-LacNAc-Tn	1A	Canonical named glycan entity	1	llm	canonical tumor-associated antigen		1
GSD:37ace813-5331-4196-be40-cf47b2ac100e	6-LacNAc-Tn	1A	Canonical named glycan entity	1	llm	canonical tumor-associated antigen		1
GSD:7be740e5-da97-4dc1-a678-949fd7691c6b	Disialosylpentaose	2B	Single descriptor phrase	2	llm	generic oligomer description		1
GSD:1a7f2317-70ce-4ef7-a66e-608befdba9dd	(Man)2-GlcNAc	2E	Composition formula	2	llm	upgraded from 2B: Composition‑style representation		1
GSD:0158ab4d-f82e-4732-9069-bc9aab92ea7a	(Man)3a	2D	Glycoform shorthand code	2	llm	upgraded from 2B: Short alphanumeric glycoform shorthand		2
GSD:40930df1-fbff-4a12-86b8-e9bac17a9d1c	(Man)3b	2D	Glycoform shorthand code	2	llm	shorthand glycoform code		1
GSD:faf597d7-a27f-4e58-80e6-e2b21d06052d	(Man)4	2E	Composition formula	2	llm	upgraded from 2B: Abbreviated composition format		1
GSD:f5e0334e-63bf-49d8-8860-3d607d53d090	(Man)4-(Fuc)-GlcNAc	2C	Composite descriptive phrase	2	llm	Composite branching description		1
GSD:f89f818f-e605-4c23-a45e-444eddd0eb1b	(Man)5-OMe	2B	Single descriptor phrase	2	llm	single descriptor with oligomer context		1
GSD:a9ce1b26-ecbc-435b-a62f-9a6fd09ffc09	Gal-GlcNAc-Man-(Gal-GlcNAc-Man)-Man-GlcNAc	2A	Linkage-specified substructure	2	llm	upgraded from 2B: Explicit sugar-linkage pattern present		1
GSD:8f70d20b-8316-4eb5-b791-e98eb7835021	Man-3 chitobiose core Fuc	2C	Composite descriptive phrase	2	llm	multiple descriptors combined		1
GSD:d533b4c7-c20d-4839-b14e-1853dd02c295	Mono-sialylated N-glycan from porcine fibrinogen	3C	Association-defined glycan marker	3	llm	explicit protein anchor present		1
GSD:e63e1b7a-88ff-4e50-a7d8-48cffa67c3d9	N-glycan mixture from horseradish peroxidase	3C	Association-defined glycan marker	3	llm	Protein reference present		1
GSD:7a02f83f-4c19-49a1-8c99-d0ccfd975e25	tri-sialylated N-glycan from porcine fibrinogen	3C	Association-defined glycan marker	3	llm	explicit protein anchor		1
GSD:57a357c5-daaf-4b6a-b6c1-7ea63e8dd54c	Sialylated triose type 1	2C	Composite descriptive phrase	2	llm	multiple descriptors present		1
GSD:d18e92e0-40b3-461b-a797-e490bc4c38b6	Neu5Ac-Gal-(Neu5Ac)-deoxy-GalNAc	2C	Composite descriptive phrase	2	llm	Composite glycan structure		1
GSD:8c75b6df-877e-4b4d-800b-78b4f0309a8f	Sia2TF	2D	Glycoform shorthand code	2	llm	shorthand glycoform code		1
GSD:1f64d5a9-7579-4ad2-95cc-13256c788bb2	Sialylated tetraose type 1	2C	Composite descriptive phrase	2	llm	multiple descriptors combined		1
GSD:d36af62d-c2ed-4e27-80ac-9df1fd333aa5	Disialylated tetraose type 1	2C	Composite descriptive phrase	2	llm	multiple descriptors combined		1
GSD:1c312282-bb09-46c6-8f3c-d536e146d4e4	Disialylated pentaose type 1	2C	Composite descriptive phrase	2	llm	"upgraded from 2B: contains two descriptors: ""disialylated"" and ""pentaose"""		1
GSD:73e36053-c634-4d6f-98a5-2028af786c46	Trisialylated pentaose type 1	2C	Composite descriptive phrase	2	llm	Composite description: trisialylated + type 1		1
GSD:dd02e662-7e97-4ecf-a796-0617bbafbc86	Sialylated tetraose type	2B	Single descriptor phrase	2	llm	descriptor + noun		1
GSD:fe29e276-8d75-4cec-84b0-c077b42d5ea2	LS-tetrasaccharide a (LSTa)	1A	Canonical named glycan entity	1	llm	upgraded from 2B: canonical named entity		1
GSD:fdb7a197-5bcd-4fdc-bdf7-128cdba806dd	LS-hexasaccharide d (3′-SiaLN-LN-LN)	2C	Composite descriptive phrase	2	llm	upgraded from 2B: The term describes a specific hexasaccharide composed of several linked residues (3’-SiaLN‑LN‑LN); it contains more than one structural descriptor rather than a single adjective plus an optional generic noun.		2
GSD:04a18a16-33f1-4b56-9e09-bd06e5b4bd1b	LS-tetrasaccharide d (3′-SiaLN-LN-LN)	2C	Composite descriptive phrase	2	llm	multiple descriptors combined		1
GSD:35e44d21-515f-412c-9a89-f5afd2c34211	deoxy-3′SLN	2B	Single descriptor phrase	2	llm	fallback – unclassified composite descriptor		1
GSD:5cdb6216-da26-49f4-8e73-a950f9e663b9	deoxy-6′SLN	2B	Single descriptor phrase	2	llm	single descriptor, no explicit anchor		1
GSD:b0e61e21-7b72-4a52-a020-351cf8a97ba9	Neu5Ac-Gal-(Fuc)-GlcNAc	2B	Single descriptor phrase	2	llm	generic oligomer description		1
GSD:11202984-bddb-45f1-8290-ec4c55c3bb32	Sialylated tetraose type 2	2C	Composite descriptive phrase	2	llm	multiple descriptors combined		1
GSD:af2648b9-a6c7-4912-a285-a7b4ca6a005a	Disialylated tetraose type 2	2C	Composite descriptive phrase	2	llm	multiple descriptors combined		1
GSD:a14b7a5b-2df1-4663-b7df-52820aa34335	Trisialylated pentaose type 2	2C	Composite descriptive phrase	2	llm	Composite description with two modifiers		1
GSD:611822b5-0bfa-41eb-91f4-ec7cb62c79b9	Neu5Ac a2-6 Gal b1-4 GlcNAc b1-4 Gal b1-4 GlcNAc	2A	Linkage-specified substructure	2	llm	upgraded from 2B: contains explicit linkage notation		1
GSD:ac96c981-4bb7-47b7-af11-0a28984132d4	Type 1 LN	1B	Named recurrent structural feature	1	llm	Recognised substructure feature	G43784HS; G00056MO	5
GSD:7505d87c-60ac-43ea-aff8-218a5a7cdffa	Type 1 LN3	2C	Composite descriptive phrase	2	llm	Composite description of type‑1 lactosamine repeat	G85779MY; G17961XM	4
GSD:ac76eb87-d013-4201-b5d9-38e29643c8d4	6,6′-bisSulfo-Lewis x	1A	Canonical named glycan entity	1	llm	canonical Lewis x derivative	G23094GH	2
GSD:e8759070-187e-4e86-ae75-0f4697e034f4	Blood group A	1A	Canonical named glycan entity	1	llm	canonical blood group epitope		1
GSD:07af07da-8628-47ba-b240-1010c9296737	4′-sulfated LDN	1B	Named recurrent structural feature	1	llm	substructure feature		1
GSD:beff2359-2cad-408e-8b22-817abe640fdd	O-Mannose Lex	1B	Named recurrent structural feature	1	llm	Known Lewis X substructure	G72060BE; G81516LH	4
GSD:20f585a1-7434-4a8f-a307-996619eab9f5	HNK-1 on O-mannose	1A	Canonical named glycan entity	1	llm	canonical epitope HNK‑1	G06898ZN; G60606QD; G82061CN	5
GSD:5d8b7707-65df-4565-bed2-e3edc229eeaa	Sulfo-isogloboside	1A	Canonical named glycan entity	1	llm	upgraded from 2B: ‘Sulfo‑isogloboside’ is a specific blood‐group antigen name rather than a simple descriptor plus noun.	G10057XH; G30925QW; G56133NW; G57036MA	5
GSD:9dfb86b5-0308-4b3e-a9af-0936fdf1f0fb	GD1	1A	Canonical named glycan entity	1	llm	Known ganglioside GD1	G81983KG; G24638PB	4
GSD:1c10f910-6371-463d-85c7-715bf40cfbef	GQ1aα	3A	Umbrella / glycoconjugate class	3	llm	generic ganglioside family	G26199BG; G90598GO	4
GSD:0990f080-1460-4182-b22b-59e78639cee6	GP1cα	2D	Glycoform shorthand code	2	llm	upgraded from 2B: Alphanumeric shorthand	G04433GV; G26203DP	3
GSD:b4f047db-d12c-4583-bff0-9e7c066981dc	GH1cα	2B	Single descriptor phrase	2	llm	default fallback	G14091MR	2
GSD:2b192936-42ad-4b0c-b9dc-ed1a702f3724	Mono-fucosyl LN5	2B	Single descriptor phrase	2	llm	descriptor + context noun	G64227KZ; G93536PN; G65223RT	6
GSD:e5f7b7de-8f9d-4351-afa0-aad63dc6a426	Mono-fucosyl LN3	2B	Single descriptor phrase	2	llm	descriptor+context noun	G65223RT; G80291PD	3
GSD:3ea43087-f938-4d98-96bc-60e0088ac78e	Extended tetrafucosyl-Leb	1A	Canonical named glycan entity	1	llm	Modified Lewis B epitope	G75811PV; G57142PA	5
GSD:83282a28-b2d1-408a-bdc5-ef6eb7a23556	Extended trifucosyl-Leb	1A	Canonical named glycan entity	1	llm	canonical Lewis b derivative		1
GSD:b9a8ac87-9c22-4564-ba02-295c1c6550cd	Sialyl Leaglycolipid	1A	Canonical named glycan entity	1	llm	Known sialyl Lewis glycolipid	G91326YS	3
GSD:5ff65e2e-bc24-46c3-8556-a575f33ee896	Monosialylganglioside LSTb	3A	Umbrella / glycoconjugate class	3	llm	belongs to ganglioside family	G72506RN; G83513YI	4
GSD:1a58a47f-6aee-499c-9be8-22eb2c610648	HNK-expressing SGLPG	2C	Composite descriptive phrase	2	llm	Composite description – HNK‑expressing plus SGLPG	G10503MP; G43040ZY	3
GSD:07f4c575-3773-445c-9105-68f9233d4036	6-Sialyl LN (type 1)	1B	Named recurrent structural feature	1	llm	Recognized glycobiology feature – sialyl‑LN type 1	G73708UL	4
GSD:0474dfda-62b0-44e3-9a9d-f8918c153bc1	alpha-oligomannoside	2B	Single descriptor phrase	2	llm	single descriptor oligomannoside	G07490EK; G29313LW; G51379UR	1
GSD:50901d7a-fc59-4fd9-beec-cbdf6f2b5cfc	Blood Group A Like	1A	Canonical named glycan entity	1	llm	canonical blood group A reference	G10902TC	1
GSD:d28a8847-24b7-4b09-85d9-6a57033ee04c	Blood Group H Like	1A	Canonical named glycan entity	1	llm	canonical blood group H-like epitope	G82749ZI	2
GSD:e378ed10-8d8f-49fe-8b28-06429710f586	CA19-9 antigen	3C	Association-defined glycan marker	3	llm	contains biomarker CA19‑9	G00053MO	1
GSD:a84b8d8d-ef52-4d5a-8c32-489cb6d31a98	CAD	X	Outside scheme	X	llm	non‑glycan abbreviation	G00063MO	2
GSD:47e8cd16-fe60-43f2-9d8e-91c0bf3d3b17	Cellulose like Glc(1-4)n	1C	Non-GAG homo/hetero-polymer	1	llm	Plant polysaccharide cellulose	G00025MO	1
GSD:bf50c766-1cc1-49a2-9791-c3797b1dd8ff	C-Series Gangliosides / Hemato- or Ganglio-Type	3A	Umbrella / glycoconjugate class	3	llm	umbrella ganglioside family	G45770AV	1
GSD:ebd8d749-43a1-4b87-9c3b-7fadd6b27aff	Disialogangliotetraosylceramide	3A	Umbrella / glycoconjugate class	3	llm	generic ganglioside category	G37184KW; G46677TE	1
GSD:d6dd0b36-a403-4d10-bbae-f7597e48bbe1	Fucose	3B	Monosaccharide or named disaccharide	3	llm	monosaccharide noun	G82576YO	2
GSD:8a70797f-6d80-4392-9ab8-d0688c6940de	Galactose beta1	3B	Monosaccharide or named disaccharide	3	llm	monosaccharide noun	G68158BT	1
GSD:37c3a314-7c82-495d-9324-f516de933f2a	Gangliotetraosylceramide	1A	Canonical named glycan entity	1	llm	canonical ganglio-series glycan	G05357CB; G21856LC	1
GSD:909f7ff0-10e6-48ad-8569-49e609a5a1a7	GH1ca	X	Outside scheme	X	llm	unrecognized term	G14091MR; G86139YL	4
GSD:5d28aecc-674e-4da9-bdb7-89663f4d8e31	Glucose	3B	Monosaccharide or named disaccharide	3	llm	monosaccharide noun	G15021LG	1
GSD:62ab845c-2852-4f91-8416-2fa633398893	Glycosphingolipid Gala series	3A	Umbrella / glycoconjugate class	3	llm	umbrella glycosphingolipid category	G00016MO	3
GSD:e8df1c24-4ca5-499e-bbc6-d44b44942939	Glycosphingolipid Globo series	3A	Umbrella / glycoconjugate class	3	llm	umbrella glycosphingolipid category	G00072MO; G99312NX	4
GSD:0d3e28fd-3333-46f1-a1ae-94f5d23d6d18	Glycosphingolipid Isoglobo series	3A	Umbrella / glycoconjugate class	3	llm	umbrella glycosphingolipid category	G00012MO	2
GSD:f7ffa7e5-85fd-457c-8e25-0f961bca2eb2	Glycosphingolipid Mollu series	3A	Umbrella / glycoconjugate class	3	llm	umbrella glycosphingolipid category	G00015MO	3
GSD:55c17e07-1003-404a-a02f-bee863db0834	Glycosphingolipid Muco series	3A	Umbrella / glycoconjugate class	3	llm	umbrella glycosphingolipid category	G00013MO	3
GSD:a67fcc63-4f15-4b6d-954c-6007bd0d4040	GP1ca	3C	Association-defined glycan marker	3	llm	Protein anchor present	G00552RX; G16999RL	2
GSD:433410a4-57c6-446f-b0b8-a776a978a6f8	I Antigen Like	1A	Canonical named glycan entity	1	llm	canonical I antigen-like structure	G96238FJ	1
GSD:32de2f99-e751-427d-9186-63953f086ba1	II3Neu5GcGg4Cer, GM1(Gc)	1A	Canonical named glycan entity	1	llm	canonical ganglioside variant	G24034CH	1
GSD:0d8728d3-d71c-445a-9485-3d38d9b6526b	Isoglobotriaosylceramide	1A	Canonical named glycan entity	1	llm	canonical named glycan entity	G78074HX	1
GSD:9cd4deb1-a035-437b-b688-2e8d74de0ab0	Lactosamine Like Structure	2B	Single descriptor phrase	2	llm	generic descriptor with context	G47428UI	1
GSD:6ad9967b-1e76-4dcf-bd58-fe369c7825f1	Lactosamine motif	2C	Composite descriptive phrase	2	llm	Composite descriptive phrase	G00055MO	1
GSD:60f092f1-aea8-4533-ace5-147c6470d557	Lewis a/x Like structure	1A	Canonical named glycan entity	1	llm	canonical Lewis epitope	G24566OP	1
GSD:238174fc-9005-4104-bee9-6c218e31ff85	Lewis b/y Like	1A	Canonical named glycan entity	1	llm	canonical Lewis epitope	G20009SF	1
GSD:4a7b7959-ad67-40bc-a61d-c13cbbf24aa5	Lewis D	1A	Canonical named glycan entity	1	llm	canonical Lewis epitope	G00050MO	2
GSD:dce1b9ea-ed4e-4d66-a7eb-e5c36d64413c	LN	1B	Named recurrent structural feature	1	llm	"Recognized glycobiology feature ""ln"" (lactosamine)."	G04616ST	2
GSD:35dc582f-a47a-48d7-afe6-ddfa2f38b9b0	Mannose	3B	Monosaccharide or named disaccharide	3	llm	monosaccharide	G70323CJ	1
GSD:e63eabb8-c141-4fac-b772-f2b80c31afb3	MECA-79	3C	Association-defined glycan marker	3	llm	Antibody reference	G22976NF	1
GSD:2177f0e3-8a9a-436f-8fa5-4c47a475a5c2	Monosialodihexosylganglioside	3A	Umbrella / glycoconjugate class	3	llm	generic ganglioside category	G91237TK	1
GSD:373603c5-78f9-4fd6-87a0-2b2d5f65f52e	Monosialogangliotetraosylceramide	3A	Umbrella / glycoconjugate class	3	llm	General ganglioside category	G48558GR	1
GSD:3e3f7bda-7f25-40a1-a215-2be057c1bb48	N-acetylgalactosamine	3B	Monosaccharide or named disaccharide	3	llm	monosaccharide	G27025MB	1
GSD:44dfd37f-c85f-4ce3-9e18-7a089dcba42c	N-acetylglucosamine	3B	Monosaccharide or named disaccharide	3	llm	monosaccharide noun	G64581RP	1
GSD:e38a59af-1d96-4768-9b9b-35d7f6ac812a	Neu5Ac(a2-3)Gal(b1-3)GalNAc	2A	Linkage-specified substructure	2	llm	upgraded from 2B: contains explicit linkage notations	G56299XO	1
GSD:168d8aba-36bb-4a64-b34b-d0105ab4ebba	Neu5Ac(a2-3)Gal(b1-4)Glc	2A	Linkage-specified substructure	2	llm	upgraded from 2B: contains explicit linkage notation	G56516VH	1
GSD:b2c49b8f-3d4e-42e3-994d-65149fe26b60	Neu5Ac(a2-8)Neu5Gc(a2-3)Gal(b1-4)Glc	2A	Linkage-specified substructure	2	llm	upgraded from 2B: contains explicit linkage notation	G95233MF	1
GSD:6852f74b-4fc3-490b-8b0d-80fca9c1530f	Neu5Ac(a2-8)Neu5Gc(a2-3)Gal	2A	Linkage-specified substructure	2	llm	upgraded from 2B: contains explicit linkage notations	G82974JM	1
GSD:1e6b43c2-66fd-49f5-b36e-d75fa1c9ba74	Neu5Ac	3B	Monosaccharide or named disaccharide	3	llm	monosaccharide	G81533KY; G76685HR	4
GSD:faab2494-2bb5-4366-993d-5229626c4b95	Neu5Gc(a2-3)Gal	3B	Monosaccharide or named disaccharide	3	llm	simple disaccharide	G53517XC	1
GSD:6b00f5eb-afb5-4dd6-9871-243ccf135742	Neu5Gc(a2-8)Neu5Ac(a2-3)Gal	2A	Linkage-specified substructure	2	llm	upgraded from 2B: contains explicit linkage notations	G55286YY; G61424BA	1
GSD:ef7226b5-0cbe-4391-8858-335851692628	N-Glycan truncated motif. First GlcpNAC cut off	2C	Composite descriptive phrase	2	llm	Composite N‑glycan truncation descriptor	G00027MO	1
GSD:c230b0f9-30b0-444b-b6f2-67a73f88c144	O-Glycan core 1 fuzzy	2C	Composite descriptive phrase	2	llm	multiple descriptors in phrase	G00032MO	2
GSD:93f2939d-c385-4fec-ad03-54d0b6560a04	O-Glycan core 2 fuzzy	1A	Canonical named glycan entity	1	llm	"upgraded from 2B: Contains canonical O‑glycan core name ""Core 2"""	G00034MO	2
GSD:cf52958a-b1f9-43cc-868c-24f560d6a2ef	O-Glycan core 5 fuzzy	2C	Composite descriptive phrase	2	llm	Composite description: core 5 + O‑Glycan	G00040MO; G00039MO	5
GSD:cf398bf5-a94d-4370-ba99-7337b9c12812	O-Glycan core 6 Fuzzy	2C	Composite descriptive phrase	2	llm	"Composite phrase ""O‑Glycan core 6"""	G00042MO	2
GSD:a12e6f28-b3f6-4b7a-8944-7ba64f665122	O-Glycan core 6	1A	Canonical named glycan entity	1	llm	Core 6 is a canonical glycan core.	G00041MO; G00042MO	3
GSD:99e86269-0748-43c4-8ab5-d9f8508370d0	O-Glycan core 7 fuzzy	1A	Canonical named glycan entity	1	llm	Core 7 is a canonical glycan core.	G00044MO	2
GSD:d414ad9f-6a6e-49a6-a674-bb81638fab83	O-Glycan core 7	1A	Canonical named glycan entity	1	llm	canonical core 7	G00043MO; G00044MO	3
GSD:3ecf4bd1-fe95-442e-9fd6-a4c961e9a75e	Peptidoglycan	1A	Canonical named glycan entity	1	llm	upgraded from 2B: ‘Peptidoglycan’ is a recognized canonical glycan entity rather than a simple descriptor plus noun.	G00023MO	2
GSD:fda9b128-bf72-4dac-8897-7a1ae4bbc58a	Sia(a2-8)Sia(a2-3)Gal	2C	Composite descriptive phrase	2	llm	Multiple linkages described – composite glycan fragment.	G82775QT	1
GSD:57f2b53e-e27a-4a5b-ad31-4ad1c574406b	Sialic Acid	3B	Monosaccharide or named disaccharide	3	llm	monosaccharide noun	G81533KY	1
GSD:0a691ed2-41ee-4a42-a1b1-848bc211ceaa	Sialyl Lewis a/x Like	1A	Canonical named glycan entity	1	llm	canonical epitope variant	G25705KO	1
GSD:83e6f432-6d24-4e1a-85c3-2c141a2d8b07	Type 2 LN	1B	Named recurrent structural feature	1	llm	Recognised substructure feature	G00055MO	1
GSD:ad4bebac-b1ff-46bd-bc46-1f0a0d1e48f2	Gal(b1-4)[Fuc(a1-3)]Glc(b1)	2A	Linkage-specified substructure	2	llm	upgraded from 2B: contains explicit linkage notation	G57548NB	1
GSD:8de7750a-dbd1-45ac-bef5-cad32a4927e9	Neu5Ac(a2-3)Gal(b1-3)GalNAc	2A	Linkage-specified substructure	2	llm	upgraded from 2B: contains explicit linkage notations	G56299XO	1
GSD:48ea49b0-3c70-4f96-8f76-ad8d4f4f6d9b	Neu5Ac(a2-3)Gal(b1-4)Glc	2A	Linkage-specified substructure	2	llm	upgraded from 2B: contains explicit linkage notation	G56516VH	1
GSD:56e89b20-8160-4f40-a07f-3b10fa4dc89e	Neu5Ac(a2-8)Neu5Gc(a2-3)Gal	2A	Linkage-specified substructure	2	llm	upgraded from 2B: contains explicit linkage notations	G82974JM	1
GSD:66fa828a-252d-4498-a7cf-de226f0b4de4	Neu5Ac(a2-8)Neu5Gc(a2-3)Gal(b1-4)Glc	2A	Linkage-specified substructure	2	llm	upgraded from 2B: contains explicit linkage notation	G95233MF	1
