term	exact_synonyms	abbreviations	broad_synonyms	narrow_synonyms	related_synonyms	classification	gtc_id	gsd_id	glycomotif_id	sources	eog_sentence
''I'' antigen				Type 2 LN2		1A	G46055MA; G56045WU; G00058MO; G26929DQ		GlycoMotif:GGM.000004; GlycoMotif:GGM.000002; GlycoMotif:GDV.000040	PUBDICT_GLYCAN_MOTIF; PUBDICT_GLYCOSMOS; EOG_VARKI_4E; GSD_GLYGEN_V0; PUBDICTIONARIES-GLYCAN-IMAGE; GLYCOEPITOPE; GLYCOMOTIF_GDV	
2'FL						1A				PUBDICT_GLYCONAVI_NAME; PUBDICT_GLYCONAVI_ABBREV	
2-6 sialyl i-Lewis x						1A	G93855LZ			PUBDICTIONARIES-GLYCAN-IMAGE; GLYCOEPITOPE; PUBDICT_GLYCAN_MOTIF; PUBDICT_GLYCOSMOS	
2-6 Sialyl Lewis x						1A	G93855LZ			PUBDICT_GLYCAN_MOTIF	
2-9,2-6 disialyllactosylceramide						1A	G30187JM			PUBDICTIONARIES-GLYCAN-IMAGE; GLYCOEPITOPE; PUBDICT_GLYCAN_MOTIF; PUBDICT_GLYCOSMOS	
2-fucosyl GD1b						1A	G67383AR; G93694YU	GSD000003	GlycoMotif:GGM.000103; GlycoMotif:GDV.000010; GlycoMotif:CCRC.000103	GSD_GLYGEN_V0; CUMMINGS; GLYCOMOTIF_GGM; GLYCOMOTIF_GDV; GLYCOMOTIF_CCRC; PUBDICT_GLYCAN_MOTIF	
2-fucosyl GM1			fucosyl GM1			1A	G56526JU; G91532KA	GSD000004	GlycoMotif:GGM.000101; GlycoMotif:GDV.000009; GlycoMotif:CCRC.000101	GSD_GLYGEN_V0; CUMMINGS; GLYCOMOTIF_GGM; GLYCOMOTIF_GDV; GLYCOMOTIF_CCRC; PUBDICT_GLYCAN_MOTIF	
3'-KDN-Lewis c	3'-KDNLec					1A				BIOOLIGO; PUBDICT_GLYCONAVI_NAME; PUBDICT_GLYCONAVI_ABBREV	
3'-SiaDi-LN						1A				BIOOLIGO	
3'-Sialyl-Lewis c						1A				BIOOLIGO	
3'-sulfo Lewis a	3'-Sulfo-Lea; 3'-sulpho-Le(a); 3-O-sulfo-Le(A); 3'-Sulfo Le^a; 3'-Sulfo Lea; 3'-Sulfo Lewis a; 3'-sulpho Lewis A	SuLe(a); 3'-Sulfo Lea; 3'-Sulfo Le^a				1A	G78706CK; G36845IZ; G14395NH	GSD000006	GlycoMotif:GGM.000030; GlycoMotif:GDV.000047; GlycoMotif:CCRC.000030	GSD_GLYGEN_V0; PUBDICTIONARIES-GLYCAN-IMAGE; GLYCOEPITOPE; CUMMINGS; GLYCOMOTIF_GGM; GLYCOMOTIF_GDV; GLYCOMOTIF_CCRC; PUBDICT_GLYCAN_MOTIF; PUBDICT_GLYCOSMOS; BIOOLIGO	
3'-sulfo Lewis X	3'-sulfo-Le(x); 3'-Sulfo Lewis x; 3'-sulfo Le^x; 3'-sulfo Lex; 3'-su-Lewis x; 3'-Sulfo-Lewis x (3'-sulfo Lex))	3'-sulfo Lex; 3'-sulfo Le^x				1A	G12295TB; G26555CS; G51907PX	GSD000007	GlycoMotif:GGM.000029; GlycoMotif:GDV.000048; GlycoMotif:CCRC.000029	GSD_GLYGEN_V0; PUBDICTIONARIES-GLYCAN-IMAGE; GLYCOEPITOPE; BIOOLIGO; CUMMINGS; GLYCOMOTIF_GGM; GLYCOMOTIF_GDV; GLYCOMOTIF_CCRC; PUBDICT_GLYCAN_MOTIF; PUBDICT_GLYCOSMOS	
3'S-Di-LeA						1A				PUBDICT_GLYCONAVI_NAME; PUBDICT_GLYCONAVI_ABBREV	
3'S-Di-Lec						1A				PUBDICT_GLYCONAVI_NAME; PUBDICT_GLYCONAVI_ABBREV	
3'S-Di-Lex						1A				PUBDICT_GLYCONAVI_NAME; PUBDICT_GLYCONAVI_ABBREV	
3'SL (Gc)						1A				PUBDICT_GLYCONAVI_NAME	
3'SLeA-LeX						1A				PUBDICT_GLYCONAVI_NAME; PUBDICT_GLYCONAVI_ABBREV	
3'SLec						1A				PUBDICT_GLYCONAVI_NAME; PUBDICT_GLYCONAVI_ABBREV	
3'SLec (Gc)						1A				PUBDICT_GLYCONAVI_NAME	
3'SLecLN						1A				PUBDICT_GLYCONAVI_NAME; PUBDICT_GLYCONAVI_ABBREV	
3'SLex						1A				PUBDICT_GLYCONAVI_NAME; PUBDICT_GLYCONAVI_ABBREV	
3'SLN-Lec						1A				PUBDICT_GLYCONAVI_NAME; PUBDICT_GLYCONAVI_ABBREV	
3,6-(LacNAc)2Tn						1A				BIOOLIGO	
3-6-STn						1A				BIOOLIGO	
3-Fucosylated Blood group A tetraose						1A				BIOOLIGO	
3-Fucosylated Blood group B tetraose						1A				BIOOLIGO	
3-Fucosyllactose						1A				BIOOLIGO	
3-LacNAc-Tn						1A				BIOOLIGO	
3-Sulfo-Lewis a (3'-Sulfo Lewis a)						1A	G78706CK			PUBDICT_GLYCAN_MOTIF	
3-Sulfo-Lewis x (3-sulfo LewisX)						1A	G12295TB			PUBDICT_GLYCAN_MOTIF	
4' sulfo Lewis X						1A				BIOOLIGO	
6'-SiaaTF						1A				BIOOLIGO	
6'-sulfo-sialyl Lewis x	sialyl-6'-sulfo-Lex; Sialyl-6'-sulfo-Lewis x; 6'-sulfo-SLex; 6'-sulfated sialyl Lewis x-; 6'-Sulfo-sialyl Lewis x; 6'-sulfo SLex; 6-sulfo SLex; 6'-Sulfo Sialyl Lewis x; 6-Sulfo Sialyl Lewis x	6-sulfo SLex; 6-sulfo SLe^x; 6'-sulfo-sLe(x); Su-SaiLex; Su-Slex; Su-SLex; 6'-sulfo SLex; 6'-sulfo SLe^x				1A	G80722US; G00672PE; G77659VW; G23322RK	GSD000011	GlycoMotif:GGM.000027; GlycoMotif:GGM.000025; GlycoMotif:GDV.000088; GlycoMotif:GDV.000104; GlycoMotif:CCRC.000025; GlycoMotif:CCRC.000027	EOG_VARKI_4E; GSD_GLYGEN_V0; PUBDICTIONARIES-GLYCAN-IMAGE; SUGARBIND; GLYCOEPITOPE; CUMMINGS; GLYCOMOTIF_GGM; GLYCOMOTIF_GDV; GLYCOMOTIF_CCRC; PUBDICT_GLYCAN_MOTIF; PUBDICT_GLYCOSMOS	
6'-Sulfo-sialyl Lewis x (6'-sulfo SLex)						1A	G06378CG; G53231FE; G80722US			PUBDICT_GLYCAN_MOTIF	
6'SL						1A				PUBDICT_GLYCONAVI_NAME; PUBDICT_GLYCONAVI_ABBREV	
6'STF						1A				PUBDICT_GLYCONAVI_NAME	
6,6'- disulfo sialyl Lewis X						1A	G00659GQ			PUBDICTIONARIES-GLYCAN-IMAGE; GLYCOEPITOPE; PUBDICT_GLYCAN_MOTIF; PUBDICT_GLYCOSMOS	
6,6'-bissulfo-Lewis x	6,6'-bisSulfo-Lewis x (6,6'-bissulfo Lex)); 6,6'-bisSulfo-Lewis x	6,6'-bissulfo Lex; 6,6'-bissulfo Le^x			6,6'-Disulfo Sialyl Lewis x	1A	G00659GQ; G46799JK; G23094GH		GlycoMotif:GGM.000028; GlycoMotif:GDV.000087; GlycoMotif:CCRC.000028	CUMMINGS; GLYCOMOTIF_GGM; GLYCOMOTIF_GDV; GLYCOMOTIF_CCRC; PUBDICT_GLYCAN_MOTIF	
6,6'-dissulfo sialyl Lewis X	6,6'-bissulfo sialyl Lewis X; 6,6'-disulfo sLex					1A	G00659GQ	GSD000008	GlycoMotif:GGM.000028	GSD_GLYGEN_V0	
6-LacNAc-TF						1A				BIOOLIGO	
6-LacNAc-Tn						1A				BIOOLIGO	
6-Siab-TF						1A				BIOOLIGO	
6-su-Gal-SiaLewis x						1A				BIOOLIGO	
6-su-GalNAc-SiaLewis x						1A				BIOOLIGO	
6-sulfo Lewis x						1A	G89307GT			PUBDICTIONARIES-GLYCAN-IMAGE; GLYCOEPITOPE; PUBDICT_GLYCAN_MOTIF; PUBDICT_GLYCOSMOS	
6-sulfo sialyl Lewis c		Su-SaiLec; Su-SLec				1A	G93779QZ			SUGARBIND; PUBDICT_GLYCAN_MOTIF	
6SLN-Lec						1A				PUBDICT_GLYCONAVI_NAME; PUBDICT_GLYCONAVI_ABBREV	
9-O-acetyl GD3	9-O-Acetylated GD3; 9-O-Acetyl-GD3; 9-O-Ac-GD3	acGD3			CD60b	1A	G74121RX; G98544DH; G81928IQ	GSD000012	GlycoMotif:GGM.000093; GlycoMotif:CCRC.000093	GSD_GLYGEN_V0; PUBDICTIONARIES-GLYCAN-IMAGE; GLYCOEPITOPE; CUMMINGS; GLYCOMOTIF_GGM; GLYCOMOTIF_CCRC; PUBDICT_GLYCAN_MOTIF; PUBDICT_GLYCOSMOS	
9OAc3'Slec						1A				PUBDICT_GLYCONAVI_NAME	
A antigen						1A	G55958KV; G71832QJ		GlycoMotif:CCRC.000011	SUGARBIND; GLYCOMOTIF_CCRC; PUBDICT_GLYCAN_MOTIF	Antibodies against the Lea antigens have been implicated in occasional transfusion reactions.
A antigen type 3			A antigen			1A	G99315PE		GlycoMotif:GGM.000011; GlycoMotif:GDV.000056	CUMMINGS; GLYCOMOTIF_GGM; GLYCOMOTIF_GDV; PUBDICT_GLYCAN_MOTIF	
A Lewis b		A Leb; A-Leb				1A	G48600JD; G97501MA			SUGARBIND; PUBDICT_GLYCAN_MOTIF	
A tetra L						1A				PUBDICT_GLYCONAVI_NAME; PUBDICT_GLYCONAVI_ABBREV	
A tetra type 1						1A				PUBDICT_GLYCONAVI_NAME; PUBDICT_GLYCONAVI_ABBREV	
A type 1 A Lewis b	A type 1 A Leb					1A	G12068BR			SUGARBIND; PUBDICT_GLYCAN_MOTIF	
a-Galactose on Core 2						1A				BIOOLIGO	
A-Ley						1A	G54826OZ			PUBDICT_GLYCAN_MOTIF	
a2-3 Neu5Ac on Core 1						1A				BIOOLIGO	
acharan sulfate						1A	G25575JK			PUBDICTIONARIES-GLYCAN-IMAGE; GLYCOEPITOPE; PUBDICT_GLYCAN_MOTIF; PUBDICT_GLYCOSMOS	
alkylacylphosphatidylinositol-anchored glycan						1A				EOG_VARKI_4E	
alpha-gal antigen	a-Gal antigen; alpha-Gal antigen; α-Gal epitope; alpha-galactosyl epitope; Galalpha1-3Gal epitope	αGal				1A	G24432YB; G00046MO; G27798EJ	GSD000016	GlycoMotif:GGM.000015; GlycoMotif:GDV.000022; GlycoMotif:CCRC.000015	GSD_GLYGEN_V0; CUMMINGS; GLYCOMOTIF_GGM; GLYCOMOTIF_GDV; GLYCOMOTIF_CCRC; PUBDICT_GLYCAN_MOTIF; EOG_VARKI_4E; PUBDICTIONARIES-GLYCAN-IMAGE; GLYCOEPITOPE; PUBDICT_GLYCOSMOS	
alpha-galactosylceramide		alpha-GalCer; α-GalCer				1A		GSD000017		GSD_GLYGEN_V0	
Antigen A	Antigen A					1A	G58507AZ			SUGARBIND; PUBDICT_GLYCAN_MOTIF	
Antigen H				H1 (tri-)		1A	G88393MK			SUGARBIND; PUBDICT_GLYCAN_MOTIF	
asialo-GM1		as-GM1; aGM1; AGM1		Asialo-GM1a	GA1; Gangliotetraosylceramide; GgO4; Gg4; ganglio-N-tetraosylceramide	1A	G21856LC; G00407UJ	GSD000019	GlycoMotif:GGM.000099; GlycoMotif:GDV.000033; GlycoMotif:CCRC.000099	EOG_VARKI_4E; GSD_GLYGEN_V0; PUBDICTIONARIES-GLYCAN-IMAGE; CUMMINGS; GLYCOMOTIF_GGM; GLYCOMOTIF_GDV; GLYCOMOTIF_CCRC; PUBDICT_GLYCAN_MOTIF; PUBDICT_GLYCONAVI_NAME; PUBDICT_GLYCONAVI_ABBREV; GLYCOEPITOPE; PUBDICT_GLYCOSMOS	
asialo-GM2		aGM2; AGM2				1A	G90562PB			PUBDICTIONARIES-GLYCAN-IMAGE; PUBDICT_GLYCONAVI_NAME; PUBDICT_GLYCONAVI_ABBREV; PUBDICT_GLYCOSMOS	
asialo-GM3		aGM3; AGM3				1A	G84224TW; G15541SE			PUBDICTIONARIES-GLYCAN-IMAGE; PUBDICT_GLYCOSMOS	
B antigen						1A	G58612ZQ			SUGARBIND	Type-4 H, A, and B antigens form the O (H), A, and B blood group determinants on glycolipids.
B antigen (type 3)						1A	G88313DY		GlycoMotif:GGM.000201	GLYCOMOTIF_GGM	
B Lewis b		B Leb				1A	G60395SO			SUGARBIND; PUBDICT_GLYCAN_MOTIF	
B tetra L						1A				PUBDICT_GLYCONAVI_NAME; PUBDICT_GLYCONAVI_ABBREV	
B tetra type 1						1A				PUBDICT_GLYCONAVI_NAME; PUBDICT_GLYCONAVI_ABBREV	
B type 1 B Lewis b	B type 1 B Leb					1A	G94938PL			SUGARBIND; PUBDICT_GLYCAN_MOTIF	
b-galactosylated Core 2						1A				BIOOLIGO	
B-GD1b						1A	G72557NR; G29966WK		GlycoMotif:GGM.000104; GlycoMotif:GDV.000019; GlycoMotif:CCRC.000104	CUMMINGS; GLYCOMOTIF_GGM; GLYCOMOTIF_GDV; GLYCOMOTIF_CCRC; PUBDICT_GLYCAN_MOTIF	
B-GM1						1A	G11485ID; G46884IT	GSD000021	GlycoMotif:GGM.000102; GlycoMotif:GDV.000018; GlycoMotif:CCRC.000102	GSD_GLYGEN_V0; SUGARBIND; CUMMINGS; GLYCOMOTIF_GGM; GLYCOMOTIF_GDV; GLYCOMOTIF_CCRC; PUBDICT_GLYCAN_MOTIF	
B-Ley						1A	G89208KM			PUBDICT_GLYCAN_MOTIF	
B2-tri						1A				PUBDICT_GLYCONAVI_NAME; PUBDICT_GLYCONAVI_ABBREV	
B7 type 1	B Lewis b(7)					1A	G22689CV			SUGARBIND	
Blood group ! - Lewis Y-associated type 2 chain	Blood group A (type 2)  (A-Lewis Y)					1A	G54826OZ		GlycoMotif:GDV.000059	GLYCOMOTIF_GDV; PUBDICT_GLYCAN_MOTIF	
blood group A	Blood Group A Like					1A	G00066MO; G17108EX; G33888AF; G58507AZ; G48600JD; G88356HA; G10902TC		GlycoMotif:CCRC.000038	PUBDICTIONARIES-GLYCAN-IMAGE; GLYCOMOTIF_CCRC; PUBDICT_GLYCAN_MOTIF; PUBDICT_GLYCOSMOS; PUBDICT_MOTIF_GTC	Efforts to generate “universal donor” red blood cells, via enzymatic conversion of blood group A and B antigens to the O state using bacterial enzymes, are underway.
Blood group A (type 1)  (A-Lewis b)	Blood group A (type 1) (A-Leb)					1A	G97501MA		GlycoMotif:GDV.000054	GLYCOMOTIF_GDV; PUBDICT_GLYCAN_MOTIF	
Blood group A (type 1) - Lewis b		A-Leb; A-Le^b				1A	G97501MA		GlycoMotif:GGM.000047	GLYCOMOTIF_GGM	
Blood group A (type 2) (A-Ley)						1A	G54826OZ			PUBDICT_GLYCAN_MOTIF	
Blood group A (type 2) - Lewis y		A-Ley; A-Le^y				1A	G54826OZ		GlycoMotif:GGM.000039	GLYCOMOTIF_GGM	
Blood group A antigen hexaose type 1						1A				BIOOLIGO	
Blood group A antigen hexaose type 2						1A				BIOOLIGO	
Blood group A antigen pentaose type 1						1A				BIOOLIGO	
Blood group A antigen pentaose type 2						1A				BIOOLIGO	
Blood group A antigen pentaose type 4						1A				BIOOLIGO	
Blood group A antigen tetraose type 1						1A				BIOOLIGO	
Blood group A antigen tetraose type 2						1A				BIOOLIGO	
Blood group A antigen tetraose type 5						1A				BIOOLIGO	
Blood group A antigen triose						1A				BIOOLIGO	
blood group A determinant	A blood group determinant			blood group A trisaccharide		1A	G00066MO	GSD000029		EOG_VARKI_4E; GSD_GLYGEN_V0	
Blood group A Lewis B antigen pentaose type1						1A				BIOOLIGO	
Blood group A Lewis Y antigen pentaose type2						1A				BIOOLIGO	
blood group A trisaccharide						1A	G00066MO			PUBDICTIONARIES-GLYCAN-IMAGE; GLYCOEPITOPE	
blood group A type 1	A type 1; Blood group A(1); blood group A antigen type 1					1A	G66163TI; G03986GH; G44060QH; G97501MA	GSD000030	GlycoMotif:GGM.000044; GlycoMotif:GDV.000058; GlycoMotif:CCRC.000040	GSD_GLYGEN_V0; PUBDICTIONARIES-GLYCAN-IMAGE; GLYCOEPITOPE; GLYCOMOTIF_GGM; GLYCOMOTIF_GDV; GLYCOMOTIF_CCRC; PUBDICT_GLYCAN_MOTIF; PUBDICT_GLYCOSMOS	
blood group A type 1 (difucosyl)	Blood Group A Type 1 (difucosyl)					1A	G97501MA			PUBDICTIONARIES-GLYCAN-IMAGE; GLYCOEPITOPE; PUBDICT_GLYCAN_MOTIF; PUBDICT_GLYCOSMOS	
blood group A type 2	A type 2; Blood group A type 2 chain		type 2; Blood group A			1A	G74353FF; G54826OZ	GSD000014	GlycoMotif:GGM.000038; GlycoMotif:GDV.000060	GSD_GLYGEN_V0; PUBDICTIONARIES-GLYCAN-IMAGE; GLYCOEPITOPE; CUMMINGS; GLYCOMOTIF_GGM; GLYCOMOTIF_GDV; PUBDICT_GLYCAN_MOTIF; PUBDICT_GLYCOSMOS	
blood group A type 2 (difucosyl)	Blood Group A Type 2 (difucosyl)					1A	G54826OZ			PUBDICTIONARIES-GLYCAN-IMAGE; GLYCOEPITOPE; PUBDICT_GLYCAN_MOTIF; PUBDICT_GLYCOSMOS	
Blood group A type 2 tetrasaccharide						1A	G17108EX			SUGARBIND	
blood group A type 3	A type 3 antigen					1A	G99315PE	GSD000187	GlycoMotif:GGM.000011	GSD_GLYGEN_V0; PUBDICTIONARIES-GLYCAN-IMAGE; GLYCOEPITOPE; PUBDICT_GLYCAN_MOTIF; PUBDICT_GLYCOSMOS	
blood group A type 4	A type 4					1A	G37830TX; G17480GI	GSD000028	GlycoMotif:GGM.000088; GlycoMotif:GDV.000057	GSD_GLYGEN_V0; PUBDICTIONARIES-GLYCAN-IMAGE; GLYCOEPITOPE; GLYCOMOTIF_GGM; GLYCOMOTIF_GDV; PUBDICT_GLYCAN_MOTIF; PUBDICT_GLYCOSMOS	
Blood group A1 (type 3)						1A	G44060QH		GlycoMotif:GGM.000040; GlycoMotif:GDV.000055	GLYCOMOTIF_GGM; GLYCOMOTIF_GDV; PUBDICT_GLYCAN_MOTIF	
Blood group A1 - type 3 chain			type 3; Blood group A1			1A				CUMMINGS	
Blood group A2						1A	G19804SF; G62735WZ		GlycoMotif:CCRC.000041	GLYCOMOTIF_CCRC; PUBDICT_GLYCAN_MOTIF	
Blood group A2 (A-associated H type 3)						1A	G62735WZ		GlycoMotif:GGM.000041	GLYCOMOTIF_GGM; PUBDICT_GLYCAN_MOTIF	
Blood group A2 - A-associated H type 3 chain	A-associated H type 3; Blood group A2 (A-associated H type 3)		Blood group A2			1A	G62735WZ		GlycoMotif:GDV.000005	CUMMINGS; GLYCOMOTIF_GDV	
Blood group B						1A	G41865GQ; G26934CO; G60395SO; G65112QB; G00067MO		GlycoMotif:CCRC.000037	GLYCOMOTIF_CCRC; PUBDICT_GLYCAN_MOTIF; PUBDICT_MOTIF_GTC	Similarly, blood group B individuals show circulating IgM anti-A isoagglutinins, but they do not make isoagglutinins against the blood group B determinant, a “self” antigen.
Blood group B (type 1) (B-Ley)						1A	G89208KM			PUBDICT_GLYCAN_MOTIF	
Blood group B (type 1) - Lewis b		B-Leb; B-Le^b				1A	G89208KM		GlycoMotif:GGM.000046	GLYCOMOTIF_GGM	
Blood group B - Lewis Y-associated type 1 chain	Blood group B (type 1)  (B-Lewis Y)					1A	G89208KM		GlycoMotif:GDV.000016	GLYCOMOTIF_GDV; PUBDICT_GLYCAN_MOTIF	
Blood group B - type 2 chain			type 2; Blood group B			1A				CUMMINGS	
Blood group B - type 4 chain	Blood group B (type 4)					1A	G25216QA		GlycoMotif:GDV.000017	GLYCOMOTIF_GDV	
Blood group B antigen hexaose type 1						1A				BIOOLIGO	
Blood group B antigen hexaose type 2						1A				BIOOLIGO	
Blood group B antigen pentaose type 1						1A				BIOOLIGO	
Blood group B antigen pentaose type 2						1A				BIOOLIGO	
Blood group B antigen pentaose type 4						1A				BIOOLIGO	
Blood group B antigen tetraose type 1						1A				BIOOLIGO	
Blood group B antigen tetraose type 2						1A				BIOOLIGO	
Blood group B antigen tetraose type 5						1A				BIOOLIGO	
Blood group B antigen triose						1A				BIOOLIGO	
blood group B determinant	B blood group determinant					1A				EOG_VARKI_4E	Type-4 H, A, and B antigens form the O (H), A, and B blood group determinants on glycolipids.
Blood group B Lewis Y antigen pentaose type1						1A				BIOOLIGO	
Blood group B Lewis Y antigen pentaose type2						1A				BIOOLIGO	
blood group B type 1	B type 1			blood group B type 1 tetrasaccharide		1A	G31734OS; G89208KM	GSD000033	GlycoMotif:GGM.000043; GlycoMotif:GDV.000020	GSD_GLYGEN_V0; GLYCOMOTIF_GGM; GLYCOMOTIF_GDV; PUBDICT_GLYCAN_MOTIF	
blood group B type 2	B type 2					1A	G34881WK; G94956AW	GSD000034	GlycoMotif:GGM.000037; GlycoMotif:GDV.000021	GSD_GLYGEN_V0; PUBDICTIONARIES-GLYCAN-IMAGE; GLYCOEPITOPE; GLYCOMOTIF_GGM; GLYCOMOTIF_GDV; PUBDICT_GLYCAN_MOTIF; PUBDICT_GLYCOSMOS	
blood group B type 4	B type 4					1A	G25216QA	GSD000035	GlycoMotif:GGM.000087	GSD_GLYGEN_V0; GLYCOMOTIF_GGM; PUBDICT_GLYCAN_MOTIF	
blood group H						1A	G00068MO; G43391VM; G50899UD; G49963IQ		GlycoMotif:CCRC.000036	PUBDICTIONARIES-GLYCAN-IMAGE; GLYCOMOTIF_CCRC; PUBDICT_GLYCAN_MOTIF; PUBDICT_GLYCOSMOS; PUBDICT_MOTIF_GTC	
Blood group H (type 1)	type 1 blood group H core trisaccharide; H type 1					1A	G40696TO; G00294TN		GlycoMotif:GGM.000042	GLYCOMOTIF_GGM; PUBDICT_GLYCAN_MOTIF; PUBDICT_GLYCOSMOS; EOG_VARKI_4E; GSD_GLYGEN_V0; PUBDICTIONARIES-GLYCAN-IMAGE; GLYCOEPITOPE	
Blood group H (type 2) - Lewis y		H-Ley; H-Le^y				1A	G00052MO		GlycoMotif:GGM.000045	GLYCOMOTIF_GGM	
Blood group H - Lewis Y-associated type 2 chain	Blood group H (type 2)  (Lewis Y)					1A	G00052MO		GlycoMotif:GDV.000012	GLYCOMOTIF_GDV	
Blood group H - type 1 chain	Blood group H (type 1)					1A	G00294TN		GlycoMotif:GDV.000011	GLYCOMOTIF_GDV	
Blood group H - type 2 chain	Blood group H (type 2)		type 2; Blood group H			1A	G70519XK		GlycoMotif:GDV.000015	CUMMINGS; GLYCOMOTIF_GDV	
Blood group H antigen pentaose type 2						1A				BIOOLIGO	
Blood group H antigen tetraose type 1						1A				BIOOLIGO	
Blood group H antigen tetraose type 2						1A				BIOOLIGO	
Blood group H antigen tetraose type 4					Globo H tetraose	1A				BIOOLIGO	
Blood group H antigen triaose type 2						1A				BIOOLIGO	
Blood group H antigen triose type 1						1A				BIOOLIGO	
Blood group H antigen triose type 3						1A				BIOOLIGO	
Blood group H antigen triose type 4						1A				BIOOLIGO	
Blood group H antigen triose type 5						1A				BIOOLIGO	
Blood group H antigen triose type 6						1A				BIOOLIGO	
blood group H determinant	H blood group determinant					1A				EOG_VARKI_4E	Blood group antigen synthesis begins with modification of Type-1 or Type-2 structures by the transfer of α1-2Fuc to Gal to form the blood group H determinant.
blood group H disaccharide						1A	G00068MO			PUBDICTIONARIES-GLYCAN-IMAGE; GLYCOEPITOPE; PUBDICT_GLYCAN_MOTIF	
Blood Group H Like						1A	G82749ZI			PUBDICT_GLYCAN_MOTIF	
blood group H type 2	H type 2; H type 2 chain; H type 2 antigen; type 2 chain H; blood group H type II		Blood group H; Blood group type 2			1A	G70519XK; G61459JW; G00052MO	GSD000037	GlycoMotif:GGM.000036	GSD_GLYGEN_V0; PUBDICTIONARIES-GLYCAN-IMAGE; GLYCOEPITOPE; GLYCOMOTIF_GGM; PUBDICT_GLYCAN_MOTIF; PUBDICT_GLYCOSMOS; PUBDICT_GLYCONAVI_NAME; PUBDICT_GLYCONAVI_ABBREV	
blood group H type 3	H type 3; H antigen (type 3); Type 3 chain H		H antigen			1A	G94435QH	GSD000105	GlycoMotif:GGM.000010; GlycoMotif:GDV.000006	GSD_GLYGEN_V0; PUBDICTIONARIES-GLYCAN-IMAGE; GLYCOEPITOPE; CUMMINGS; GLYCOMOTIF_GGM; GLYCOMOTIF_GDV; PUBDICT_GLYCAN_MOTIF; PUBDICT_GLYCOSMOS	
blood group H type 4	H type 4					1A	G98465JN; G35778AN	GSD000039	GlycoMotif:GGM.000086; GlycoMotif:GDV.000007	GSD_GLYGEN_V0; PUBDICTIONARIES-GLYCAN-IMAGE; GLYCOEPITOPE; GLYCOMOTIF_GGM; GLYCOMOTIF_GDV; PUBDICT_GLYCAN_MOTIF; PUBDICT_GLYCOSMOS	
CA19-9 antigen	CA19-9; carbohydrate antigen 19-9				sialyl Lewis a; Sialyl Lewis a	1A	G00053MO			PUBDICT_GLYCAN_MOTIF; EOG_VARKI_4E; GSD_GLYGEN_V0	
CAD						1A	G00063MO			PUBDICT_GLYCAN_MOTIF; PUBDICT_MOTIF_GTC	
CD77					Gb3	1A	G00059MO			EOG_VARKI_4E; GSD_GLYGEN_V0	
Chodroitin Sulfate D Unit						1A	G46732TY			PUBDICT_GLYCAN_MOTIF	
chondroitin						1A	G43702JT; G00018MO			EOG_VARKI_4E; PUBDICTIONARIES-GLYCAN-IMAGE; GLYCOEPITOPE; PUBDICT_GLYCAN_MOTIF; PUBDICT_GLYCOSMOS; PUBDICT_MOTIF_GTC	Superficially, this would seem to make sense, because primary glycans of cartilage include hyaluronan (see Chapter 15) and chondroitin sulfate, both of which contain hexosamines within their structure (see Chapter 16).
Chondroitin 4S						1A	G00018MO			PUBDICT_GLYCAN_MOTIF	
chondroitin sulfate	chondroitin sulfuric acid; chondroitin sulphate			chondroitin polysulfate		1A	G00018MO	GSD000043		EOG_VARKI_4E; GSD_GLYGEN_V0; PUBDICT_MOTIF_GTC	For example, dermatan sulfate is defined as having one or more iduronic acid–containing disaccharide units (chondroitin sulfate B) as well as glucuronic acid–containing disaccharides (chondroitin sulfate A and C).
chondroitin sulfate A					chondroitin-4-sulfate	1A				EOG_VARKI_4E; GSD_GLYGEN_V0	For example, dermatan sulfate is defined as having one or more iduronic acid–containing disaccharide units (chondroitin sulfate B) as well as glucuronic acid–containing disaccharides (chondroitin sulfate A and C).
chondroitin sulfate B					dermatan sulfate	1A				EOG_VARKI_4E; GSD_GLYGEN_V0	For example, dermatan sulfate is defined as having one or more iduronic acid–containing disaccharide units (chondroitin sulfate B) as well as glucuronic acid–containing disaccharides (chondroitin sulfate A and C).
chondroitin sulfate C						1A				EOG_VARKI_4E; GSD_GLYGEN_V0	
chondroitin sulfate D						1A	G46732TY			PUBDICTIONARIES-GLYCAN-IMAGE	
Chondroitin Sulfate D Unit	Chindroitin Sulfate D Unit					1A	G46732TY			GLYCOEPITOPE; PUBDICT_GLYCAN_MOTIF; PUBDICT_GLYCOSMOS	
chondroitin sulfate/dermatan sulfate	chondroitin/dermatan sulfate	CS/DS				1A		GSD000184		GSD_GLYGEN_V0	Biosynthesis of chondroitin sulfate/dermatan sulfate involves the polymerization of N-acetylgalactosamine and glucuronic acid units and a series of modification reactions including O-sulfation and epimerization of glucuronic acid to iduronic acid.
chondroitin-4-sulfate	4-sulfated chondroitin sulfate				chondroitin sulfate A	1A	G19059PI			EOG_VARKI_4E; PUBDICTIONARIES-GLYCAN-IMAGE; GLYCOEPITOPE; PUBDICT_GLYCAN_MOTIF; PUBDICT_GLYCOSMOS	
chondroitin-6-sulfate	6-sulfated chondroitin sulfate					1A	G34992DF			PUBDICTIONARIES-GLYCAN-IMAGE; GLYCOEPITOPE; PUBDICT_GLYCAN_MOTIF; PUBDICT_GLYCOSMOS	
cisGM1	GM1b					1A	G03277YI; G14633CL	GSD000044	GlycoMotif:GGM.000100; GlycoMotif:GDV.000102; GlycoMotif:CCRC.000100	GSD_GLYGEN_V0; CUMMINGS; GLYCOMOTIF_GGM; GLYCOMOTIF_GDV; GLYCOMOTIF_CCRC; PUBDICT_GLYCAN_MOTIF	
core 0						1A	G57321FI			PUBDICTIONARIES-GLYCAN-IMAGE; PUBDICT_GLYCOSMOS	
core 1	Core 1 / T antigen; core 1 O-glycan; core 1 O-GalNAc glycan; O-Glycan core 1	C1G				1A	G00031MO; G58645HA; G00032MO		GlycoMotif:GGM.001005	PUBDICTIONARIES-GLYCAN-IMAGE; PUBDICT_GLYCAN_MOTIF; PUBDICT_GLYCOSMOS; EOG_VARKI_4E; GSD_GLYGEN_V0; GLYCOMOTIF_GGM; PUBDICT_MOTIF_GTC	A family of core 1 galactosyltransferases (C1GalTs) exists in Drosophila and the loss of certain members disrupts the nervous system and neuromuscular junctions (NMJ).
core 2	core 2 O-glycan; core 2 O-GalNAc glycan; O-Glycan core 2					1A	G00033MO; G00034MO		GlycoMotif:GGM.001007	PUBDICTIONARIES-GLYCAN-IMAGE; BIOOLIGO; PUBDICT_GLYCOSMOS; EOG_VARKI_4E; GSD_GLYGEN_V0; GLYCOMOTIF_GGM; PUBDICT_GLYCAN_MOTIF; PUBDICT_MOTIF_GTC	The enzymes responsible for core 2 synthesis are core 2 β1-6 N-acetylglucosaminyltransferases 1, 2, and 3 (GCNT1, GCNT3 and GCNT4).
core 3	core 3 O-glycan; core 3 O-GalNAc glycan; O-Glycan core 3					1A	G00035MO; G00036MO		GlycoMotif:GGM.001009	PUBDICTIONARIES-GLYCAN-IMAGE; PUBDICT_GLYCOSMOS; EOG_VARKI_4E; GSD_GLYGEN_V0; GLYCOMOTIF_GGM; PUBDICT_GLYCAN_MOTIF; PUBDICT_MOTIF_GTC	Core 3 O-mannose is extended in the ER by an N-acetylglucosaminyltransferase (POMGNT2) that adds a β1-4GlcNAc.
core 4	core 4 O-glycan; core 4 O-GalNAc glycan; O-Glycan core 4					1A	G00037MO; G00038MO		GlycoMotif:GGM.001011	PUBDICTIONARIES-GLYCAN-IMAGE; BIOOLIGO; PUBDICT_GLYCOSMOS; EOG_VARKI_4E; GSD_GLYGEN_V0; GLYCOMOTIF_GGM; PUBDICT_GLYCAN_MOTIF; PUBDICT_MOTIF_GTC	Less common cores are core 3, in which β1-3GlcNAc is added to O-GalNAc, and core 4, in which core 3 is branched by the addition of β1-6GlcNAc (Table 10.1).
core 5	O-Glycan core 5					1A	G00039MO; G00040MO		GlycoMotif:GGM.001013	PUBDICTIONARIES-GLYCAN-IMAGE; PUBDICT_GLYCOSMOS; GLYCOMOTIF_GGM; PUBDICT_GLYCAN_MOTIF; PUBDICT_MOTIF_GTC	
core 6	O-Glycan core 6					1A	G00041MO; G00042MO		GlycoMotif:GGM.001015	PUBDICTIONARIES-GLYCAN-IMAGE; PUBDICT_GLYCOSMOS; GLYCOMOTIF_GGM; PUBDICT_GLYCAN_MOTIF; PUBDICT_MOTIF_GTC	
core 7	O-Glycan core 7					1A	G00043MO; G00044MO		GlycoMotif:GGM.001017	PUBDICTIONARIES-GLYCAN-IMAGE; PUBDICT_GLYCOSMOS; GLYCOMOTIF_GGM; PUBDICT_GLYCAN_MOTIF; PUBDICT_MOTIF_GTC	
core 8	O-Glycan core 8					1A	G76355TG		GlycoMotif:GGM.001032	PUBDICTIONARIES-GLYCAN-IMAGE; PUBDICT_GLYCOSMOS; GLYCOMOTIF_GGM	
core M1	core M1 O-mannose glycan	M1				1A	G85856KC			PUBDICTIONARIES-GLYCAN-IMAGE; PUBDICT_GLYCOSMOS; EOG_VARKI_4E	Core M1 glycans can also be converted to Core M2 O-mannose glycans by the addition of a β1-6GlcNAc to the O-mannose, catalyzed by the N-acetylglucosaminyltransferase MGAT5B.
core M2	core M2 O-mannose glycan	M2				1A	G56868BH			PUBDICTIONARIES-GLYCAN-IMAGE; PUBDICT_GLYCOSMOS; EOG_VARKI_4E	Core M1 glycans can also be converted to Core M2 O-mannose glycans by the addition of a β1-6GlcNAc to the O-mannose, catalyzed by the N-acetylglucosaminyltransferase MGAT5B.
core M3	core M3 O-mannose glycan	M3				1A	G97041TX			PUBDICTIONARIES-GLYCAN-IMAGE; PUBDICT_GLYCOSMOS; EOG_VARKI_4E	The core M3 glycans (Figure 13.5) possess key functional properties and have to date been identified only on the mammalian protein α-dystroglycan.
Core type 1 triose						1A				BIOOLIGO	
Core type 2 triose						1A				BIOOLIGO	
Core type 4						1A				BIOOLIGO	
CT/Sda						1A				PUBDICT_GLYCONAVI_NAME; PUBDICT_GLYCONAVI_ABBREV	
cyclic sialyl 6-sulfo Lewis x						1A	G11148DZ; G80722US; G23322RK; G53231FE	GSD000052	GlycoMotif:GDV.000001; GlycoMotif:CCRC.000023	GSD_GLYGEN_V0; PUBDICTIONARIES-GLYCAN-IMAGE; GLYCOEPITOPE; CUMMINGS; GLYCOMOTIF_GDV; GLYCOMOTIF_CCRC; PUBDICT_GLYCAN_MOTIF; PUBDICT_GLYCOSMOS	
Cytolipin R						1A	G57710SU; G19926LY	GSD000053	GlycoMotif:GGM.000083; GlycoMotif:GDV.000063; GlycoMotif:CCRC.000083	GSD_GLYGEN_V0; CUMMINGS; GLYCOMOTIF_GGM; GLYCOMOTIF_GDV; GLYCOMOTIF_CCRC; PUBDICT_GLYCAN_MOTIF	
delta-heparan sulfate						1A	G25575JK; G17927IW			PUBDICTIONARIES-GLYCAN-IMAGE; GLYCOEPITOPE; PUBDICT_GLYCAN_MOTIF; PUBDICT_GLYCOSMOS	
dermatan sulfate	beta-Heparin				chondroitin sulfate B; Dermatan L-iduronate	1A	G00019MO	GSD000054		EOG_VARKI_4E; GSD_GLYGEN_V0; PUBDICT_GLYCAN_MOTIF; PUBDICT_MOTIF_GTC	Biosynthesis of chondroitin sulfate/dermatan sulfate involves the polymerization of N-acetylgalactosamine and glucuronic acid units and a series of modification reactions including O-sulfation and epimerization of glucuronic acid to iduronic acid.
Di-Lec						1A				PUBDICT_GLYCONAVI_NAME; PUBDICT_GLYCONAVI_ABBREV	
dimeric Lewis a	Dimeric Lea	Di-LeA				1A	G21808VY; G82106UN; G06148DR		GlycoMotif:GDV.000025; GlycoMotif:CCRC.000126	PUBDICTIONARIES-GLYCAN-IMAGE; GLYCOEPITOPE; GLYCOMOTIF_GDV; PUBDICT_GLYCAN_MOTIF; PUBDICT_GLYCOSMOS; CUMMINGS; GLYCOMOTIF_CCRC; PUBDICT_GLYCONAVI_NAME; PUBDICT_GLYCONAVI_ABBREV	
dimeric Lewis x	dimeric Le(x); Lex-Lex; Lewisx-Lewisx; Le^x-Le^x; di-Lewis x	DimLex^x; diLe(x); Di-Lex			Lewis X–Lewis X	1A	G79535HZ	GSD000058	GlycoMotif:GGM.000031	GSD_GLYGEN_V0; PUBDICTIONARIES-GLYCAN-IMAGE; GLYCOEPITOPE; GLYCOMOTIF_GGM; PUBDICT_GLYCAN_MOTIF; PUBDICT_GLYCOSMOS; PUBDICT_GLYCONAVI_NAME; PUBDICT_GLYCONAVI_ABBREV; BIOOLIGO	
Disialogangliotetraosylceramide		GD1a	Disialoganglioside	NeuAc-GD1b; GD1b		1A	G37184KW; G46677TE			SUGARBIND; PUBDICT_GLYCAN_MOTIF	
Disialosyl galactosyl globoside		DSGG			disialosyl globopentaosylceramide	1A	G97932OH			SUGARBIND; PUBDICT_GLYCAN_MOTIF	
disialosyl globopentaosylceramide	Disialosyl Gb5	DSGb5			Disialosyl galactosyl globoside	1A	G97932OH; G75814EP	GSD000060	GlycoMotif:GGM.000082; GlycoMotif:GDV.000093; GlycoMotif:CCRC.000082	GSD_GLYGEN_V0; CUMMINGS; GLYCOMOTIF_GGM; GLYCOMOTIF_GDV; GLYCOMOTIF_CCRC; PUBDICT_GLYCAN_MOTIF	
disialyl Core 2						1A				BIOOLIGO	
disialyl Core 2 with sLex on Core 2						1A				BIOOLIGO	
disialyl Gb5					disialosyl Gn5	1A	G97932OH	GSD000061		GSD_GLYGEN_V0; PUBDICTIONARIES-GLYCAN-IMAGE; GLYCOEPITOPE; PUBDICT_GLYCAN_MOTIF; PUBDICT_GLYCOSMOS	
disialyl I antigen	disialyl I					1A	G54937EM	GSD000062		GSD_GLYGEN_V0; PUBDICTIONARIES-GLYCAN-IMAGE; GLYCOEPITOPE; PUBDICT_GLYCAN_MOTIF; PUBDICT_GLYCOSMOS	
disialyl Lewis a	disialyl-Lewis a; disialyl Lea					1A	G93400AK	GSD000063		EOG_VARKI_4E; GSD_GLYGEN_V0; PUBDICTIONARIES-GLYCAN-IMAGE; GLYCOEPITOPE; PUBDICT_GLYCAN_MOTIF; PUBDICT_GLYCOSMOS	
disialyl Lewis c						1A	G14000ZZ			PUBDICTIONARIES-GLYCAN-IMAGE; GLYCOEPITOPE; PUBDICT_GLYCAN_MOTIF; PUBDICT_GLYCOSMOS	
disialyl T antigen	di-sialyl T antigen; disialyl-T antigen; disialylated T-antigen					1A	G01614ZM; G65191ST; G84906ML	GSD000064	GlycoMotif:GGM.000014; GlycoMotif:GDV.000092; GlycoMotif:CCRC.000014	GSD_GLYGEN_V0; PUBDICTIONARIES-GLYCAN-IMAGE; GLYCOEPITOPE; CUMMINGS; GLYCOMOTIF_GGM; GLYCOMOTIF_GDV; GLYCOMOTIF_CCRC; PUBDICT_GLYCAN_MOTIF; PUBDICT_GLYCOSMOS	
extended core-1 O-glycan						1A				EOG_VARKI_4E	
Extended GM1						1A	G03506YN			SUGARBIND	
Extended tetrafucosyl-Le						1A	G57142PA		GlycoMotif:GDV.000002	GLYCOMOTIF_GDV; PUBDICT_GLYCAN_MOTIF	
Extended tetrafucosyl-Leb						1A				CUMMINGS	
Extended tetrafucosyl-Leb338						1A	G75811PV		GlycoMotif:CCRC.000124	GLYCOMOTIF_CCRC; PUBDICT_GLYCAN_MOTIF	
Extended trifucosyl-Leb						1A				CUMMINGS	
F1 alpha						1A	G61730RY; G21312EA			PUBDICTIONARIES-GLYCAN-IMAGE; GLYCOEPITOPE; PUBDICT_GLYCAN_MOTIF; PUBDICT_GLYCOSMOS	
Forssman antigen	Forssman glycolipid; Globopentosylceramide; Forssman; Forssmann				Globopentosylceramide	1A	G80062GG; G00064MO; G72565QB		GlycoMotif:GGM.000084; GlycoMotif:GDV.000061; GlycoMotif:CCRC.000084	PUBDICTIONARIES-GLYCAN-IMAGE; GLYCOEPITOPE; PUBDICT_GLYCAN_MOTIF; PUBDICT_GLYCOSMOS; GSD_GLYGEN_V0; SUGARBIND; CUMMINGS; GLYCOMOTIF_GGM; GLYCOMOTIF_GDV; GLYCOMOTIF_CCRC; PUBDICT_MOTIF_GTC	The Forssman antigen, first discovered in sheep erythrocytes by John Frederick Forssman, is expressed during embryonic and adult stages in many mammals.
Fuc-gangliotetraosylceramide					H-5-ganglio; Fuc-GgO4	1A	G57920AK			SUGARBIND; PUBDICT_GLYCAN_MOTIF	
fucosyl asialo-GM1						1A	G57920AK			PUBDICTIONARIES-GLYCAN-IMAGE; GLYCOEPITOPE; PUBDICT_GLYCAN_MOTIF; PUBDICT_GLYCOSMOS	
fucosyl GM1						1A	G91532KA			PUBDICTIONARIES-GLYCAN-IMAGE; GLYCOEPITOPE; BIOOLIGO; PUBDICT_GLYCAN_MOTIF; PUBDICT_GLYCOSMOS; PUBDICT_GLYCONAVI_NAME; PUBDICT_GLYCONAVI_ABBREV	
Fucosylated A antigen type 5						1A				BIOOLIGO	
Fucosylated B antigen type 5						1A				BIOOLIGO	
fucosylated GL-6	globoH; GL-6 fucosylated				globo H; Globo-H	1A	G98465JN; G83120FP		GlycoMotif:GGM.000078; GlycoMotif:GDV.000008; GlycoMotif:CCRC.000078	CUMMINGS; GLYCOMOTIF_GGM; GLYCOMOTIF_GDV; GLYCOMOTIF_CCRC; PUBDICT_GLYCAN_MOTIF	
GA1	ganglioside GA1				asialo-GM1	1A	G21856LC			EOG_VARKI_4E; GSD_GLYGEN_V0; BIOOLIGO	SeviL (PDB 6LF2), in mussels, binds to the trisaccharide Galβ1-3GalNAcβ1-4Gal, a component of gangliosides GM1b (Siaα2-3 Galβ1-3GalNAcβ1-4Galβ1-4Glcβ1-1Cer) and GA1 (Galβ1-3GalNAcβ1-4Galβ1-4Glcβ1-1Cer).
GA2						1A	G90562PB			PUBDICTIONARIES-GLYCAN-IMAGE; BIOOLIGO; PUBDICT_GLYCOSMOS	
Gal(b1-3) globoside						1A	G99053DY			PUBDICT_GLYCAN_MOTIF	
Gala3-type1						1A				PUBDICT_GLYCONAVI_NAME; PUBDICT_GLYCONAVI_ABBREV	
Gala3Lex						1A				PUBDICT_GLYCONAVI_NAME; PUBDICT_GLYCONAVI_ABBREV	
galabiosylceramide	Galabiosylceramide				Digalactosylceramide	1A	G67988RO	GSD000078		GSD_GLYGEN_V0; PUBDICTIONARIES-GLYCAN-IMAGE; SUGARBIND; GLYCOEPITOPE; PUBDICT_GLYCAN_MOTIF; PUBDICT_GLYCOSMOS	
Galactocerebroside (non-hydroxy fatty acid)						1A				PUBDICT_GLYCONAVI_NAME	
galactosylceramide	galactoceramide; Galactocerebroside	GalCer; Gal-Cer; LC				1A	G65889KE	GSD000079	GlycoMotif:GGM.000061; GlycoMotif:GDV.000053	EOG_VARKI_4E; GSD_GLYGEN_V0; PUBDICTIONARIES-GLYCAN-IMAGE; SUGARBIND; GLYCOEPITOPE; CUMMINGS; GLYCOMOTIF_GGM; GLYCOMOTIF_GDV; PUBDICT_GLYCAN_MOTIF; PUBDICT_GLYCOSMOS	GSLs, such as GalCer, are built on a ceramide lipid moiety that consists of a long-chain amino alcohol (sphingosine) in amide linkage to a fatty acid.
galactosylgloboside						1A	G99053DY			PUBDICTIONARIES-GLYCAN-IMAGE; GLYCOEPITOPE; PUBDICT_GLYCAN_MOTIF; PUBDICT_GLYCOSMOS	
Galili antigen pentaose						1A				BIOOLIGO	
Galili-tri						1A				BIOOLIGO; PUBDICT_GLYCONAVI_NAME; PUBDICT_GLYCONAVI_ABBREV	
GalNAc Disialyl Lc4						1A	G33532XU			PUBDICT_GLYCAN_MOTIF; PUBDICT_GLYCOSMOS	
GalNAc disialyl Lc4 hexasaccharide						1A	G33532XU	GSD000080		GSD_GLYGEN_V0; PUBDICTIONARIES-GLYCAN-IMAGE; GLYCOEPITOPE	
GalNAc-GD1a						1A	G92175CL			PUBDICTIONARIES-GLYCAN-IMAGE; GLYCOEPITOPE; PUBDICT_GLYCAN_MOTIF; PUBDICT_GLYCOSMOS	
Gangliotetraose						1A				PUBDICT_GLYCONAVI_NAME; PUBDICT_GLYCONAVI_ABBREV	
Gangliotetraosylceramide		GgO4; Gg4			asialo-GM1; GA1; Asialo-GM1a	1A	G21856LC; G05357CB			SUGARBIND; PUBDICT_GLYCAN_MOTIF	
Gangliotriaosylceramide		Gg3			Asialo-GM2; GA2; Asialo-GM2a	1A	G90562PB			SUGARBIND; PUBDICT_GLYCAN_MOTIF	
Gangliotriose						1A				PUBDICT_GLYCONAVI_NAME; PUBDICT_GLYCONAVI_ABBREV	
Gb3					Pk antigen; CD77	1A	G00059MO			EOG_VARKI_4E; PUBDICTIONARIES-GLYCAN-IMAGE; GLYCOEPITOPE; PUBDICT_GLYCAN_MOTIF; PUBDICT_GLYCOSMOS	Some glycolipids are highly enriched in specific cancers (e.g., Gb3/CD77 in Burkitt's lymphoma and GM3, GD2, and GD3 in melanomas) (Figure 47.3).
Gb4	globoside-4				P antigen	1A	G00061MO			EOG_VARKI_4E; PUBDICTIONARIES-GLYCAN-IMAGE; PUBDICT_GLYCAN_MOTIF; PUBDICT_GLYCOSMOS; PUBDICT_GLYCONAVI_NAME; PUBDICT_GLYCONAVI_ABBREV	
Gb5		Globopentaosylceramide				1A	G99053DY; G19298OA; G88796WA		GlycoMotif:GGM.000076; GlycoMotif:GDV.000029; GlycoMotif:CCRC.000076	GLYCOMOTIF_GGM; GLYCOMOTIF_GDV; GLYCOMOTIF_CCRC; PUBDICT_GLYCAN_MOTIF; PUBDICT_GLYCOSMOS; PUBDICTIONARIES-GLYCAN-IMAGE; SUGARBIND; CUMMINGS	
GD1	ganglioside GD1			GD1c		1A	G81983KG; G24638PB	GSD000082	GlycoMotif:GGM.000105; GlycoMotif:GDV.000126; GlycoMotif:CCRC.000105	EOG_VARKI_4E; GSD_GLYGEN_V0; CUMMINGS; GLYCOMOTIF_GDV; GLYCOMOTIF_CCRC; PUBDICT_GLYCAN_MOTIF	Mice engineered to lack MAG have many of the same phenotypic changes as mice lacking GM2/GD2 synthase, and biochemical and cell-biological studies showed that the major brain gangliosides GD1a and GT1b are excellent ligands for MAG.
GD1 (GD1c)						1A	G81983KG			PUBDICT_GLYCAN_MOTIF	
GD1 alpha	GD1α					1A	G07394RV			PUBDICTIONARIES-GLYCAN-IMAGE; CUMMINGS; PUBDICT_GLYCOSMOS	
GD1 alpha pentasaccharide						1A	G45714BQ; G07394RV			PUBDICTIONARIES-GLYCAN-IMAGE; GLYCOEPITOPE; PUBDICT_GLYCAN_MOTIF	
GD1a	ganglioside GD1a; GD1alpha				GD1alpha	1A	G46677TE; G45714BQ; G13258LA; G69277LC	GSD000083	GlycoMotif:GGM.000106; GlycoMotif:GGM.000107; GlycoMotif:GDV.000096; GlycoMotif:CCRC.000106	EOG_VARKI_4E; GSD_GLYGEN_V0; PUBDICTIONARIES-GLYCAN-IMAGE; GLYCOEPITOPE; CUMMINGS; GLYCOMOTIF_GGM; GLYCOMOTIF_GDV; GLYCOMOTIF_CCRC; PUBDICT_GLYCAN_MOTIF; PUBDICT_GLYCOSMOS; PUBDICT_GLYCONAVI_NAME; PUBDICT_GLYCONAVI_ABBREV	Mice engineered to lack MAG have many of the same phenotypic changes as mice lacking GM2/GD2 synthase, and biochemical and cell-biological studies showed that the major brain gangliosides GD1a and GT1b are excellent ligands for MAG.
GD1b	ganglioside GD1b					1A	G37184KW; G97612UN	GSD000084	GlycoMotif:GGM.000108; GlycoMotif:GDV.000031; GlycoMotif:CCRC.000108	EOG_VARKI_4E; GSD_GLYGEN_V0; PUBDICTIONARIES-GLYCAN-IMAGE; GLYCOEPITOPE; BIOOLIGO; CUMMINGS; GLYCOMOTIF_GGM; GLYCOMOTIF_GDV; GLYCOMOTIF_CCRC; PUBDICT_GLYCAN_MOTIF; PUBDICT_GLYCOSMOS; PUBDICT_GLYCONAVI_NAME; PUBDICT_GLYCONAVI_ABBREV	
GD1c			GD1			1A	G81983KG		GlycoMotif:GGM.000105	GLYCOMOTIF_GGM; PUBDICT_GLYCAN_MOTIF	
GD2					NeuAc-GD2	1A	G02657AK; G41759HA	GSD000085	GlycoMotif:GGM.000094; GlycoMotif:GDV.000071; GlycoMotif:CCRC.000094	GSD_GLYGEN_V0; PUBDICTIONARIES-GLYCAN-IMAGE; SUGARBIND; GLYCOEPITOPE; BIOOLIGO; CUMMINGS; GLYCOMOTIF_GGM; GLYCOMOTIF_GDV; GLYCOMOTIF_CCRC; PUBDICT_GLYCAN_MOTIF; PUBDICT_GLYCOSMOS; PUBDICT_GLYCONAVI_NAME; PUBDICT_GLYCONAVI_ABBREV	Mice engineered to lack MAG have many of the same phenotypic changes as mice lacking GM2/GD2 synthase, and biochemical and cell-biological studies showed that the major brain gangliosides GD1a and GT1b are excellent ligands for MAG.
GD3						1A	G98544DH; G81928IQ	GSD000086	GlycoMotif:GGM.000091; GlycoMotif:GDV.000127; GlycoMotif:CCRC.000091	GSD_GLYGEN_V0; PUBDICTIONARIES-GLYCAN-IMAGE; SUGARBIND; BIOOLIGO; CUMMINGS; GLYCOMOTIF_GGM; GLYCOMOTIF_GDV; GLYCOMOTIF_CCRC; PUBDICT_GLYCAN_MOTIF; PUBDICT_GLYCOSMOS; PUBDICT_GLYCONAVI_NAME; PUBDICT_GLYCONAVI_ABBREV	
Gg3						1A	G90562PB			PUBDICTIONARIES-GLYCAN-IMAGE; PUBDICT_GLYCOSMOS	
Gg4	ganglioside Gg4					1A	G21856LC			EOG_VARKI_4E; PUBDICTIONARIES-GLYCAN-IMAGE; PUBDICT_GLYCOSMOS	
Gg5						1A	G96834JC			PUBDICTIONARIES-GLYCAN-IMAGE; PUBDICT_GLYCOSMOS	
GH1c-alpha	GH1calpha; GH1ca	GH1ca				1A	G14091MR; G86139YL		GlycoMotif:GGM.000120; GlycoMotif:GDV.000122; GlycoMotif:CCRC.000120	GLYCOMOTIF_GGM; GLYCOMOTIF_GDV; GLYCOMOTIF_CCRC	
GH1cα						1A	G14091MR; G86139YL			CUMMINGS; PUBDICT_GLYCAN_MOTIF	
GL-6 fucosylated (globoH)						1A	G98465JN			PUBDICT_GLYCAN_MOTIF	
GL-7	GL-7 globoseries ganglioside				SSEA-4 Has related synonym SSEA-4; SSEA-4	1A	G32254QI; G42784QY		GlycoMotif:GGM.000080; GlycoMotif:GDV.000098; GlycoMotif:CCRC.000080	CUMMINGS; GLYCOMOTIF_GGM; GLYCOMOTIF_GDV; GLYCOMOTIF_CCRC; PUBDICT_GLYCAN_MOTIF	
GlcNAc b(1-2') TF						1A				BIOOLIGO	
GlcNAc(b1-3)Gal(b1-4)GlcNAc						1A	G48117BL			PUBDICTIONARIES-GLYCAN-IMAGE; GLYCOEPITOPE; PUBDICT_GLYCAN_MOTIF; PUBDICT_GLYCOSMOS	
Globo-A						1A	G37830TX			SUGARBIND	
Globo-H					fucosylated GL-6	1A	G98465JN			SUGARBIND; PUBDICT_GLYCAN_MOTIF	
globoside					P antigen; Gb4	1A	G00061MO	GSD000088	GlycoMotif:GGM.000070; GlycoMotif:GDV.000065	GSD_GLYGEN_V0; PUBDICTIONARIES-GLYCAN-IMAGE; GLYCOEPITOPE; CUMMINGS; GLYCOMOTIF_GDV; PUBDICT_GLYCAN_MOTIF; PUBDICT_GLYCOSMOS	
Globotetraose						1A				PUBDICT_GLYCONAVI_NAME; PUBDICT_GLYCONAVI_ABBREV	
globotetraosylceramide		Gb4Cer; Gb4			Globoside	1A	G00061MO; G04616ST	GSD000088	GlycoMotif:GGM.000070	GSD_GLYGEN_V0; SUGARBIND; PUBDICT_GLYCAN_MOTIF	
globotriaosylceramide		Gb3; GL3; Gb(3); Gb_3; CTH	ceramide trihexoside; Trihexosylceramide			1A	G00059MO	GSD000089	GlycoMotif:GGM.000068	GSD_GLYGEN_V0; SUGARBIND; PUBDICT_GLYCAN_MOTIF	Some glycolipids are highly enriched in specific cancers (e.g., Gb3/CD77 in Burkitt's lymphoma and GM3, GD2, and GD3 in melanomas) (Figure 47.3).
Globotriose						1A				PUBDICT_GLYCONAVI_NAME; PUBDICT_GLYCONAVI_ABBREV	
Glucocerebrosides						1A				PUBDICT_GLYCONAVI_NAME	
Glucopsychosine						1A				PUBDICT_GLYCONAVI_NAME	
glucosylceramide	glucoceramide; Glucocerebroside	GlcCer; Glc-Cer	Ceramide monohexoside; CMH			1A	G71142DF	GSD000090	GlycoMotif:GGM.000060	EOG_VARKI_4E; GSD_GLYGEN_V0; SUGARBIND; CUMMINGS; GLYCOMOTIF_GGM; PUBDICT_GLYCAN_MOTIF	Likewise, glucosylceramide (GlcCer) was first isolated from the spleen of a Gaucher disease patient, where it accumulates.
glycoinositolphospholipids		GIPLs				1A				EOG_VARKI_4E	These include the so-called glycoinositol phospholipids (GIPLs) and lipophosphoglycans (LPGs) of Leishmania.
glycosylceramide						1A				EOG_VARKI_4E	
glycosylinositolphosphorylceramide	glycosylinositolphosphorylceramides	GIPCs				1A				EOG_VARKI_4E	The outer leaflet of the plasma membrane is instead dominated by glycosylinositolphosphorylceramides (GIPCs), lipids that are absent in animals.
GM1	ganglioside GM1; GM1 ganglioside; GM1-ganglioside					1A	G48558GR; G03277YI; G46613JI	GSD000091	GlycoMotif:GGM.000098; GlycoMotif:GDV.000030; GlycoMotif:CCRC.000098	EOG_VARKI_4E; GSD_GLYGEN_V0; PUBDICTIONARIES-GLYCAN-IMAGE; SUGARBIND; GLYCOEPITOPE; CUMMINGS; GLYCOMOTIF_GGM; GLYCOMOTIF_GDV; GLYCOMOTIF_CCRC; PUBDICT_GLYCAN_MOTIF; PUBDICT_GLYCOSMOS; PUBDICT_GLYCONAVI_NAME; PUBDICT_GLYCONAVI_ABBREV	For example, in the widely used nomenclature of Svennerholm, the ganglioside Galβ1-3GalNAcβ1-4(Neu5Acα2-3)Galβ1-4GlcβCer is designated “GM1” (Figure 11.3).
GM1a						1A	G48558GR			GSD_GLYGEN_V0; PUBDICTIONARIES-GLYCAN-IMAGE; PUBDICT_GLYCOSMOS	
GM1b	ganglioside GM1b					1A	G03277YI			EOG_VARKI_4E; PUBDICTIONARIES-GLYCAN-IMAGE; GLYCOEPITOPE; PUBDICT_GLYCAN_MOTIF; PUBDICT_GLYCOSMOS	SeviL (PDB 6LF2), in mussels, binds to the trisaccharide Galβ1-3GalNAcβ1-4Gal, a component of gangliosides GM1b (Siaα2-3 Galβ1-3GalNAcβ1-4Galβ1-4Glcβ1-1Cer) and GA1 (Galβ1-3GalNAcβ1-4Galβ1-4Glcβ1-1Cer).
GM2	ganglioside GM2				NeuAc-GM2	1A	G79389NT; G61168WC	GSD000092	GlycoMotif:GGM.000095; GlycoMotif:GDV.000069; GlycoMotif:CCRC.000095	EOG_VARKI_4E; GSD_GLYGEN_V0; PUBDICTIONARIES-GLYCAN-IMAGE; SUGARBIND; CUMMINGS; GLYCOMOTIF_GGM; GLYCOMOTIF_GDV; GLYCOMOTIF_CCRC; PUBDICT_GLYCAN_MOTIF; PUBDICT_GLYCOSMOS; PUBDICT_GLYCONAVI_NAME; PUBDICT_GLYCONAVI_ABBREV	Mice engineered to lack MAG have many of the same phenotypic changes as mice lacking GM2/GD2 synthase, and biochemical and cell-biological studies showed that the major brain gangliosides GD1a and GT1b are excellent ligands for MAG.
GM3	ganglioside GM3					1A	G91237TK; G56516VH	GSD000093	GlycoMotif:GGM.000090; GlycoMotif:GDV.000108; GlycoMotif:CCRC.000090	EOG_VARKI_4E; GSD_GLYGEN_V0; PUBDICTIONARIES-GLYCAN-IMAGE; CUMMINGS; GLYCOMOTIF_GGM; GLYCOMOTIF_GDV; GLYCOMOTIF_CCRC; PUBDICT_GLYCAN_MOTIF; PUBDICT_GLYCOSMOS; PUBDICT_GLYCONAVI_NAME; PUBDICT_GLYCONAVI_ABBREV	GM3 is also a precursor for some more complex gangliosides.
GM3(NeuGc)						1A				PUBDICT_GLYCONAVI_NAME	
GM4					Sialylated GalCer	1A	G30207PZ; G77824XV	GSD000094	GlycoMotif:GGM.000089; GlycoMotif:GDV.000113; GlycoMotif:CCRC.000089	GSD_GLYGEN_V0; PUBDICTIONARIES-GLYCAN-IMAGE; GLYCOEPITOPE; CUMMINGS; GLYCOMOTIF_GGM; GLYCOMOTIF_GDV; GLYCOMOTIF_CCRC; PUBDICT_GLYCAN_MOTIF; PUBDICT_GLYCOSMOS	
GP1c						1A	G93805MV; G26203DP; G04433GV; G77608BK	GSD000095	GlycoMotif:GGM.000118; GlycoMotif:GDV.000095; GlycoMotif:CCRC.000118	GSD_GLYGEN_V0; PUBDICTIONARIES-GLYCAN-IMAGE; CUMMINGS; GLYCOMOTIF_GGM; GLYCOMOTIF_GDV; GLYCOMOTIF_CCRC; PUBDICT_GLYCAN_MOTIF; PUBDICT_GLYCOSMOS	
GP1c-alpha	GP1calpha; GP1ca; GP1cα	GP1ca				1A	G04433GV; G16999RL; G00552RX		GlycoMotif:GGM.000119; GlycoMotif:CCRC.000119	GLYCOMOTIF_GGM; GLYCOMOTIF_CCRC; CUMMINGS; PUBDICT_GLYCAN_MOTIF	
GPI anchor core	GPI anchor; GPI glycan					1A	G00045MO; G46392BZ		GlycoMotif:GGM.001030	PUBDICT_GLYCAN_MOTIF; BIOOLIGO; GLYCOMOTIF_GGM; PUBDICT_MOTIF_GTC; EOG_VARKI_4E	
GQ1a-alpha	GQ1aalpha; GQ1aa; GQ1aα					1A	G90598GO; G26199BG		GlycoMotif:GGM.000114; GlycoMotif:GDV.000121; GlycoMotif:CCRC.000114	GLYCOMOTIF_GGM; GLYCOMOTIF_GDV; GLYCOMOTIF_CCRC; PUBDICT_GLYCAN_MOTIF; CUMMINGS	
GQ1b	ganglioside GQ1b				NeuAc-GQ1b	1A	G18625KA; G17077FL	GSD000096	GlycoMotif:GGM.000115; GlycoMotif:GDV.000124; GlycoMotif:CCRC.000115	EOG_VARKI_4E; GSD_GLYGEN_V0; PUBDICTIONARIES-GLYCAN-IMAGE; SUGARBIND; GLYCOEPITOPE; CUMMINGS; GLYCOMOTIF_GGM; GLYCOMOTIF_GDV; GLYCOMOTIF_CCRC; PUBDICT_GLYCAN_MOTIF; PUBDICT_GLYCOSMOS; PUBDICT_GLYCONAVI_NAME; PUBDICT_GLYCONAVI_ABBREV	
GQ1b alpha	GQ1balpha; GQ1ba; GQ1bα					1A	G54733XO; G49791FJ	GSD000097	GlycoMotif:GGM.000116; GlycoMotif:GDV.000091; GlycoMotif:CCRC.000116	GSD_GLYGEN_V0; PUBDICTIONARIES-GLYCAN-IMAGE; GLYCOEPITOPE; GLYCOMOTIF_GGM; GLYCOMOTIF_GDV; GLYCOMOTIF_CCRC; PUBDICT_GLYCAN_MOTIF; PUBDICT_GLYCOSMOS; CUMMINGS	
GQ1c						1A	G99524KA; G54442GQ	GSD000098	GlycoMotif:GGM.000117; GlycoMotif:GDV.000101; GlycoMotif:CCRC.000117	GSD_GLYGEN_V0; PUBDICTIONARIES-GLYCAN-IMAGE; CUMMINGS; GLYCOMOTIF_GGM; GLYCOMOTIF_GDV; GLYCOMOTIF_CCRC; PUBDICT_GLYCAN_MOTIF; PUBDICT_GLYCOSMOS	
GQ2						1A				PUBDICT_GLYCONAVI_NAME; PUBDICT_GLYCONAVI_ABBREV	
GT1a						1A	G68110IF; G93468NI	GSD000099	GlycoMotif:GGM.000110; GlycoMotif:GDV.000123; GlycoMotif:CCRC.000110	GSD_GLYGEN_V0; PUBDICTIONARIES-GLYCAN-IMAGE; GLYCOEPITOPE; BIOOLIGO; CUMMINGS; GLYCOMOTIF_GGM; GLYCOMOTIF_GDV; GLYCOMOTIF_CCRC; PUBDICT_GLYCAN_MOTIF; PUBDICT_GLYCOSMOS	
GT1a alpha	GT1aa; GT1aalpha					1A	G02149VR; G17486WU	GSD000100	GlycoMotif:GGM.000111; GlycoMotif:GDV.000094; GlycoMotif:CCRC.000111	GSD_GLYGEN_V0; PUBDICTIONARIES-GLYCAN-IMAGE; GLYCOEPITOPE; CUMMINGS; GLYCOMOTIF_GGM; GLYCOMOTIF_GDV; GLYCOMOTIF_CCRC; PUBDICT_GLYCAN_MOTIF; PUBDICT_GLYCOSMOS	
GT1b	ganglioside GT1b					1A	G40183QN; G05952XV	GSD000101	GlycoMotif:GGM.000112; GlycoMotif:GDV.000100; GlycoMotif:CCRC.000112	EOG_VARKI_4E; GSD_GLYGEN_V0; PUBDICTIONARIES-GLYCAN-IMAGE; GLYCOEPITOPE; BIOOLIGO; CUMMINGS; GLYCOMOTIF_GGM; GLYCOMOTIF_GDV; GLYCOMOTIF_CCRC; PUBDICT_GLYCAN_MOTIF; PUBDICT_GLYCOSMOS; PUBDICT_GLYCONAVI_NAME; PUBDICT_GLYCONAVI_ABBREV	
GT1c	ganglioside GT1c					1A	G78818SP; G50762GU	GSD000102	GlycoMotif:GGM.000113; GlycoMotif:GDV.000032; GlycoMotif:CCRC.000113	EOG_VARKI_4E; GSD_GLYGEN_V0; PUBDICTIONARIES-GLYCAN-IMAGE; BIOOLIGO; CUMMINGS; GLYCOMOTIF_GGM; GLYCOMOTIF_GDV; GLYCOMOTIF_CCRC; PUBDICT_GLYCAN_MOTIF; PUBDICT_GLYCOSMOS	
GT2						1A	G36476BA; G35228ZS	GSD000103	GlycoMotif:GGM.000109; GlycoMotif:GDV.000072; GlycoMotif:CCRC.000109	GSD_GLYGEN_V0; PUBDICTIONARIES-GLYCAN-IMAGE; BIOOLIGO; CUMMINGS; GLYCOMOTIF_GGM; GLYCOMOTIF_GDV; GLYCOMOTIF_CCRC; PUBDICT_GLYCAN_MOTIF; PUBDICT_GLYCOSMOS; PUBDICT_GLYCONAVI_NAME; PUBDICT_GLYCONAVI_ABBREV	
GT3						1A	G93899SO; G33570YF	GSD000104	GlycoMotif:GGM.000092; GlycoMotif:GDV.000128; GlycoMotif:CCRC.000092	GSD_GLYGEN_V0; PUBDICTIONARIES-GLYCAN-IMAGE; GLYCOEPITOPE; BIOOLIGO; CUMMINGS; GLYCOMOTIF_GGM; GLYCOMOTIF_GDV; GLYCOMOTIF_CCRC; PUBDICT_GLYCAN_MOTIF; PUBDICT_GLYCOSMOS; PUBDICT_GLYCONAVI_NAME; PUBDICT_GLYCONAVI_ABBREV	
H antigen						1A	G46868TY		GlycoMotif:CCRC.000010	GLYCOMOTIF_CCRC; PUBDICT_GLYCAN_MOTIF	The H allele encodes an α1-2FucT (FUT1) expressed in erythrocyte precursors and transfers Fuc to Type-2 and Type-4 glycan units to form the H antigen on erythrocytes (Figure 14.4).
H type 1						1A	G50899UD			SUGARBIND; PUBDICT_GLYCONAVI_NAME; PUBDICT_GLYCONAVI_ABBREV	
H type 1 Lewis b	H type 1 Leb					1A	G14300ZJ			SUGARBIND; PUBDICT_GLYCAN_MOTIF	
H2						1A				PUBDICT_GLYCONAVI_NAME; PUBDICT_GLYCONAVI_ABBREV	For any D sugar, the conversion of a Fischer projection into a Haworth projection proceeds as follows: (1) any groups (atoms) that are directed to the right in the Fischer structure are given a downward orientation in the Haworth structure, (2) any groups (atoms) that are directed to the left in the Fischer structure are given an upward orientation in the Haworth structure, and (3) the terminal —C...
H5 type 1						1A	G00050MO			SUGARBIND	
heparan sulfate	Heparan sulphate; Heparatan sulfate; Heparitin sulfate	HS		N-Acetylheparan sulfate	Heparan N-sulfate; Heparin monosulfate; Heparin sulfate; Heparitin monosulfate	1A	G17927IW	GSD000106		EOG_VARKI_4E; GSD_GLYGEN_V0; PUBDICTIONARIES-GLYCAN-IMAGE; GLYCOEPITOPE	Heparan sulfate also can contain anticoagulant activity, but typical preparations from cells or tissues are much less active than heparin.
heparan sulfate backbone				heparan sulfate		1A				EOG_VARKI_4E	
heparin				bemiparin; certoparin; Cy 222; enoxaparin; fluxum; parnaparin; reviparin; sandoparin	Heparinic acid	1A	G00021MO; G54161DR	GSD000107		EOG_VARKI_4E; GSD_GLYGEN_V0; PUBDICT_GLYCAN_MOTIF; PUBDICT_MOTIF_GTC	Heparin (a highly sulfated form of HS; Chapter 17) is a therapeutic agent extracted from porcine intestines or bovine lungs.
Heparin decasaccharide						1A				BIOOLIGO	
Heparin heptasaccharide						1A				BIOOLIGO	
Heparin hexasaccharide						1A				BIOOLIGO	
Heparin nonasaccharide						1A				BIOOLIGO	
Heparin octasaccharide						1A				BIOOLIGO	
Heparin pentasaccharide						1A				BIOOLIGO	Arixtra, a synthetic heparin pentasaccharide that binds antithrombin exactly as isolated heparin is used to prevent deep-vein thrombosis and pulmonary embolism and has gained market share in recent years even though it is more costly.
Heparin tetrasaccharide						1A				BIOOLIGO	
HNK-1 antigen	HNK-1; Human Natural Killer-1 carbohydrate; HNK-1 carbohydrate epitope					1A	G53277CD; G54406UD; G89591DK		GlycoMotif:GGM.000058; GlycoMotif:GDV.000081; GlycoMotif:CCRC.000058	CUMMINGS; GLYCOMOTIF_GGM; GLYCOMOTIF_GDV; GLYCOMOTIF_CCRC; PUBDICT_GLYCAN_MOTIF; EOG_VARKI_4E; GSD_GLYGEN_V0; PUBDICTIONARIES-GLYCAN-IMAGE; GLYCOEPITOPE; PUBDICT_GLYCOSMOS	The HNK-1 antigen is a terminally sulfated glycan that was first described on human natural killer cells, and is also called CD57.
HNK-1 on O-mannose						1A	G06898ZN; G60606QD; G82061CN		GlycoMotif:GGM.000059; GlycoMotif:GDV.000079; GlycoMotif:CCRC.000059	CUMMINGS; GLYCOMOTIF_GGM; GLYCOMOTIF_GDV; GLYCOMOTIF_CCRC; PUBDICT_GLYCAN_MOTIF	
HNK-expressing SGLPG						1A	G10503MP; G43040ZY		GlycoMotif:GDV.000080; GlycoMotif:CCRC.000129	CUMMINGS; GLYCOMOTIF_GDV; GLYCOMOTIF_CCRC; PUBDICT_GLYCAN_MOTIF	
hyaluronan		HA				1A	G29086KO; G00017MO	GSD000183		EOG_VARKI_4E; GSD_GLYGEN_V0; PUBDICT_GLYCAN_MOTIF	Hyaluronan chains occupy a large hydrodynamic volume such that in a solution containing 3–5 mg/mL hyaluronan, individual molecules occupy essentially all of the solvent.
Hyluronan						1A	G00017MO			PUBDICT_MOTIF_GTC	
I antigen	I Antigen Like					1A	G56045WU; G46055MA; G26929DQ; G96238FJ	GSD000112	GlycoMotif:GGM.000003; GlycoMotif:CCRC.000004	EOG_VARKI_4E; GSD_GLYGEN_V0; PUBDICTIONARIES-GLYCAN-IMAGE; GLYCOEPITOPE; CUMMINGS; GLYCOMOTIF_GGM; GLYCOMOTIF_CCRC; PUBDICT_GLYCAN_MOTIF	The development of antibodies against the I antigen is often associated with a Mycoplasma pneumoniae infection, whereas anti-i antibodies occur most commonly in the setting of infectious mononucleosis.
II3Neu5GcGg4Cer, GM1						1A	G24034CH			SUGARBIND	
II3Neu5GcGg4Cer, GM1(Gc)						1A	G24034CH			PUBDICT_GLYCAN_MOTIF	
Internal Blood Group H						1A	G82749ZI			PUBDICT_GLYCAN_MOTIF	
internal Lewis x						1A	G64227KZ			PUBDICTIONARIES-GLYCAN-IMAGE; GLYCOEPITOPE; PUBDICT_GLYCAN_MOTIF; PUBDICT_GLYCOSMOS	
Isoglobopentaose	Isoglobopentaose (iGB5)	iGB5				1A				BIOOLIGO	
Isoglobotetraose	isoglobotetraosylceramide	iGb4				1A	G57710SU; G19926LY; G32862WC		GlycoMotif:GGM.000071; GlycoMotif:GDV.000064; GlycoMotif:CCRC.000071	BIOOLIGO; PUBDICTIONARIES-GLYCAN-IMAGE; PUBDICT_GLYCOSMOS; GSD_GLYGEN_V0; CUMMINGS; GLYCOMOTIF_GGM; GLYCOMOTIF_GDV; GLYCOMOTIF_CCRC; PUBDICT_GLYCAN_MOTIF	
Isoglobotriaosylceramide		IGb3			Isoglobotri	1A	G78074HX			SUGARBIND; PUBDICT_GLYCAN_MOTIF	
Isoglobotriose		iGb3				1A	G78074HX			BIOOLIGO; PUBDICT_GLYCONAVI_NAME; PUBDICT_GLYCONAVI_ABBREV; PUBDICTIONARIES-GLYCAN-IMAGE; PUBDICT_GLYCOSMOS	
keratan sulfate	Kerato sulphate; Kerato sulfate; Keratan sulphate	KS	keratan	kerato 6'-sulfate; keratan 6'-sulfate; Kerato 6'-sulphate; Keratan 6'-sulphate		1A	G82109MW; G00020MO	GSD000114		EOG_VARKI_4E; GSD_GLYGEN_V0; PUBDICTIONARIES-GLYCAN-IMAGE; GLYCOEPITOPE; PUBDICT_GLYCAN_MOTIF; PUBDICT_GLYCOSMOS; PUBDICT_MOTIF_GTC	Keratan sulfate is a sulfated poly-N-acetyllactosamine chain present on a limited number of proteins as an N-linked or O-linked chain.
keratan sulfate type I	N-linked KS; corneal-type KS	KS-I				1A				EOG_VARKI_4E	The N-glycan corneal-type KS (type I) is probably degraded by the same set of enzymes used for N-glycan degradation.
keratan sulfate type II	skeletal-type KS	KS-II				1A				EOG_VARKI_4E	
Lacto-N-fucopentaose I						1A				BIOOLIGO	
Lacto-N-fucopentose						1A	G98173LG			SUGARBIND	
Lacto-N-neofucopentaose						1A				BIOOLIGO	
Lacto-N-neooctaose						1A				BIOOLIGO	
lacto-N-neotetraose						1A	G48059CD; G45827GY			PUBDICTIONARIES-GLYCAN-IMAGE; GLYCOEPITOPE; PUBDICT_GLYCAN_MOTIF; PUBDICT_GLYCOSMOS	
lacto-N-tetraose						1A	G45827GY; G48059CD			PUBDICTIONARIES-GLYCAN-IMAGE; GLYCOEPITOPE; PUBDICT_GLYCAN_MOTIF; PUBDICT_GLYCOSMOS	
Lacto-N-triose						1A				BIOOLIGO	
lactogangliotetraosylceramide						1A	G62554JH; G85237WB			PUBDICTIONARIES-GLYCAN-IMAGE; GLYCOEPITOPE; PUBDICT_GLYCAN_MOTIF; PUBDICT_GLYCOSMOS	
lactosylceramide		LacCer; Lc2; CDH	CDH			1A	G84224TW; G20420WT; G74621DY	GSD000116	GlycoMotif:GGM.000064; GlycoMotif:GDV.000039; GlycoMotif:CCRC.000064	EOG_VARKI_4E; GSD_GLYGEN_V0; PUBDICTIONARIES-GLYCAN-IMAGE; SUGARBIND; GLYCOEPITOPE; CUMMINGS; GLYCOMOTIF_GGM; GLYCOMOTIF_GDV; GLYCOMOTIF_CCRC; PUBDICT_GLYCAN_MOTIF; PUBDICT_GLYCOSMOS	Specific exceptions occur, such as the high concentration of lactosylceramide in neutrophil granules.
lactotetraosylceramide		Lc4			Lewis C	1A	G00049MO			PUBDICTIONARIES-GLYCAN-IMAGE; SUGARBIND; GLYCOEPITOPE; PUBDICT_GLYCAN_MOTIF; PUBDICT_GLYCOSMOS	
lactotriaosylceramide		Lc3; Lc(3)Cer; Lc_3			Glucosylceramide	1A	G06239NA; G71142DF; G87727XV	GSD000117	GlycoMotif:GGM.000067; GlycoMotif:GDV.000082; GlycoMotif:GDV.000083; GlycoMotif:CCRC.000067	GSD_GLYGEN_V0; SUGARBIND; CUMMINGS; GLYCOMOTIF_GGM; GLYCOMOTIF_GDV; GLYCOMOTIF_CCRC; PUBDICT_GLYCAN_MOTIF	
Lc3						1A	G06239NA			PUBDICTIONARIES-GLYCAN-IMAGE; PUBDICT_GLYCAN_MOTIF; PUBDICT_GLYCOSMOS	
Lc4						1A	G00049MO			PUBDICTIONARIES-GLYCAN-IMAGE; PUBDICT_GLYCOSMOS	
LcGg4						1A	G62554JH; G85237WB	GSD000118	GlycoMotif:GGM.000075; GlycoMotif:GDV.000068; GlycoMotif:CCRC.000075	GSD_GLYGEN_V0; CUMMINGS; GLYCOMOTIF_GGM; GLYCOMOTIF_GDV; GLYCOMOTIF_CCRC; PUBDICT_GLYCAN_MOTIF	
LeA						1A	G00047MO			PUBDICT_MOTIF_GTC; PUBDICT_GLYCONAVI_NAME; PUBDICT_GLYCONAVI_ABBREV	(more...) Expression of Lea and Leb glycans and FUT3 is largely restricted to the same epithelia that express FUT2.
LeALex						1A				PUBDICT_GLYCONAVI_NAME; PUBDICT_GLYCONAVI_ABBREV	
Leb						1A	G39211DH; G00048MO			PUBDICT_GLYCAN_MOTIF; PUBDICT_MOTIF_GTC	The Lewis b antigen (Leb) is synthesized by the concerted actions of FUT3 and FUT2.
Lec						1A				PUBDICT_GLYCONAVI_NAME; PUBDICT_GLYCONAVI_ABBREV	Among the 350 different lectin families crystallized to date, more than 40 involve calcium ions in their binding sites.
Lec-LeX						1A				PUBDICT_GLYCONAVI_NAME; PUBDICT_GLYCONAVI_ABBREV	
LeD						1A	G00050MO			PUBDICT_MOTIF_GTC	
Lewis a	Le(a); Le^a; Lea	Lea		Lea-5; Lea-3		1A	G00047MO; G39023AU; G26123AX	GSD000119	GlycoMotif:GGM.000020; GlycoMotif:GDV.000026; GlycoMotif:CCRC.000020	GSD_GLYGEN_V0; PUBDICTIONARIES-GLYCAN-IMAGE; SUGARBIND; GLYCOEPITOPE; CUMMINGS; GLYCOMOTIF_GGM; GLYCOMOTIF_GDV; GLYCOMOTIF_CCRC; PUBDICT_GLYCAN_MOTIF; PUBDICT_GLYCOSMOS; PUBDICT_MOTIF_GTC; EOG_VARKI_4E	The Lewis a antigen (Lea) is synthesized by an α1-3/α1-4FucT (FUT3) encoded by the Lewis (LE or FUT3) blood group locus.
Lewis a (b1-3)Gal						1A	G28420BK			GLYCOEPITOPE; PUBDICT_GLYCAN_MOTIF; PUBDICT_GLYCOSMOS	
Lewis a Lewis x						1A				BIOOLIGO	
Lewis a LN						1A				BIOOLIGO	
Lewis a triose						1A				BIOOLIGO	
Lewis a- Lewis X hybrid antigen						1A	G07357YR; G74578MX			PUBDICTIONARIES-GLYCAN-IMAGE; GLYCOEPITOPE; PUBDICT_GLYCAN_MOTIF; PUBDICT_GLYCOSMOS	
Lewis a/x Like structure						1A	G24566OP			PUBDICT_GLYCAN_MOTIF	
Lewis b	Le(b); Lewis(b); Le^b	Leb		Leb-6; Leb-4		1A	G39211DH; G00048MO; G09552LA; G00052MO; G49963IQ	GSD000120	GlycoMotif:GGM.000021; GlycoMotif:GDV.000004; GlycoMotif:GDV.000013; GlycoMotif:CCRC.000021	EOG_VARKI_4E; GSD_GLYGEN_V0; PUBDICTIONARIES-GLYCAN-IMAGE; SUGARBIND; GLYCOEPITOPE; CUMMINGS; GLYCOMOTIF_GGM; GLYCOMOTIF_GDV; GLYCOMOTIF_CCRC; PUBDICT_GLYCAN_MOTIF; PUBDICT_GLYCOSMOS; PUBDICT_MOTIF_GTC	The Lewis b antigen (Leb) is synthesized by the concerted actions of FUT3 and FUT2.
Lewis b pentaose						1A				BIOOLIGO	
Lewis b tetraose						1A				BIOOLIGO	
Lewis b/y Like						1A	G20009SF			PUBDICT_GLYCAN_MOTIF	
Lewis c						1A	G00049MO			BIOOLIGO; PUBDICT_GLYCAN_MOTIF; PUBDICT_MOTIF_GTC	
Lewis D						1A	G00050MO			PUBDICT_GLYCAN_MOTIF; PUBDICT_MOTIF_GTC	Type-1 and -2 Lewis determinants.
Lewis x	Le^x; Le(X); Lex	Lex		Lewis x trisaccharide; Lex-3; Lex-5	SSEA-1	1A	G00051MO; G01187XC; G81516LH		GlycoMotif:GGM.000018; GlycoMotif:GDV.000036; GlycoMotif:CCRC.000018	PUBDICTIONARIES-GLYCAN-IMAGE; SUGARBIND; GLYCOEPITOPE; CUMMINGS; GLYCOMOTIF_GGM; GLYCOMOTIF_GDV; GLYCOMOTIF_CCRC; PUBDICT_GLYCAN_MOTIF; PUBDICT_GLYCOSMOS; PUBDICT_MOTIF_GTC; EOG_VARKI_4E; GSD_GLYGEN_V0	Most strongly implicated are the sialylated and/or sulfated determinants represented by sialyl Lex and its sulfated variants (Figure 14.6), which function as selectin ligands on glycoproteins and glycolipids of leukocytes and tumor cells (Chapters 34 and 47).
Lewis X hexaose						1A				BIOOLIGO	
Lewis x on Core 2						1A				BIOOLIGO	
Lewis X tetraose						1A				BIOOLIGO	
Lewis x triaose					SSEA-1	1A				BIOOLIGO	
Lewis X–Lewis X	Lewis X_Lewis X				dimeric Lewis x	1A	G79535HZ		GlycoMotif:GDV.000037	GLYCOMOTIF_GDV; PUBDICT_GLYCAN_MOTIF	
Lewis y	Le(y); Le^y; LeY; Ley	Ley		Ley-4; Ley-6		1A	G00052MO; G89659QV; G49963IQ		GlycoMotif:GDV.000014; GlycoMotif:CCRC.000019; GlycoMotif:GGM.000019	PUBDICT_GLYCAN_MOTIF; GLYCOMOTIF_GDV; SUGARBIND; PUBDICTIONARIES-GLYCAN-IMAGE; PUBDICT_GLYCOSMOS; GLYCOMOTIF_CCRC; GLYCOEPITOPE; GSD_GLYGEN_V0; CUMMINGS; GLYCOMOTIF_GGM; PUBDICT_MOTIF_GTC	Because of structural similarities, the term “Lewis antigen” was applied to other glycan sequences and includes the Lewis x (Lex) and Lewis y (Ley) determinants and forms of the Lea and Lex determinants that are sialylated and/or sulfated (Figure 14.6).
Lewis y (extended)						1A	G69030AU			PUBDICT_GLYCAN_MOTIF	
Lewis y (extended) / hexasaccharide						1A	G69030AU			PUBDICTIONARIES-GLYCAN-IMAGE; GLYCOEPITOPE; PUBDICT_GLYCAN_MOTIF	
Lewis y Lewis x						1A				BIOOLIGO	
Lewis y pentaose						1A				BIOOLIGO	
Lewis y tetraose					Blood group H type 2	1A				BIOOLIGO	
LeX						1A	G00051MO			PUBDICT_MOTIF_GTC; PUBDICT_GLYCONAVI_ABBREV; PUBDICT_GLYCONAVI_NAME	This molecular complex functions to block polyspermy and also serves as a barrier against microbial infection.
Lex on O-Mannose	O-Mannose Lex; O-Mannose Le^x					1A	G81516LH; G72060BE		GlycoMotif:GGM.000057; GlycoMotif:CCRC.000057	CUMMINGS; GLYCOMOTIF_GGM; GLYCOMOTIF_CCRC; PUBDICT_GLYCAN_MOTIF	
Lex-LeA						1A				PUBDICT_GLYCONAVI_NAME; PUBDICT_GLYCONAVI_ABBREV	
Lex_Lex						1A	G45673KX; G79535HZ			PUBDICT_GLYCAN_MOTIF	
Lex–Lex						1A	G45673KX		GlycoMotif:CCRC.000031	CUMMINGS; GLYCOMOTIF_CCRC	
Ley						1A	G00052MO			PUBDICT_GLYCAN_MOTIF; PUBDICT_GLYCONAVI_NAME; PUBDICT_GLYCONAVI_ABBREV	Because of structural similarities, the term “Lewis antigen” was applied to other glycan sequences and includes the Lewis x (Lex) and Lewis y (Ley) determinants and forms of the Lea and Lex determinants that are sialylated and/or sulfated (Figure 14.6).
Ley -Lex						1A				PUBDICT_GLYCONAVI_NAME; PUBDICT_GLYCONAVI_ABBREV	
Ley-Di-Lex						1A				PUBDICT_GLYCONAVI_NAME; PUBDICT_GLYCONAVI_ABBREV	
LN3 Type 2						1A				BIOOLIGO	
LNFP II						1A	G98173LG			SUGARBIND	
LNnT						1A				PUBDICT_GLYCONAVI_NAME; PUBDICT_GLYCONAVI_ABBREV	
LNT						1A				PUBDICT_GLYCONAVI_NAME; PUBDICT_GLYCONAVI_ABBREV	
LNT-2						1A				BIOOLIGO; PUBDICT_GLYCONAVI_NAME; PUBDICT_GLYCONAVI_ABBREV	
LSTa						1A	G21066IE			SUGARBIND	
LSTc						1A	G21938SG			SUGARBIND	
Monosialogangliotetraosylceramide		GM1	Monosialoganglioside	GM1a	NeuAc-GM1	1A	G48558GR			SUGARBIND; PUBDICT_GLYCAN_MOTIF	For example, in the widely used nomenclature of Svennerholm, the ganglioside Galβ1-3GalNAcβ1-4(Neu5Acα2-3)Galβ1-4GlcβCer is designated “GM1” (Figure 11.3).
monosialyl Gb5					Sialosyl galactosyl globoside; GL-7 globoseries ganglioside; SSEA-4	1A	G32254QI	GSD000125	GlycoMotif:GGM.000080	GSD_GLYGEN_V0; PUBDICTIONARIES-GLYCAN-IMAGE; GLYCOEPITOPE; PUBDICT_GLYCAN_MOTIF; PUBDICT_GLYCOSMOS	
Monosulfated gangliotetraosylceramide						1A	G96596OC; G59736KH; G57796RK		GlycoMotif:GGM.000066; GlycoMotif:GDV.000052; GlycoMotif:CCRC.000066	CUMMINGS; GLYCOMOTIF_GGM; GLYCOMOTIF_GDV; GLYCOMOTIF_CCRC; PUBDICT_GLYCAN_MOTIF	
monosulfated globopentaosylceramide						1A	G80193TN; G30925QW; G57710SU	GSD000126	GlycoMotif:GGM.000072; GlycoMotif:GDV.000075	GSD_GLYGEN_V0; CUMMINGS; GLYCOMOTIF_GGM; GLYCOMOTIF_GDV; PUBDICT_GLYCAN_MOTIF	
monosulfated globotetraosylceramide						1A	G05297EK; G50866KI; G44854SQ; G87212TR	GSD000127	GlycoMotif:GGM.000073; GlycoMotif:GDV.000077; GlycoMotif:CCRC.000073	GSD_GLYGEN_V0; CUMMINGS; GLYCOMOTIF_GGM; GLYCOMOTIF_GDV; GLYCOMOTIF_CCRC; PUBDICT_GLYCAN_MOTIF	
N-acetyl GD3						1A	G98544DH			PUBDICTIONARIES-GLYCAN-IMAGE; GLYCOEPITOPE; PUBDICT_GLYCAN_MOTIF; PUBDICT_GLYCOSMOS	
N-acetyl GM2						1A	G79389NT	GSD000128		GSD_GLYGEN_V0; PUBDICTIONARIES-GLYCAN-IMAGE; GLYCOEPITOPE; PUBDICT_GLYCAN_MOTIF; PUBDICT_GLYCOSMOS	
N-acetyl GM3						1A	G91237TK			PUBDICTIONARIES-GLYCAN-IMAGE; GLYCOEPITOPE; PUBDICT_GLYCAN_MOTIF; PUBDICT_GLYCOSMOS	
N-glycolyl GD3						1A	G84891DZ			PUBDICTIONARIES-GLYCAN-IMAGE; GLYCOEPITOPE; PUBDICT_GLYCAN_MOTIF; PUBDICT_GLYCOSMOS	
N-glycolyl GM2						1A	G56478LD; G18221CF	GSD000130	GlycoMotif:GGM.000096; GlycoMotif:GDV.000073; GlycoMotif:CCRC.000096	GSD_GLYGEN_V0; PUBDICTIONARIES-GLYCAN-IMAGE; GLYCOEPITOPE; CUMMINGS; GLYCOMOTIF_GGM; GLYCOMOTIF_GDV; GLYCOMOTIF_CCRC; PUBDICT_GLYCAN_MOTIF; PUBDICT_GLYCOSMOS	
N-glycolyl GM3						1A	G75789AR			PUBDICTIONARIES-GLYCAN-IMAGE; GLYCOEPITOPE; PUBDICT_GLYCAN_MOTIF; PUBDICT_GLYCOSMOS	
Neolactotetraose						1A				PUBDICT_GLYCONAVI_NAME; PUBDICT_GLYCONAVI_ABBREV	
Neolactotetraosylceramide		NLc4			Paragloboside	1A	G58896AZ			SUGARBIND; PUBDICT_GLYCAN_MOTIF	
NeuGc-GM2		GM2gc				1A	G56478LD			SUGARBIND	
NeuGc-GM3		GM3gc				1A	G75789AR			SUGARBIND	
nLc4						1A	G58896AZ			PUBDICTIONARIES-GLYCAN-IMAGE; PUBDICT_GLYCOSMOS	
nLc6	neolacto-hexaosylceramide					1A	G84034JH			PUBDICTIONARIES-GLYCAN-IMAGE; PUBDICT_GLYCOSMOS	
O-acetyl-GD3						1A	G74121RX			PUBDICT_GLYCOSMOS	
O-antigen	O-polysaccharides; lipopolysaccharide O antigen; LPS O antigen	O-PS				1A				EOG_VARKI_4E	LPS consists of a base lipid (lipid A) linked to a core oligosaccharide followed by highly diverse O-polysaccharides (O-antigens).
O-GalNAc Core	O-Glycan O-GalNAc Core					1A	G39738WL		GlycoMotif:GGM.001034	GLYCOMOTIF_GGM	
O-Mannose Core	O-Glycan O-Mannose Core					1A	G76001GO		GlycoMotif:GGM.001036	GLYCOMOTIF_GGM	
P antigen	GLOB P antigen				Gb4	1A	G00061MO	GSD000088	GlycoMotif:GGM.000070; GlycoMotif:CCRC.000070	EOG_VARKI_4E; GSD_GLYGEN_V0; GLYCOMOTIF_CCRC; PUBDICT_GLYCAN_MOTIF; PUBDICT_MOTIF_GTC	The A1 and A2 subgroup antigens are distinct (Figure 14.5) reflecting the different A transferases encoded by the A1 versus A2 allele at the ABO locus.
P1 antigen	P1 determinant					1A	G12460DL; G55205ZV; G00060MO; G00076PK	GSD000141	GlycoMotif:GGM.000069; GlycoMotif:GDV.000024; GlycoMotif:CCRC.000069	EOG_VARKI_4E; GSD_GLYGEN_V0; PUBDICTIONARIES-GLYCAN-IMAGE; GLYCOEPITOPE; CUMMINGS; GLYCOMOTIF_GGM; GLYCOMOTIF_GDV; GLYCOMOTIF_CCRC; PUBDICT_GLYCAN_MOTIF; PUBDICT_GLYCOSMOS; PUBDICT_MOTIF_GTC	In the second pathway, P1-antigen biosynthesis begins with two reactions leading to paragloboside, which is acted on by A4GALT to form the P1 antigen, the most common P blood group.
P1 penta						1A				PUBDICT_GLYCONAVI_NAME; PUBDICT_GLYCONAVI_ABBREV	
P1 tetra						1A				PUBDICT_GLYCONAVI_NAME; PUBDICT_GLYCONAVI_ABBREV	
P1 tri						1A				PUBDICT_GLYCONAVI_NAME; PUBDICT_GLYCONAVI_ABBREV	
Para-Forssman glycolipid						1A	G51699SI; G98848EU	GSD000142	GlycoMotif:GGM.000085; GlycoMotif:GDV.000066; GlycoMotif:CCRC.000085	GSD_GLYGEN_V0; CUMMINGS; GLYCOMOTIF_GGM; GLYCOMOTIF_GDV; GLYCOMOTIF_CCRC; PUBDICT_GLYCAN_MOTIF	
Para-Lacto-N-neohexaose						1A				BIOOLIGO	
paragloboside						1A	G58896AZ; G48059CD; G40585SO	GSD000143	GlycoMotif:GGM.000077; GlycoMotif:GDV.000043; GlycoMotif:CCRC.000077	GSD_GLYGEN_V0; PUBDICTIONARIES-GLYCAN-IMAGE; GLYCOEPITOPE; CUMMINGS; GLYCOMOTIF_GGM; GLYCOMOTIF_GDV; GLYCOMOTIF_CCRC; PUBDICT_GLYCAN_MOTIF; PUBDICT_GLYCOSMOS	
Peptidoglycan						1A	G00023MO			PUBDICT_GLYCAN_MOTIF; PUBDICT_MOTIF_GTC	Variations in peptidoglycan structure may occur within the same organism at different stages of the cell cycle, during developmental processes, or at different sites in the same cell.
Pk						1A				PUBDICT_GLYCONAVI_ABBREV; PUBDICT_GLYCONAVI_NAME	PKD1, one of two ADPKD gene products associated with autosomal-dominant polycystic kidney disease (ADPKD), has been implicated in cell–cell and cell–matrix interactions.
Pk antigen	P^k antigen				Gb3; globotriaosylceramide; Gb_3	1A	G00059MO; G06000DZ		GlycoMotif:GGM.000068; GlycoMotif:GDV.000023; GlycoMotif:CCRC.000068	EOG_VARKI_4E; GSD_GLYGEN_V0; PUBDICTIONARIES-GLYCAN-IMAGE; GLYCOEPITOPE; CUMMINGS; GLYCOMOTIF_GGM; GLYCOMOTIF_GDV; GLYCOMOTIF_CCRC; PUBDICT_GLYCAN_MOTIF; PUBDICT_GLYCOSMOS; PUBDICT_MOTIF_GTC	The P1PK blood group includes the P1 and Pk antigens.
polysaccharide A						1A				EOG_VARKI_4E	
Precusor Lewis a	Precusor Lea					1A	G23041XK			SUGARBIND; PUBDICT_GLYCAN_MOTIF	
SD1a						1A	G63813EJ			PUBDICTIONARIES-GLYCAN-IMAGE; GLYCOEPITOPE; PUBDICT_GLYCAN_MOTIF; PUBDICT_GLYCOSMOS	
SDA						1A	G00062MO			PUBDICT_GLYCAN_MOTIF; PUBDICT_MOTIF_GTC	A related structure to the Sda antigen GalNAcβ1-4(Neu5Acα2-3)Galβ1-3(Neu5Acα2-6)GalNAc is found in O-glycans and glycolipids.
Sda antigen		Sda; Sd(A)				1A	G41052GC	GSD000145	GlycoMotif:GGM.000051	EOG_VARKI_4E; GSD_GLYGEN_V0	A related structure to the Sda antigen GalNAcβ1-4(Neu5Acα2-3)Galβ1-3(Neu5Acα2-6)GalNAc is found in O-glycans and glycolipids.
Sda/CT antigen	Sd^a/CT antigen					1A	G41052GC; G00062MO		GlycoMotif:GGM.000051; GlycoMotif:GDV.000086; GlycoMotif:CCRC.000051	CUMMINGS; GLYCOMOTIF_GGM; GLYCOMOTIF_GDV; GLYCOMOTIF_CCRC; PUBDICT_GLYCAN_MOTIF	
SDLex	SDLe^x					1A	G19619KS; G69360KJ		GlycoMotif:GGM.000032; GlycoMotif:GDV.000103; GlycoMotif:CCRC.000032	CUMMINGS; GLYCOMOTIF_GGM; GLYCOMOTIF_GDV; GLYCOMOTIF_CCRC; PUBDICT_GLYCAN_MOTIF	
Sia2TF						1A				BIOOLIGO	
Sialosyl galactosyl globoside	Sialosyl gal-globoside	SGG			monosialyl Gb5	1A	G32254QI			SUGARBIND; PUBDICT_GLYCAN_MOTIF	
Sialyl Leaglycolipid						1A	G91326YS		GlycoMotif:CCRC.000127	CUMMINGS; GLYCOMOTIF_CCRC; PUBDICT_GLYCAN_MOTIF	
sialyl Lewis a	sialyl-Lea; Sialyl Lewis a (SLea)  (CA19-9 antigen)	sLea; sLeA; SLea; SLe^a; Slea			CA19-9 antigen; NeuAca3-Lea	1A	G00053MO; G50321QR; G91326YS; G81971FM; G16258KS	GSD000150	GlycoMotif:GGM.000024; GlycoMotif:CCRC.000024; GlycoMotif:GDV.000090	EOG_VARKI_4E; GSD_GLYGEN_V0; PUBDICTIONARIES-GLYCAN-IMAGE; SUGARBIND; GLYCOEPITOPE; CUMMINGS; GLYCOMOTIF_GGM; GLYCOMOTIF_CCRC; PUBDICT_GLYCAN_MOTIF; PUBDICT_GLYCOSMOS; PUBDICT_MOTIF_GTC; GLYCOMOTIF_GDV	SLex and SLea epitopes (Chapter 14) were first identified as tumor antigens on glycosphingolipids.
Sialyl Lewis a glycolipid						1A	G50321QR		GlycoMotif:GDV.000089	GLYCOMOTIF_GDV; PUBDICT_GLYCAN_MOTIF	
Sialyl Lewis a tetroase						1A				BIOOLIGO	
Sialyl Lewis a/x Like						1A	G25705KO			PUBDICT_GLYCAN_MOTIF	
sialyl Lewis c		SLec; SaiLec				1A	G46776WR			PUBDICTIONARIES-GLYCAN-IMAGE; SUGARBIND; GLYCOEPITOPE; PUBDICT_GLYCAN_MOTIF; PUBDICT_GLYCOSMOS	
sialyl Lewis x	sialyl-Lex	sLex; sLeX; SLe(x); SLe^x; SLex; Slex; SaiLex			NeuAca3-Lex	1A	G00054MO; G96401FK	GSD000151	GlycoMotif:GGM.000022; GlycoMotif:GDV.000105; GlycoMotif:CCRC.000022	EOG_VARKI_4E; GSD_GLYGEN_V0; PUBDICTIONARIES-GLYCAN-IMAGE; SUGARBIND; GLYCOEPITOPE; CUMMINGS; GLYCOMOTIF_GGM; GLYCOMOTIF_GDV; GLYCOMOTIF_CCRC; PUBDICT_GLYCAN_MOTIF; PUBDICT_GLYCOSMOS; PUBDICT_MOTIF_GTC	Sulfated forms of the sialyl Lewis x determinant are also thought to contribute to Siglec recognition, as mentioned in Chapter 35.
Sialyl Lewis X (sLeX) pentaose						1A				BIOOLIGO	
Sialyl Lewis x Lewis x		SDLex			NeuAca3-dimer-Lex	1A	G45215IJ			SUGARBIND	
Sialyl Lewis x-i						1A	G06597DS			GLYCOEPITOPE; PUBDICT_GLYCAN_MOTIF; PUBDICT_GLYCOSMOS	
sialyl Lewis x-i antigen						1A	G06597DS	GSD000152		GSD_GLYGEN_V0; PUBDICTIONARIES-GLYCAN-IMAGE	
sialyl T antigen						1A	G65562ZE; G56299XO	GSD000153	GlycoMotif:GGM.000013; GlycoMotif:GDV.000097; GlycoMotif:CCRC.000013	GSD_GLYGEN_V0; CUMMINGS; GLYCOMOTIF_GGM; GLYCOMOTIF_GDV; GLYCOMOTIF_CCRC; PUBDICT_GLYCAN_MOTIF	
sialyl-Tn antigen	sialyl-Tn	sTn; sTn antigen				1A	G36123IU; G08371CD; G38301SX	GSD000157	GlycoMotif:GGM.000012; GlycoMotif:GDV.000117; GlycoMotif:CCRC.000012	EOG_VARKI_4E; GSD_GLYGEN_V0; PUBDICTIONARIES-GLYCAN-IMAGE; GLYCOEPITOPE; CUMMINGS; GLYCOMOTIF_GGM; GLYCOMOTIF_GDV; GLYCOMOTIF_CCRC; PUBDICT_GLYCAN_MOTIF; PUBDICT_GLYCOSMOS	In other instances, STn accumulation results from overexpression of the sialyltransferase ST6GALNAC1 (Figure 47.2).
Sialyllactotetraosylceramide						1A	G72692DY; G79536OW			SUGARBIND; PUBDICT_GLYCONAVI_NAME; PUBDICT_GLYCONAVI_ABBREV	
sLeA						1A	G00053MO			PUBDICT_MOTIF_GTC	SLex and SLea epitopes (Chapter 14) were first identified as tumor antigens on glycosphingolipids.
sLeX						1A	G00054MO			PUBDICT_MOTIF_GTC	Leukocyte deficiency of SLex expression results in decreased extravasation with concomitant increased risk of infections.
SLex Core 2 O-glycan	SLe^x Core 2 O-glycan					1A	G97345NY		GlycoMotif:GGM.000053	GLYCOMOTIF_GGM; PUBDICT_GLYCAN_MOTIF	
SLex on Core 2						1A				BIOOLIGO	
SLex on Core 2 O-glycan	SLex Core 2 O-glycan glycan					1A	G97345NY; G71121NN		GlycoMotif:GDV.000106; GlycoMotif:CCRC.000053	CUMMINGS; GLYCOMOTIF_GDV; GLYCOMOTIF_CCRC; PUBDICT_GLYCAN_MOTIF	
Slex-Lex						1A				BIOOLIGO	
SLex-Lex-Lex						1A				BIOOLIGO	
SM3						1A	G20044TD			PUBDICTIONARIES-GLYCAN-IMAGE; GLYCOEPITOPE; PUBDICT_GLYCAN_MOTIF; PUBDICT_GLYCOSMOS	
SM4s						1A	G72548RZ			PUBDICTIONARIES-GLYCAN-IMAGE; GLYCOEPITOPE; PUBDICT_GLYCAN_MOTIF; PUBDICT_GLYCOSMOS	
SSEA			SSEA-1; SSEA-3; SSEA-4			1A	G85497PI; G99053DY			PUBDICT_GLYCAN_MOTIF	
SSEA-1	stage-specific embryonic antigen-1					1A	G85497PI; G01187XC	GSD000159	GlycoMotif:GDV.000038	GSD_GLYGEN_V0; PUBDICTIONARIES-GLYCAN-IMAGE; GLYCOEPITOPE; GLYCOMOTIF_GDV; PUBDICT_GLYCAN_MOTIF; PUBDICT_GLYCOSMOS	For example, stage-specific embryonic antigen-1 (SSEA-1), otherwise known as Lewis x (Lex) or CD15, is a principal marker of mouse ESCs but is not present on human ESCs.
SSEA-3	stage-specific embryonic antigen-3					1A	G25129BT; G99053DY; G19298OA	GSD000160	GlycoMotif:GGM.000079; GlycoMotif:CCRC.000079	GSD_GLYGEN_V0; PUBDICTIONARIES-GLYCAN-IMAGE; GLYCOEPITOPE; CUMMINGS; GLYCOMOTIF_GGM; GLYCOMOTIF_CCRC; PUBDICT_GLYCAN_MOTIF; PUBDICT_GLYCOSMOS	Instead, human ESCs and induced pluripotent stem cells express globosides SSEA-3 and SSEA-4, and MAbs also react with TRA-1-60 and TRA-1-81, which detect keratan sulfate–related antigens and, also, the tetrasaccharide motif Galβ1-3GlcNAcβ1-3Galβ1-4GlcNAc.
SSEA-4	stage-specific embryonic antigen-4; Stage specific embryonic antigen-4					1A	G84263XI; G32254QI	GSD000161		EOG_VARKI_4E; GSD_GLYGEN_V0; PUBDICTIONARIES-GLYCAN-IMAGE; SUGARBIND; GLYCOEPITOPE; PUBDICT_GLYCAN_MOTIF; PUBDICT_GLYCOSMOS; PUBDICT_GLYCONAVI_NAME; PUBDICT_GLYCONAVI_ABBREV	Instead, human ESCs and induced pluripotent stem cells express globosides SSEA-3 and SSEA-4, and MAbs also react with TRA-1-60 and TRA-1-81, which detect keratan sulfate–related antigens and, also, the tetrasaccharide motif Galβ1-3GlcNAcβ1-3Galβ1-4GlcNAc.
STn						1A				PUBDICT_GLYCONAVI_NAME	In other instances, STn accumulation results from overexpression of the sialyltransferase ST6GALNAC1 (Figure 47.2).
Sulf-lactosylceramide						1A	G20044TD			SUGARBIND	
sulfatide						1A	G72548RZ; G07169WN; G60011XD; G40843KY; G95090DW	GSD000162	GlycoMotif:GGM.000063; GlycoMotif:GDV.000051; GlycoMotif:CCRC.000063	EOG_VARKI_4E; GSD_GLYGEN_V0; SUGARBIND; CUMMINGS; GLYCOMOTIF_GGM; GLYCOMOTIF_GDV; GLYCOMOTIF_CCRC; PUBDICT_GLYCAN_MOTIF; PUBDICT_GLYCONAVI_NAME	This deficit affects GAG degradation and any other sulfated glycan such as sulfatides.
Sulfo Lewis X						1A				BIOOLIGO	
Sulfo-isogloboside					Mono-sulfated isoglobotetraosylceramide	1A	G56133NW; G30925QW; G10057XH; G57036MA		GlycoMotif:GGM.000074; GlycoMotif:GDV.000076; GlycoMotif:CCRC.000074	CUMMINGS; GLYCOMOTIF_GGM; GLYCOMOTIF_GDV; GLYCOMOTIF_CCRC; PUBDICT_GLYCAN_MOTIF	
T antigen	Thomsen-Fridenreich antigen; TF antigen; T (also TF)  antigen; T or TF antigen					1A	G00031MO; G78436BB	GSD000163	GlycoMotif:GGM.000009; GlycoMotif:GDV.000027; GlycoMotif:CCRC.000009	EOG_VARKI_4E; GSD_GLYGEN_V0; PUBDICTIONARIES-GLYCAN-IMAGE; GLYCOEPITOPE; CUMMINGS; GLYCOMOTIF_GGM; GLYCOMOTIF_GDV; GLYCOMOTIF_CCRC; PUBDICT_GLYCAN_MOTIF; PUBDICT_GLYCOSMOS	Amaranthin specifically recognizes Thomsen–Fredenreich (TF or T antigen) (Galβ1-3GalNAcα1-) and sialyl-T (Siaα2-3Galβ1-3GalNAcα1-) antigens.
Tetraosylceramide						1A	G95034OI			SUGARBIND	
TF						1A				PUBDICT_GLYCONAVI_NAME	
Tn antigen	Thomsen-Nouveau antigen					1A	G57321FI; G61406KC	GSD000167	GlycoMotif:GGM.000008; GlycoMotif:GDV.000062	EOG_VARKI_4E; GSD_GLYGEN_V0; PUBDICTIONARIES-GLYCAN-IMAGE; GLYCOEPITOPE; CUMMINGS; GLYCOMOTIF_GGM; GLYCOMOTIF_GDV; PUBDICT_GLYCAN_MOTIF; PUBDICT_GLYCOSMOS	In this condition a subset of bone marrow–derived blood cells express the Tn antigen (O-linked N-acetylgalactosamine, GalNAcα-O-Ser/Thr) and sialyl-Tn (NeuAcα2-6GalNAcα-O-Ser/Thr), thus becoming susceptible to hemagglutination by naturally occurring anti-Tn antibodies that exist in most normal humans.
tri-Lewis x						1A				BIOOLIGO	
Tri-Lex						1A				PUBDICT_GLYCONAVI_NAME; PUBDICT_GLYCONAVI_ABBREV	
trifucosyl Lewis b	trifucosyl-Leb antigen; Trifucosyl-Lewis b Antigen					1A	G74578MX	GSD000173		GSD_GLYGEN_V0; PUBDICTIONARIES-GLYCAN-IMAGE; GLYCOEPITOPE; PUBDICT_GLYCAN_MOTIF; PUBDICT_GLYCOSMOS	
trifucosyl lewis y	trifucosyl Ley; Trifucosyl-Lewis y Antigen					1A	G74917JX	GSD000174		GSD_GLYGEN_V0; PUBDICTIONARIES-GLYCAN-IMAGE; GLYCOEPITOPE; PUBDICT_GLYCAN_MOTIF; PUBDICT_GLYCOSMOS	
Trisialogangliotetraosylceramide		GT1b		NeuAc-GT1b		1A	G40183QN			SUGARBIND; PUBDICT_GLYCAN_MOTIF	
truncated core 1 O-glycan	truncated core 1 structure					1A				EOG_VARKI_4E	
Umbelliferose						1A				PUBDICT_GLYCONAVI_NAME	
VIM						1A	G00065MO			PUBDICT_GLYCAN_MOTIF; PUBDICT_MOTIF_GTC	
VIM-2						1A	G22418PV; G01296LJ; G00065MO	GSD000180	GlycoMotif:GGM.000033; GlycoMotif:GDV.000111; GlycoMotif:CCRC.000033	GSD_GLYGEN_V0; PUBDICTIONARIES-GLYCAN-IMAGE; SUGARBIND; GLYCOEPITOPE; CUMMINGS; GLYCOMOTIF_GGM; GLYCOMOTIF_GDV; GLYCOMOTIF_CCRC; PUBDICT_GLYCAN_MOTIF; PUBDICT_GLYCOSMOS	
Xeno antigen type 1						1A				BIOOLIGO	
Xeno antigen type 2						1A				BIOOLIGO	
Xeno lewis a						1A				BIOOLIGO	
Xeno lewis X						1A				BIOOLIGO	
2'-F-Di-LN						1B				BIOOLIGO	
2,6-sialyl-Sulfo-LN	6-sialyl-6-sulfo LN					1B	G43191LZ; G41145LF		GlycoMotif:GGM.000026; GlycoMotif:GDV.000115; GlycoMotif:CCRC.000026	CUMMINGS; GLYCOMOTIF_GGM; GLYCOMOTIF_GDV; GLYCOMOTIF_CCRC; PUBDICT_GLYCAN_MOTIF	
2-6-branch of complex N-glycans						1B	G56868BH			EOG_VARKI_4E; TERMS_GLYGEN_CURATORS	
3-sialyl LN (type 2)	3-Sialyl-LN (type 2)		type 2; 3-Sialyl-LN			1B	G10203DW	GSD000005	GlycoMotif:GGM.000034; GlycoMotif:GDV.000112	GSD_GLYGEN_V0; BIOOLIGO; CUMMINGS; GLYCOMOTIF_GGM; GLYCOMOTIF_GDV	
3-Sialyl-LN						1B	G10203DW		GlycoMotif:CCRC.000034	GLYCOMOTIF_CCRC; PUBDICT_GLYCAN_MOTIF	
3-SLDN						1B				BIOOLIGO; PUBDICT_GLYCONAVI_NAME; PUBDICT_GLYCONAVI_ABBREV	
4'-sulfated LDN						1B	G18464VS; G31301MT		GlycoMotif:GGM.000049; GlycoMotif:GDV.000078; GlycoMotif:CCRC.000049	CUMMINGS; GLYCOMOTIF_GGM; GLYCOMOTIF_GDV; GLYCOMOTIF_CCRC; PUBDICT_GLYCAN_MOTIF	
6'-Sia-6-su-LacNAc						1B				BIOOLIGO	
6'-SiaDi-LN						1B				BIOOLIGO	
6,6'-sulfo LacNAc						1B	G24270KX			PUBDICTIONARIES-GLYCAN-IMAGE; GLYCOEPITOPE; PUBDICT_GLYCAN_MOTIF; PUBDICT_GLYCOSMOS	
6,6,6'-Sulfo LacNAc						1B	G41392LY			GLYCOEPITOPE; PUBDICT_GLYCAN_MOTIF	
6-Sialyl LN (type 1)					6-sialyl GalNAc	1B	G73708UL			PUBDICT_GLYCAN_MOTIF	
6-Sialyl LN (type 2)					6-sialyl GalNAc	1B	G73708UL			PUBDICT_GLYCAN_MOTIF	
6-sulfo LacNAc						1B	G13157WZ	GSD000010		GSD_GLYGEN_V0; PUBDICTIONARIES-GLYCAN-IMAGE; GLYCOEPITOPE; PUBDICT_GLYCAN_MOTIF; PUBDICT_GLYCOSMOS	
Bi-LDN						1B				BIOOLIGO	
biantennary N-glycan	diantennary; N-Glycan biantennary					1B	G98414DB	GSD000022	GlycoMotif:GGM.001037	EOG_VARKI_4E; GSD_GLYGEN_V0; GLYCOMOTIF_GGM	
bisecting GlcNAc	bisecting N-acetylglucosamine; bisecting β1-4GlcNAc					1B		GSD000024		EOG_VARKI_4E; GSD_GLYGEN_V0	A bisecting GlcNAc on a biantennary N-glycan is shown in Figure 9.5, and it may be present in all of the more highly branched N-glycans.
bisecting α1-4GlcNAc	bisecting α1-4GlcNAc			bisecting GlcNAc		1B				EOG_VARKI_4E	
C-Series Gangliosides Oligosaccharide / Gangliotetraosyl Core Structure						1B	G78818SP			GLYCOEPITOPE; PUBDICT_GLYCAN_MOTIF	
C-Series gangliosides oligosaccharide / hemato- or ganglio-type						1B	G45770AV			PUBDICTIONARIES-GLYCAN-IMAGE; GLYCOEPITOPE; PUBDICT_GLYCAN_MOTIF	
ceramide dihexosyl sulfate						1B	G04416BG; G50926NK; G98482BC	GSD000041	GlycoMotif:GGM.000065; GlycoMotif:GDV.000049; GlycoMotif:CCRC.000065	GSD_GLYGEN_V0; CUMMINGS; GLYCOMOTIF_GGM; GLYCOMOTIF_GDV; GLYCOMOTIF_CCRC; PUBDICT_GLYCAN_MOTIF	
complex-type N-glycan	complex N-glycan; complex N-linked glycan; N-Glycan complex					1B	G35698AZ; G00030MO	GSD000045	GlycoMotif:GGM.001004	EOG_VARKI_4E; GSD_GLYGEN_V0; GLYCOMOTIF_GGM; PUBDICT_GLYCAN_MOTIF; PUBDICT_MOTIF_GTC	Complex N-glycans can have up to five branches initiated (more...) N-Glycans are added to secreted and membrane-bound glycoproteins at Asn-X-Ser/Thr sequons.
core fucose		Core Fuc	6-linked Fuc; a6-linked Fuc; a1-6 Fuc		Fuca6 to chitobiose core; Fuc a1-6 to chitobiose core; Fuca6 to internal GlcNAc; Fuc a1-6 to internal GlcNAc	1B	G78059CC	GSD000049		EOG_VARKI_4E; GSD_GLYGEN_V0	Drosophila does not extend its core fucose residues with additional capping monosaccharides nor modify its N-linked glycans by O-methylation, both of which occur extensively in Caenorhabditis elegans (Chapter 25).
Di-LN						1B				PUBDICT_GLYCONAVI_NAME; PUBDICT_GLYCONAVI_ABBREV	
Disialyl-branched Type 2						1B	G54937EM		GlycoMotif:GDV.000107	CUMMINGS; GLYCOMOTIF_GDV; PUBDICT_GLYCAN_MOTIF	
Disialylated pentaose type 1						1B				BIOOLIGO	
Disialylated tetraose type 1						1B				BIOOLIGO	
Disialylated tetraose type 2						1B				BIOOLIGO	
fucosylated lacdiNAc	Fucosylated lacdiNAc	LDNF; LDN-F				1B	G02240AO	GSD000075	GlycoMotif:GGM.000017	GSD_GLYGEN_V0	
Fucosylated LDN		LDNF	LacdiNAc			1B	G02240AO		GlycoMotif:GGM.000017; GlycoMotif:GDV.000067; GlycoMotif:CCRC.000017	CUMMINGS; GLYCOMOTIF_GGM; GLYCOMOTIF_GDV; GLYCOMOTIF_CCRC; PUBDICT_GLYCAN_MOTIF	
Gal a(1-3') LacNAc						1B				BIOOLIGO	
Gal-CTH						1B	G91649BT			PUBDICTIONARIES-GLYCAN-IMAGE; GLYCOEPITOPE; PUBDICT_GLYCAN_MOTIF; PUBDICT_GLYCOSMOS	
GNLN						1B				PUBDICT_GLYCONAVI_NAME; PUBDICT_GLYCONAVI_ABBREV	
high-mannose N-glycan	oligomannose N-glycan; high mannose; high-mannose-type N-glycan; oligomannose-type N-glycan; oligomannosyl N-glycan; N-Glycan high mannose					1B	G55220VL; G00028MO	GSD000108	GlycoMotif:GGM.001002	EOG_VARKI_4E; GSD_GLYGEN_V0; PUBDICT_MOTIF_GTC; GLYCOMOTIF_GGM; PUBDICT_GLYCAN_MOTIF	Small oligomannose N-glycans have been found in relatively large amounts in invertebrates and plants.
hybrid N-glycan	hybrid-type N-glycan; hybrid-type; N-Glycan hybrid					1B	G16828VN; G19610CW; G00029MO	GSD000110	GlycoMotif:GGM.001003	EOG_VARKI_4E; GSD_GLYGEN_V0; GLYCOMOTIF_GGM; PUBDICT_GLYCAN_MOTIF; PUBDICT_MOTIF_GTC	
LacdiNAc		LDN				1B	G31736BK; G00057MO	GSD000115	GlycoMotif:GGM.000016; GlycoMotif:GDV.000074; GlycoMotif:CCRC.000016	EOG_VARKI_4E; GSD_GLYGEN_V0; CUMMINGS; GLYCOMOTIF_GGM; GLYCOMOTIF_GDV; GLYCOMOTIF_CCRC; PUBDICT_GLYCAN_MOTIF; PUBDICT_MOTIF_GTC; PUBDICTIONARIES-GLYCAN-IMAGE; GLYCOEPITOPE; PUBDICT_GLYCOSMOS; PUBDICT_GLYCONAVI_NAME; PUBDICT_GLYCONAVI_ABBREV	Less commonly, the LacdiNAc motif can also be repeated (termed polyLacdiNAc).
LacNAc-Gal						1B	G06580KR			PUBDICTIONARIES-GLYCAN-IMAGE; GLYCOEPITOPE; PUBDICT_GLYCAN_MOTIF; PUBDICT_GLYCOSMOS	
LDN-F						1B	G02240AO			PUBDICTIONARIES-GLYCAN-IMAGE; GLYCOEPITOPE; PUBDICT_GLYCOSMOS	
lipid A core oligosaccharide						1B				EOG_VARKI_4E	Genetically interrupting biosynthesis of the lipid A core oligosaccharide prevents coupling of the O-antigen, thereby allowing engineering of novel glycans on lipid A for display on the cell surface.
LN2	LN2, I antigen		i antigen			1B	G45207BM; G11259JT		GlycoMotif:CCRC.000002; GlycoMotif:CCRC.000006	GLYCOMOTIF_CCRC; PUBDICT_GLYCAN_MOTIF	
LN3						1B	G85779MY		GlycoMotif:CCRC.000007	GLYCOMOTIF_CCRC; PUBDICT_GLYCAN_MOTIF	
LPS core						1B	G00022MO			PUBDICT_GLYCAN_MOTIF	
LS tetrasaccharide b						1B				BIOOLIGO	
LS-hexasaccharide d						1B				BIOOLIGO	
LS-tetrasaccharide a						1B				BIOOLIGO	
LS-tetrasaccharide d						1B				BIOOLIGO	
LSTc pentasaccharide						1B	G72506RN			SUGARBIND	
Mono-fucosyl LN						1B	G64227KZ; G65223RT		GlycoMotif:GDV.000041	GLYCOMOTIF_GDV; PUBDICT_GLYCAN_MOTIF	
Mono-fucosyl LN3	Mono-fucosyl LN_3					1B	G65223RT; G80291PD		GlycoMotif:GGM.000122; GlycoMotif:CCRC.000122	CUMMINGS; GLYCOMOTIF_GGM; GLYCOMOTIF_CCRC; PUBDICT_GLYCAN_MOTIF	
Mono-fucosyl LN5	Mono-fucosyl LN_5					1B	G64227KZ; G93536PN		GlycoMotif:GGM.000121; GlycoMotif:CCRC.000121	CUMMINGS; GLYCOMOTIF_GGM; GLYCOMOTIF_CCRC; PUBDICT_GLYCAN_MOTIF	
Monosialylganglioside LSTb						1B	G83513YI; G72506RN		GlycoMotif:GDV.000116; GlycoMotif:CCRC.000128	CUMMINGS; GLYCOMOTIF_GDV; GLYCOMOTIF_CCRC; PUBDICT_GLYCAN_MOTIF	
N-acetyllactosamine	Lactosamine	LN; LacNAc				1B	G66213AR; G00055MO; G04616ST		GlycoMotif:CCRC.000001; GlycoMotif:CCRC.000005	EOG_VARKI_4E; PUBDICTIONARIES-GLYCAN-IMAGE; PUBDICT_GLYCOSMOS; PUBDICT_GLYCONAVI_NAME; PUBDICT_GLYCONAVI_ABBREV; PUBDICT_MOTIF_GTC; GLYCOMOTIF_CCRC	The LacNAc units can sometimes be repeated, giving extended poly-N-acetyllactosamines (sometimes incorrectly called “polylactosamines”) (Chapter 14).
N-acetyllactosamine (type 2)	Type 2 LN; N-acetyllactosamine; N-acetyllactosamine type 2; Lactosamine Type 2		LacNAc; N-acetyllactosamine	N-acetyllactosamine		1B	G00055MO	GSD000129	GlycoMotif:GGM.000001	GSD_GLYGEN_V0; CUMMINGS; GLYCOMOTIF_GGM; PUBDICT_GLYCAN_MOTIF	These reactions may recur to form poly-N-acetyllactosamine [-3Galβ1-4GlcNAcβ1-]n (poly-LacNAc).
N-glycan core				N-Glycan core basic		1B	G00026MO		GlycoMotif:GGM.001001	EOG_VARKI_4E; GLYCOMOTIF_GGM; PUBDICT_MOTIF_GTC	
N-Glycan core basic						1B	G00026MO			PUBDICT_GLYCAN_MOTIF	
N-Glycan core, arm-fucosylated						1B	G05006NI		GlycoMotif:GGM.001025	GLYCOMOTIF_GGM	
N-glycan core, bisected						1B	G68395LV		GlycoMotif:GGM.001023	GLYCOMOTIF_GGM	
N-Glycan core, core-fucosylated						1B	G68504BA		GlycoMotif:GGM.001024	GLYCOMOTIF_GGM	
N-glycan core, truncated						1B	G63560NE; G59883YF		GlycoMotif:GGM.001022	GLYCOMOTIF_GGM	
N-Glycan truncated motif. First GlcpNAC cut off						1B	G00027MO			PUBDICT_GLYCAN_MOTIF	
Neo Lactosamine						1B	G00056MO			PUBDICT_GLYCAN_MOTIF; PUBDICT_MOTIF_GTC	
O-Fucose						1B	G82576YO			PUBDICT_GLYCAN_MOTIF	O-Fucose can be elongated to a tetrasaccharide (Siaα2–3/6Galβ1-4GlcNAcβ1-3Fucα-O-Ser/Thr) in certain contexts (e.g., EGF1 from human clotting factor IX and EGF12 from mouse NOTCH1) (Table 13.1), but not in others (e.g., EGF1 from human clotting factor VII and EGF5 from mouse NOTCH1).
O-Fucose / Thrombospondin Type 1 Repeat	O-fucose glycan / thrombospondin type 1 repeat					1B	G36855WW			PUBDICT_GLYCAN_MOTIF; PUBDICTIONARIES-GLYCAN-IMAGE; GLYCOEPITOPE	
O-Fucose Core	O-Glycan O-Fucose Core					1B	G49112ZN		GlycoMotif:GGM.001035	GLYCOMOTIF_GGM	
oligomannose	oligomannosyl structure					1B				EOG_VARKI_4E	
Outer arm fucose						1B				EOG_VARKI_4E	
paucimannose N-glycan	paucimannosidic N-glycan					1B		GSD000144		EOG_VARKI_4E; GSD_GLYGEN_V0	These Man3–4GlcNAc2 N-glycans (paucimannose N-glycans) are formed from GlcNAcMan3–4GlcNAc2 following removal of the peripheral GlcNAc by a Golgi hexosaminidase that acts after α-mannosidase II (Chapters 24 and 26).
poly-KDN						1B	G42911NE			PUBDICTIONARIES-GLYCAN-IMAGE; GLYCOEPITOPE; PUBDICT_GLYCAN_MOTIF; PUBDICT_GLYCOSMOS	
poly-lacto-N-biose						1B				EOG_VARKI_4E	
poly-N-acetylglucosamine	poly-GlcNAc	PNAG				1B				EOG_VARKI_4E	
poly-N-acetyllactosamine	poly-LacNAc; poly-LN; Polylactosamine					1B	G00058MO			EOG_VARKI_4E; PUBDICT_GLYCAN_MOTIF; PUBDICT_MOTIF_GTC	The LacNAc units can sometimes be repeated, giving extended poly-N-acetyllactosamines (sometimes incorrectly called “polylactosamines”) (Chapter 14).
poly-N-acetylneuraminic acid						1B	G80631ZD			PUBDICTIONARIES-GLYCAN-IMAGE; GLYCOEPITOPE; PUBDICT_GLYCAN_MOTIF; PUBDICT_GLYCOSMOS	
poly-N-glycolylneuraminic acid						1B	G95717TY			PUBDICTIONARIES-GLYCAN-IMAGE; GLYCOEPITOPE; PUBDICT_GLYCAN_MOTIF; PUBDICT_GLYCOSMOS	
polyfucose branch						1B				EOG_VARKI_4E	
polyglycosylceramide						1B				EOG_VARKI_4E	
polymannose						1B				EOG_VARKI_4E	
polymannosyl N-glycan						1B				EOG_VARKI_4E	
polysialic acid		polySia; PSA				1B	G77612ZC	GSD000182	GlycoMotif:GGM.000252	EOG_VARKI_4E; GSD_GLYGEN_V0; CUMMINGS; GLYCOMOTIF_GGM	ST8SIA2 (also called STX) and ST8SIA4 (also called PST) catalyze the synthesis of linear polymers of up to 400 α2-8 sialic acid residues to give polysialic acid (PolySia or PSA) on NCAM.
sialoglycan	Sia-containing glycan; sialic acid-containing glycan					1B				EOG_VARKI_4E	Overall, it appears that we do not yet know the full extent of sialoglycan diversity in nature.
sialoglycan polymer						1B				EOG_VARKI_4E	
sialoglycolipid						1B				EOG_VARKI_4E	
sialopentaosylceramide						1B	G13224CR; G96400MT	GSD000148	GlycoMotif:GGM.000097; GlycoMotif:GDV.000070; GlycoMotif:CCRC.000097	GSD_GLYGEN_V0; CUMMINGS; GLYCOMOTIF_GGM; GLYCOMOTIF_GDV; GLYCOMOTIF_CCRC; PUBDICT_GLYCAN_MOTIF	
sialyl 6-sulfo LacNAc						1B	G99745QX			PUBDICTIONARIES-GLYCAN-IMAGE; GLYCOEPITOPE; PUBDICT_GLYCAN_MOTIF; PUBDICT_GLYCOSMOS	
Sialylated LDN					sialylated LacdiNAc	1B	G55583HW		GlycoMotif:GGM.000050; GlycoMotif:GDV.000118; GlycoMotif:CCRC.000050	BIOOLIGO; CUMMINGS; GLYCOMOTIF_GGM; GLYCOMOTIF_GDV; GLYCOMOTIF_CCRC; PUBDICT_GLYCAN_MOTIF	
sialylated N-acetyllactosamine						1B				EOG_VARKI_4E	
Sialylated tetraose type						1B				BIOOLIGO	
Sialylated tetraose type 1						1B				BIOOLIGO	
Sialylated tetraose type 2						1B				BIOOLIGO	
Sialylated triose type 1						1B				BIOOLIGO	
tetraantennary N-glycan	N-Glycan tetraantennary					1B	G33451SJ	GSD000164	GlycoMotif:GGM.001039	EOG_VARKI_4E; GSD_GLYGEN_V0; GLYCOMOTIF_GGM	
Tri-LN						1B				PUBDICT_GLYCONAVI_NAME; PUBDICT_GLYCONAVI_ABBREV	
tri-mannose / O-linked	tri-Man-Ser/Thr					1B				EOG_VARKI_4E	
triantennary N-glycan	tri-antennary N-glycan; N-Glycan triantennary					1B	G59096WE	GSD000170	GlycoMotif:GGM.001038	EOG_VARKI_4E; GSD_GLYGEN_V0; GLYCOMOTIF_GGM	
trimannosyl core						1B		GSD000175		GSD_GLYGEN_V0	
Trisialylated pentaose type 1						1B				BIOOLIGO	
Trisialylated pentaose type 2						1B				BIOOLIGO	
Type 1 LN	type-1 unit; type-1 chain repeating unit		N-acetyllactosamine			1B	G00056MO; G43784HS		GlycoMotif:GGM.000005; GlycoMotif:GDV.000035	CUMMINGS; GLYCOMOTIF_GGM; GLYCOMOTIF_GDV; PUBDICT_GLYCAN_MOTIF; EOG_VARKI_4E	
Type 1 LN2			N-acetyllactosamine type 1			1B	G43784HS		GlycoMotif:GGM.000006	CUMMINGS; GLYCOMOTIF_GGM; PUBDICT_GLYCAN_MOTIF	
Type 1 LN3			N-acetyllactosamine type 1			1B	G17961XM		GlycoMotif:GGM.000007; GlycoMotif:GDV.000034	CUMMINGS; GLYCOMOTIF_GGM; GLYCOMOTIF_GDV; PUBDICT_GLYCAN_MOTIF	
Type 2 LN	type-2 unit; type-2 chain repeating unit					1B	G00055MO		GlycoMotif:GDV.000046	GLYCOMOTIF_GDV; EOG_VARKI_4E	
Type 2 LN2			"i"" antigen; i antigen; ''I'' antigen; N-acetyllactosamine type 2"			1B	G00058MO		GlycoMotif:GGM.000002; GlycoMotif:GDV.000045	CUMMINGS; GLYCOMOTIF_GGM; GLYCOMOTIF_GDV; PUBDICT_GLYCAN_MOTIF	
type-4 chain						1B				EOG_VARKI_4E	
1-6 beta Galactan						1C	G69386QK			GLYCOEPITOPE; PUBDICT_GLYCAN_MOTIF; PUBDICT_GLYCOSMOS	
amylopectin						1C				EOG_VARKI_4E	Starch consists entirely of glucose and exists as amylopectin and amylose.
amylose						1C	G05740LL			PUBDICTIONARIES-GLYCAN-IMAGE; PUBDICT_GLYCOSMOS; PUBDICT_GLYCONAVI_NAME	Starch consists entirely of glucose and exists as amylopectin and amylose.
apiogalacturonan						1C				EOG_VARKI_4E	For example, xylogalacturonans contain single β-D-Xylp residues linked to O-3 of some of the backbone residues (Figure 24.2), whereas apiogalacturonans have β-D-apiose (Apif) and apiobiose linked to O-2 of some of the backbone residues.
arabinan						1C	G22535ZZ			PUBDICTIONARIES-GLYCAN-IMAGE; GLYCOEPITOPE; PUBDICT_GLYCAN_MOTIF; PUBDICT_GLYCOSMOS	As is the case for AG, periplasmic extension of LMs is catalyzed by specific type C GTs that further elaborate into lipoarabinomannans (LAMs) using decaprenyl-P-Araf, creating a covalently linked arabinan resembling the structure in AG, in a LAM molecule containing more than 100 sugars (Figure 21.3).
arabinogalactan type I						1C	G98272RS			PUBDICTIONARIES-GLYCAN-IMAGE; GLYCOEPITOPE; PUBDICT_GLYCAN_MOTIF; PUBDICT_GLYCOSMOS	
arabinogalactan type II	Arabinogalactan Type ll					1C	G12828SG			PUBDICTIONARIES-GLYCAN-IMAGE; GLYCOEPITOPE; PUBDICT_GLYCAN_MOTIF; PUBDICT_GLYCOSMOS	
arabinoglucuronoxylan						1C				EOG_VARKI_4E	Gymnosperm secondary walls contain arabinoglucuronoxylans (AGXs), which in addition to MeGlcpA substituents, have Araf residues attached to O-3 of some of the backbone residues.
beta 1-4 galactan						1C	G77076MY			PUBDICTIONARIES-GLYCAN-IMAGE; GLYCOEPITOPE; PUBDICT_GLYCAN_MOTIF; PUBDICT_GLYCOSMOS	
beta 1-6 galactan						1C	G69386QK			PUBDICTIONARIES-GLYCAN-IMAGE	
Beta-glucan						1C	G00024MO			PUBDICT_GLYCAN_MOTIF; PUBDICT_MOTIF_GTC	
callose						1C				EOG_VARKI_4E	Callose, a polysaccharide composed of 1-3-linked β glucosyl residues, is another β-glucan produced by plants (Figure 24.1G).
cellulose						1C	G00025MO			EOG_VARKI_4E; PUBDICT_MOTIF_GTC	Many of these enzymes have a catalytic domain connected to a cellulose-binding module.
Cellulose like Glc(1-4)n						1C	G00025MO			PUBDICT_GLYCAN_MOTIF	
chitin						1C	G97099AY			EOG_VARKI_4E; PUBDICTIONARIES-GLYCAN-IMAGE; PUBDICT_GLYCOSMOS	Chitin, a polymer of (GlcNAcβ4)n, is one of the most abundant biopolymers on Earth, second only to cellulose (which is interestingly a (Glcβ4)n polymer synthesized in a similar manner by extrusion at the cell surface).
cyclic β1-2 glucan						1C				EOG_VARKI_4E	
dextran						1C				EOG_VARKI_4E	Glyco-QDs functionalized with carboxymethyldextran and polylysine were used to study carbohydrate–protein interactions.
fructan						1C				EOG_VARKI_4E	Plants also produce fructose-containing polysaccharides termed fructans.
fucoidan						1C				EOG_VARKI_4E	Fucoidans are a group of sulfated polysaccharides isolated from several brown algae that have been reported to have anticoagulant, antitumor, antithrombosis, antiinflammatory, and antiviral properties.
galactan						1C				EOG_VARKI_4E	The second polymer, GXMGal, is based on α1-6 galactan, with side chains of galactose, glucuronic acid, mannose, and xylose (Figure 23.7); the backbone is also modified with small amounts of β1-2-linked galactofuranose (not shown).
galactomannan						1C	G93424OB			EOG_VARKI_4E; PUBDICTIONARIES-GLYCAN-IMAGE; GLYCOEPITOPE; PUBDICT_GLYCAN_MOTIF; PUBDICT_GLYCOSMOS	
glucan	glucose polymers					1C				EOG_VARKI_4E	A. fumigatus also produces an extracellular matrix composed of monosaccharides, α1-3-glucan, galactomannan, and a galactosaminogalactan composed of variable galactopyranose repeats linked to N-acetylgalactosamine, which are partially de-acetylated.
glucomannan						1C	G88924MD			EOG_VARKI_4E; PUBDICTIONARIES-GLYCAN-IMAGE; GLYCOEPITOPE; PUBDICT_GLYCAN_MOTIF; PUBDICT_GLYCOSMOS	Mixtures of plant polysaccharides such as larch bark arabinogalactan and glucomannan are often termed “glyconutrients” that are claimed to contain “essential monosaccharides” needed for “cell communication.” Because all monosaccharides can be made in vivo from glucose (except in patients with rare genetic deficiencies; see Chapter 42), none of the other monosaccharides are actually known to be “es...
glucuronoarabinoxylan	Glucronoarabinoxylan					1C	G54315VV			EOG_VARKI_4E; PUBDICTIONARIES-GLYCAN-IMAGE; GLYCOEPITOPE; PUBDICT_GLYCAN_MOTIF; PUBDICT_GLYCOSMOS	The glucuronoarabinoxylans in the secondary walls of grasses typically contain fewer Araf residues than their primary wall counterpart (Figure 24.1D).
glucuronoxylan	Glucronoxylan					1C	G94091AV			EOG_VARKI_4E; PUBDICTIONARIES-GLYCAN-IMAGE; GLYCOEPITOPE; PUBDICT_GLYCAN_MOTIF; PUBDICT_GLYCOSMOS	Glucuronoxylans, which are major components in the secondary walls of woody and herbaceous eudicots, have an α-D-GlcpA or MeGlcpA substituent at O-2 (Figure 24.1C).
glycogen						1C				EOG_VARKI_4E	A second well-studied example is glycogen, a large branched homopolysaccharide used as a short-term storage form of glucose in bacteria, yeast, and animals.
hemicellulose	Hemicellulosic polysaccharides					1C				EOG_VARKI_4E	Xyloglucan, glucurono/arabinoxylan, and glucomannan (Figure 24.1B–E) are included under this chemical definition of hemicelluloses.
heteroxylan						1C				EOG_VARKI_4E	Heteroxylans are the major hemicellulosic polysaccharide present in the secondary (lignified) cell walls of seed-producing plants.
homogalacturonan						1C	G25318VQ			EOG_VARKI_4E; PUBDICTIONARIES-GLYCAN-IMAGE; GLYCOEPITOPE; PUBDICT_GLYCAN_MOTIF; PUBDICT_GLYCOSMOS	The degree of methylesterification affects the ability of homogalacturonan-containing glycans to form ionic calcium cross-links with themselves and with other pectic polymers.
Inulin						1C				PUBDICT_GLYCONAVI_NAME	The simplest fructan is inulin, a linear glycan of sucrose with 1-2-linked β-D-Fruf.
levan-type fructan						1C				EOG_VARKI_4E	
lipo-chitooligosaccharide	lipochitooligosaccharide	LCO				1C				EOG_VARKI_4E	
lipopeptidophosphoglycan		LPPG				1C				EOG_VARKI_4E	
lipopolysaccharide		LPS				1C				EOG_VARKI_4E	Each chain can contain one to hundreds of repeats, although there is a preferred (modal) cluster of chain lengths in LPS isolated from an individual strain.
lipoteichoic acid		LTA				1C				EOG_VARKI_4E	Cell wall lipoteichoic acids and teichoic acids are unique components of Gram-positive bacteria, which are often surrounded by a CPS or a less dense EPS layer.
mannan						1C				EOG_VARKI_4E	
mannosylated lipoarabinomannan		ManLAM				1C				EOG_VARKI_4E	The terminal Araf residues can be further capped by Man residues in ManLAM.
matriglycan						1C				EOG_VARKI_4E	In the Golgi, a polymer glycan (matriglycan) is generated, recognized by several diagnostic monoclonal antibodies and necessary for the binding of laminin and other molecules to α-DG.
methanochondroitin						1C				EOG_VARKI_4E	A pathway of methanochondroitin biosynthesis has been proposed based on activated precursors in Methanosarcina barkeri cell extracts.
mixed-linkage beta glucan	1-3/1-4 beta glucan					1C	G46558JB			PUBDICTIONARIES-GLYCAN-IMAGE; GLYCOEPITOPE; PUBDICT_GLYCAN_MOTIF; PUBDICT_GLYCOSMOS	
pectin						1C				EOG_VARKI_4E	Pectins are structurally complex polysaccharides that contain 1-4-linked α-D-GalpA.
phosphomannan						1C				EOG_VARKI_4E	
phosphopeptidomannan						1C				EOG_VARKI_4E	
pseudomurein	pseudopeptidoglycan					1C				EOG_VARKI_4E	Pseudomurein shares structural similarities with bacterial murein yet presents significant differences (Figure 22.2).
raffinose						1C				EOG_VARKI_4E; PUBDICT_GLYCONAVI_NAME	
rhamnogalacturonan						1C				EOG_VARKI_4E	Rhamnogalacturonan-I (RG-I) is a family of polysaccharides with a backbone composed of a repeating disaccharide 4-α-D-GalpA-1-2-α-L-Rhap-1.
Rhamnogalacturonan-I		RG-I		rhamnogalacturonan		1C				EOG_VARKI_4E	Rhamnogalacturonan-I (RG-I) is a family of polysaccharides with a backbone composed of a repeating disaccharide 4-α-D-GalpA-1-2-α-L-Rhap-1.
Rhamnogalacturonan-II		RG-II		rhamnogalacturonan		1C				EOG_VARKI_4E	Several of the monosaccharides in RG-II are O-methylated and/or O-acetylated.
rhamnomannan						1C				EOG_VARKI_4E	
starch						1C				EOG_VARKI_4E	Starch consists entirely of glucose and exists as amylopectin and amylose.
sulfated galactan						1C				EOG_VARKI_4E	These polysaccharides include agarose (agar) and carrageenan, which are sulfated galactans obtained from red seaweeds.
teichoic acid	teichoic acid polymer					1C				EOG_VARKI_4E	Furthermore, teichoic acid polymers, built from glycerol or ribitol residues joined by phosphodiester linkages, are located within the cell wall.
xylan						1C				EOG_VARKI_4E	Ferulic or coumaric acids are often esterified to the Araf residues of xylan in grass primary and secondary cells walls.
xylogalacturonan						1C	G00367NK			EOG_VARKI_4E; PUBDICTIONARIES-GLYCAN-IMAGE; GLYCOEPITOPE; PUBDICT_GLYCAN_MOTIF; PUBDICT_GLYCOSMOS	For example, xylogalacturonans contain single β-D-Xylp residues linked to O-3 of some of the backbone residues (Figure 24.2), whereas apiogalacturonans have β-D-apiose (Apif) and apiobiose linked to O-2 of some of the backbone residues.
xyloglucan						1C	G25326UC			EOG_VARKI_4E; PUBDICTIONARIES-GLYCAN-IMAGE; GLYCOEPITOPE; PUBDICT_GLYCAN_MOTIF; PUBDICT_GLYCOSMOS	Xyloglucan, glucurono/arabinoxylan, and glucomannan (Figure 24.1B–E) are included under this chemical definition of hemicelluloses.
α-mannan						1C				EOG_VARKI_4E	
β-(1,3)-glucan	β-1,3-glucan			β-glucan		1C				EOG_VARKI_4E	Xyloglucan oligosaccharides effectively protected grapevine and Arabidopsis against the fungal/oomycete pathogens, whereas β-1,3-glucans improved, among others, tobacco, and grapevine protection against bacterial, fungal, and oomycete pathogens.
β-(1,4)-glucan	β-1,4-glucans			β-glucan		1C				EOG_VARKI_4E	
β-glucan						1C				EOG_VARKI_4E	The presence of 1-3, 1-4-linked β-glucans (also referred to as mixed-linkage glucans) (Figure 24.1F) in the walls of grasses was once considered to be a unique feature of these plants.
1-4-linked α-L-guluronic acid	1-4-linked α-L-GulpA					2A				EOG_VARKI_4E	
1-4-linked β-D-mannuronic acid	1-4-linked β-D-ManpA					2A				EOG_VARKI_4E	
2-3 sialyl-lacto-N-tetraose						2A	G21066IE			PUBDICTIONARIES-GLYCAN-IMAGE; GLYCOEPITOPE; PUBDICT_GLYCAN_MOTIF; PUBDICT_GLYCOSMOS	
2-3 sialylparagloboside						2A	G01767JJ			PUBDICTIONARIES-GLYCAN-IMAGE; GLYCOEPITOPE; PUBDICT_GLYCAN_MOTIF; PUBDICT_GLYCOSMOS	
2-6 sialyl-LacNAc-Gal						2A	G03509EL			PUBDICTIONARIES-GLYCAN-IMAGE; GLYCOEPITOPE; PUBDICT_GLYCAN_MOTIF; PUBDICT_GLYCOSMOS	
2-6 sialylparagloboside						2A	G83513YI			PUBDICTIONARIES-GLYCAN-IMAGE; GLYCOEPITOPE; PUBDICT_GLYCAN_MOTIF; PUBDICT_GLYCOSMOS	
3'-KDNLN						2A				BIOOLIGO; PUBDICT_GLYCONAVI_NAME; PUBDICT_GLYCONAVI_ABBREV	
3'-sialyl-N-acetyllactosamine		3'SLN			3'SiaLacNAc(1-4); 3'SiaLacNAc(1-3)	2A	G10203DW; G00065MO; G59168YE			SUGARBIND; PUBDICT_GLYCAN_MOTIF	
3'-sialyl-N-acetyllactosamine(1-3)						2A	G59168YE			PUBDICT_GLYCAN_MOTIF	
3'SLN						2A				PUBDICT_GLYCONAVI_NAME; PUBDICT_GLYCONAVI_ABBREV	
3S-Gal-4(Fuc)-GlcNAc						2A				BIOOLIGO	
6'-sialyl-N-acetyllactosamine		6'SLN			6'SiaLacNAc(1-4)	2A	G09376MR			SUGARBIND; PUBDICT_GLYCAN_MOTIF	
6-Sialyl-GalNAc or 6-Sialyl LN (type 1 or 2)						2A	G73708UL			PUBDICT_GLYCAN_MOTIF	
6P-Man3						2A				BIOOLIGO	
a-3Galactosyl-3Fucosyllactose						2A				BIOOLIGO	
a-4Galactosyl-3Fucosyllactose						2A				BIOOLIGO	
A-tetra Lactose						2A				BIOOLIGO	
A-tetra type 2						2A				BIOOLIGO; PUBDICT_GLYCONAVI_NAME; PUBDICT_GLYCONAVI_ABBREV	
alpha()2-6)sialyl lactotetraosylceramide						2A				PUBDICT_GLYCONAVI_ABBREV	
B-tetra Lactose						2A				BIOOLIGO	
B-tetra type 2						2A				BIOOLIGO; PUBDICT_GLYCONAVI_NAME; PUBDICT_GLYCONAVI_ABBREV	
Bata Galactose						2A	G65889KE			PUBDICT_GLYCAN_MOTIF; PUBDICT_GLYCOSMOS	
beta galactose	Bata Galactose					2A	G65889KE			PUBDICTIONARIES-GLYCAN-IMAGE; GLYCOEPITOPE	
Chitohexaose						2A				BIOOLIGO	
Chitohexose						2A				BIOOLIGO	
Chitopentaose						2A				BIOOLIGO	
Chitopentose						2A				BIOOLIGO	
Chitotetraose						2A				BIOOLIGO	
Chitotriose						2A				BIOOLIGO	
Chondroitin tetrasaccharide						2A				BIOOLIGO	
deoxy Chitotetraose						2A				BIOOLIGO	
deoxy Chitotriose						2A				BIOOLIGO	
Difucosyllactose						2A				BIOOLIGO	
Disialosylpentaose						2A				BIOOLIGO	
Fuc a(1-3) Lac-di-Nac						2A				BIOOLIGO	
Fuc(a1-3)GalNAc(b1)						2A	G57709BH			PUBDICTIONARIES-GLYCAN-IMAGE; GLYCOEPITOPE; PUBDICT_GLYCAN_MOTIF; PUBDICT_GLYCOSMOS	
Fuc-(GlcNAc-Man-(Gal-GlcNAc-Man)-Man-GlcNAc)-GlcNAc						2A				BIOOLIGO	
Fuc-Gal-Xyl						2A				BIOOLIGO	
Fucα1-2Gal						2A				EOG_VARKI_4E	
Gal b1-4 GalNAc b1-4 Gal b1-4 Glc						2A				BIOOLIGO	
Gal b1-4 GalNAc b1-4 Gal b1-4 Glc b						2A				BIOOLIGO	
Gal(b1-3)GalNAc						2A	G78436BB; G58645HA			PUBDICTIONARIES-GLYCAN-IMAGE; GLYCOEPITOPE; PUBDICT_GLYCAN_MOTIF; PUBDICT_GLYCOSMOS	
Gal(b1-4)[Fuc(a1-3)]Glc(b1)						2A	G57548NB; G41323BT			PUBDICTIONARIES-GLYCAN-IMAGE; GLYCOEPITOPE; PUBDICT_GLYCAN_MOTIF; PUBDICT_GLYCOSMOS	
Gal-GalNAc-(Neu5Ac)-Gal-Glc						2A				BIOOLIGO	
Gal-GlcNAc-(Gal-GlcNAc)-Gal						2A				BIOOLIGO	
Gal-GlcNAc-Man-(Gal-GlcNAc-Man)-Man-GlcNAc						2A				BIOOLIGO	
Galalpha1-3Gal						2A	G00046MO			PUBDICT_MOTIF_GTC	
GalNAc(b1-3)Gal(b1-4)GlcNAc						2A	G61149BD			PUBDICTIONARIES-GLYCAN-IMAGE; GLYCOEPITOPE; PUBDICT_GLYCAN_MOTIF; PUBDICT_GLYCOSMOS	
GalNAc(b1-4)[Neu5Ac(a2-3)]Gal(b1)						2A	G45058HZ			PUBDICTIONARIES-GLYCAN-IMAGE; GLYCOEPITOPE; PUBDICT_GLYCAN_MOTIF; PUBDICT_GLYCOSMOS	
GalNAc(b1-4)[Neu5Gc(a2-3)]Gal(b1)						2A	G29406SZ; G23581GL			PUBDICTIONARIES-GLYCAN-IMAGE; GLYCOEPITOPE; PUBDICT_GLYCAN_MOTIF; PUBDICT_GLYCOSMOS	
GalNAc(b1-4)Gal						2A	G60859DF			PUBDICTIONARIES-GLYCAN-IMAGE; GLYCOEPITOPE; PUBDICT_GLYCAN_MOTIF; PUBDICT_GLYCOSMOS	
GalNAc-(Fuc)-Gal-Glc						2A				BIOOLIGO	
GalNAcα1-3Gal						2A				EOG_VARKI_4E	
GalNAcα1-4GalNAcα1-3-diNAcBac						2A				EOG_VARKI_4E	
GalNAcα1-4GalNAcα1-4						2A				EOG_VARKI_4E	
Galα1-3GalNAc						2A				EOG_VARKI_4E	
Galα1-3Galα						2A				EOG_VARKI_4E	
Galα1-3Galβ1-4GlcNAc						2A				EOG_VARKI_4E	
Galα1-3Glcα	Galα1-3Glcα1- disaccharide					2A				EOG_VARKI_4E	
Galβ1-3GalNAcβ1-4Gal						2A				EOG_VARKI_4E	
Galβ1-3GlcNAcβ1-3Galβ1-4GlcNAc						2A				EOG_VARKI_4E	
GlcA-GlcNAc repeating unit	GlcA-GlcNAc RUs					2A				EOG_VARKI_4E	
GlcAβ1-3GalNAc repeating unit						2A				EOG_VARKI_4E	
GlcAβ1-3Galβ						2A				EOG_VARKI_4E	
GlcNAc b(1-3') LacNAc						2A				BIOOLIGO	
GlcNAc b(1-4,6) GalNAc						2A				BIOOLIGO	
GlcNAc(b1-3)Gal						2A	G02880JU			PUBDICTIONARIES-GLYCAN-IMAGE; GLYCOEPITOPE; PUBDICT_GLYCAN_MOTIF; PUBDICT_GLYCOSMOS	
GlcNAc-(Fuc)-GlcNAc						2A				BIOOLIGO	
GlcNAc-Gal-Glc						2A				BIOOLIGO	
GlcNAc-Man-(GlcNAc-Man)-Man						2A				BIOOLIGO	
GlcNAc-P-Man phosphodiester						2A				EOG_VARKI_4E	
GlcNAcβ1-2Manα1-3						2A				EOG_VARKI_4E	
GlcNAcβ1-2Manα1-6						2A				EOG_VARKI_4E	
GlcNAcβ1-4Gal						2A				EOG_VARKI_4E	
GlcNAcβ1-4Glc-Cer						2A				EOG_VARKI_4E	
GlcNAcβ1-4GlcNAc						2A				EOG_VARKI_4E	
GlcNAcβ1-4Man						2A				EOG_VARKI_4E	
Glcα1-4Glc repeating unit						2A				EOG_VARKI_4E	
Glcα1-phosphate-Man	Glcα1-PO4-Man					2A				EOG_VARKI_4E	
Glcβ1-3Fucα-O-						2A				EOG_VARKI_4E	
Hyalonuric acid hexasaccharide						2A				BIOOLIGO	
Hyalonuric acid tetrasaccharide						2A				BIOOLIGO	
Hyaluronic acid hexasaccharide						2A				BIOOLIGO	
I-active ganglioside					NeuAca3-nLc6; NeuAca2-3i; NeuAc-G-10; NeuAca2-3I	2A	G03067VG; G28566CQ; G16194TN			SUGARBIND; PUBDICT_GLYCAN_MOTIF	
KDN-Gal						2A	G82612XX; G82625KX			PUBDICTIONARIES-GLYCAN-IMAGE; GLYCOEPITOPE; PUBDICT_GLYCAN_MOTIF; PUBDICT_GLYCOSMOS	
Man a1-2 Man a1-6 Man a1-6 (Man a1-2 Man a1-3) Man b1-4 GlcNAc b1-4 GlcNAc b						2A				BIOOLIGO	
Man a1-3 (Man a1-6) Man						2A				BIOOLIGO	
Manβ1-4Glc-ceramide	Manβ1-4Glc-Cer					2A				EOG_VARKI_4E	
N-Acetyl-D-Lactosamine						2A				BIOOLIGO	
Neu5Ac a2-3 Gal b1-4 Glc b						2A				BIOOLIGO	
Neu5Ac a2-6 Gal b1-4 GlcNAc b1-4 Gal b1-4 GlcNAc						2A				BIOOLIGO	
Neu5Ac(a2-3)Gal / monosialoganglioside						2A	G77824XV			PUBDICTIONARIES-GLYCAN-IMAGE; GLYCOEPITOPE; PUBDICT_GLYCAN_MOTIF	
Neu5Ac(a2-3)Gal(b1)						2A	G30207PZ			GLYCOEPITOPE; PUBDICT_GLYCOSMOS	
Neu5Ac(a2-3)Gal(b1-3)GalNAc						2A	G56299XO			PUBDICTIONARIES-GLYCAN-IMAGE; GLYCOEPITOPE; PUBDICT_GLYCAN_MOTIF; PUBDICT_GLYCOSMOS	
Neu5Ac(a2-3)Gal(b1-4)Glc						2A	G56516VH			PUBDICTIONARIES-GLYCAN-IMAGE; GLYCOEPITOPE; PUBDICT_GLYCAN_MOTIF; PUBDICT_GLYCOSMOS	
Neu5Ac(a2-3)Gal(b1-4)GlcNAc						2A	G10203DW			PUBDICTIONARIES-GLYCAN-IMAGE; GLYCOEPITOPE; PUBDICT_GLYCAN_MOTIF; PUBDICT_GLYCOSMOS	
Neu5Ac(a2-6)Gal						2A	G44345UH; G63069TR			GLYCOEPITOPE; PUBDICT_GLYCAN_MOTIF; PUBDICT_GLYCOSMOS; EOG_VARKI_4E; PUBDICTIONARIES-GLYCAN-IMAGE	
Neu5Ac(a2-6)GalNAc						2A	G08371CD			PUBDICTIONARIES-GLYCAN-IMAGE; GLYCOEPITOPE; PUBDICT_GLYCAN_MOTIF; PUBDICT_GLYCOSMOS	
Neu5Ac(a2-8)Neu5Ac(a2-3)Gal						2A	G82775QT; G43195TR			PUBDICTIONARIES-GLYCAN-IMAGE; GLYCOEPITOPE; PUBDICT_GLYCAN_MOTIF; PUBDICT_GLYCOSMOS	
Neu5Ac(a2-8)Neu5Ac(a2-3)Gal(b1-3)GalNAc						2A	G93910CU			PUBDICTIONARIES-GLYCAN-IMAGE; GLYCOEPITOPE; PUBDICT_GLYCAN_MOTIF; PUBDICT_GLYCOSMOS	
Neu5Ac(a2-8)Neu5Ac(a2-3)Gal(b1-4)Glc						2A	G81928IQ			PUBDICTIONARIES-GLYCAN-IMAGE; GLYCOEPITOPE; PUBDICT_GLYCAN_MOTIF; PUBDICT_GLYCOSMOS	
Neu5Ac(a2-8)Neu5Gc(a2-3)Gal						2A	G82974JM			PUBDICTIONARIES-GLYCAN-IMAGE; GLYCOEPITOPE; PUBDICT_GLYCAN_MOTIF; PUBDICT_GLYCOSMOS	
Neu5Ac(a2-8)Neu5Gc(a2-3)Gal(b1-4)Glc						2A	G95233MF			PUBDICTIONARIES-GLYCAN-IMAGE; GLYCOEPITOPE; PUBDICT_GLYCAN_MOTIF; PUBDICT_GLYCOSMOS	
Neu5Ac-Gal-(Fuc)-GlcNAc						2A				BIOOLIGO	
Neu5Ac-Gal-(Fuc)-GlcNAc-OMe						2A				BIOOLIGO	
Neu5Ac-Gal-(Neu5Ac)-deoxy-GalNAc						2A				BIOOLIGO	
Neu5Ac-Gal-(Neu5Ac)-GlcNAc						2A				BIOOLIGO	
Neu5Acα2-3Gal	Neu5Acα2–3Gal-					2A				EOG_VARKI_4E	
Neu5Gc(a2-3)Gal						2A	G53517XC			PUBDICTIONARIES-GLYCAN-IMAGE; PUBDICT_GLYCAN_MOTIF; PUBDICT_GLYCOSMOS; GLYCOEPITOPE	
Neu5Gc(a2-3)Gal / monosialoganglioside						2A	G53517XC			PUBDICTIONARIES-GLYCAN-IMAGE; GLYCOEPITOPE; PUBDICT_GLYCAN_MOTIF	
Neu5Gc(a2-3)Gal(b1-4)Glc	Neu5Gcα2–3Galβ1–4Glc					2A	G32969VW			PUBDICTIONARIES-GLYCAN-IMAGE; PUBDICT_GLYCAN_MOTIF; GLYCOEPITOPE; PUBDICT_GLYCOSMOS; EOG_VARKI_4E	
Neu5Gc(a2-3)Gal(b1-4)GlcNAc						2A	G48236KP			PUBDICT_GLYCOSMOS; PUBDICT_GLYCAN_MOTIF; GLYCOEPITOPE; PUBDICTIONARIES-GLYCAN-IMAGE	
Neu5Gc(a2-8)Neu5Ac(a2-3)Gal						2A	G61424BA; G55286YY			GLYCOEPITOPE; PUBDICTIONARIES-GLYCAN-IMAGE; PUBDICT_GLYCOSMOS; PUBDICT_GLYCAN_MOTIF	
Neu5Gc(a2-8)Neu5Gc(a2-3)Gal						2A	G16142UJ; G16775IT			PUBDICTIONARIES-GLYCAN-IMAGE; GLYCOEPITOPE; PUBDICT_GLYCAN_MOTIF; PUBDICT_GLYCOSMOS	
NeuAca2-6I						2A	G37563FN			SUGARBIND	
NeuAca3-nLc8						2A	G26036PN			SUGARBIND	
sialosyl paragloboside		S3P; Sial pg; S-3-PG			NeuAca3SPG; IV3(NeuAc)nLc4Cer; NeuAca2-3PG	2A	G50123ZO; G01767JJ; G00065MO; G98750DB	GSD000149	GlycoMotif:GGM.000081; GlycoMotif:GDV.000114; GlycoMotif:CCRC.000081	GSD_GLYGEN_V0; SUGARBIND; CUMMINGS; GLYCOMOTIF_GGM; GLYCOMOTIF_GDV; GLYCOMOTIF_CCRC; PUBDICT_GLYCAN_MOTIF	
Sialyl-3-lactose	Alpha 2-3 sialyllactose	3'SL				2A	G91237TK; G56516VH			SUGARBIND; PUBDICT_GLYCAN_MOTIF	
Sialylparagloboside					NeuAca2-6PG; IV6(NeuAc)nLc4Cer	2A	G83513YI			SUGARBIND; PUBDICT_GLYCAN_MOTIF	
Siaα2-3Galβ1-4GlcNAc						2A				EOG_VARKI_4E	
Siaα2-6Galβ1-4GlcNAc						2A				EOG_VARKI_4E	
Tk						2A				BIOOLIGO	
trehalose-6,6-dimycolate						2A				EOG_VARKI_4E	
α(1-3)-linked N-acetylgalactosamine	α(1-3)GalNAc					2A				EOG_VARKI_4E	
α(1-6)-linked glucose branch						2A				EOG_VARKI_4E	
α(2-6)sialyl  lactotetraosylceramide						2A				PUBDICT_GLYCONAVI_NAME	
α-linked polyglucose						2A				EOG_VARKI_4E	
α2-3 sialic acid branch	α2-3Sia branch					2A				EOG_VARKI_4E	
α2-3 sialyllactosamine	α2-3sialyllactosamines					2A				EOG_VARKI_4E	
α2-6-sialylated 6-sulfo-LacNAc	6-sialyl-6-sulfo LN					2A	G41145LF	GSD000002	GlycoMotif:GGM.000026	GSD_GLYGEN_V0	
β-(1,4)-mannuronate						2A				EOG_VARKI_4E	
β-linked galactose	β-linked Gal					2A				EOG_VARKI_4E	
β-linked Kdo						2A				EOG_VARKI_4E	
β2-linked mannose polymer						2A				EOG_VARKI_4E	
β2-linked N-acetylglucosamine	β1-2GlcNAc					2A				EOG_VARKI_4E	
β3-linked glucose	1-3-linked β-Glc					2A				EOG_VARKI_4E	
β4-linked N-acetylgalactosamine	β1-4GalNAc					2A				EOG_VARKI_4E	An alternative is a chain composed of LacdiNAc glycan units [-3GalNAcβ1-4GlcNAcβ1-]n generated by the action of a β1-4GalNAc-transferase.
β4-linked N-acetylglucosamine	β1-4GlcNAc					2A				EOG_VARKI_4E	This reaction is catalyzed by β1-4 galactosyltransferases (B4GALT1 to B4GALT6) and yields the Galβ1-4GlcNAc (N-acetyllactosamine) (more...) Terminal GlcNAc residues in N-glycans, O-glycans, and glycolipids may alternatively be modified by β1-3Gal (Figure 14.2) to generate a Type-1 unit composed of Galβ1-3GlcNAc.
β6-linked galactose	1-6-linked β-Galp					2A				EOG_VARKI_4E	
β6-linked glucose	1-6-linked β-Glc					2A				EOG_VARKI_4E	
β6-linked N-acetylglucosamine	β1-6GlcNAc					2A				EOG_VARKI_4E	
3'GN type1						2B				PUBDICT_GLYCONAVI_NAME; PUBDICT_GLYCONAVI_ABBREV	
3'SLN (Gc)						2B				PUBDICT_GLYCONAVI_NAME	
3'STri-LN						2B				PUBDICT_GLYCONAVI_NAME; PUBDICT_GLYCONAVI_ABBREV	
6'S-Di-LN						2B				PUBDICT_GLYCONAVI_NAME; PUBDICT_GLYCONAVI_ABBREV	
6'SLDN						2B				PUBDICT_GLYCONAVI_NAME; PUBDICT_GLYCONAVI_ABBREV	
6'SLN						2B				PUBDICT_GLYCONAVI_NAME; PUBDICT_GLYCONAVI_ABBREV	
6'SLN (Gc)						2B				PUBDICT_GLYCONAVI_NAME	
9OAc3'SLN						2B				PUBDICT_GLYCONAVI_NAME	
A-galactosylparagloboside	A-Galactosylparagloboside					2B	G60645OK			SUGARBIND; PUBDICT_GLYCAN_MOTIF	
alpha-oligomannoside				dimannoside		2B	G29313LW; G07490EK; G51379UR			SUGARBIND; PUBDICT_GLYCAN_MOTIF	
B6 type 1						2B	G63238VS			SUGARBIND	
branched N-glycan						2B				EOG_VARKI_4E	
C-mannose	C-linked mannose					2B				EOG_VARKI_4E	
desialylated glycan						2B		GSD000055		GSD_GLYGEN_V0	
fucosylated glycan						2B				EOG_VARKI_4E	
fucosylated N-glycan						2B		GSD000076		EOG_VARKI_4E; GSD_GLYGEN_V0	
Isomaltotriose						2B				PUBDICT_GLYCONAVI_NAME	
Lactosamine Like Structure						2B	G47428UI			PUBDICT_GLYCAN_MOTIF	
Lactosediamine						2B				PUBDICT_GLYCONAVI_NAME	
Man-6-P-containing N-glycan						2B				EOG_VARKI_4E	
Manninotriose						2B				PUBDICT_GLYCONAVI_NAME	
mannose-terminated N-glycan						2B				EOG_VARKI_4E	
Melezitose						2B				PUBDICT_GLYCONAVI_NAME	
monoantennary N-glycan						2B				EOG_VARKI_4E	
monoglucosylated N-glycan						2B				EOG_VARKI_4E	
monosialylated ganglioside						2B				EOG_VARKI_4E	
monosialylated N-glycan						2B		GSD000123		GSD_GLYGEN_V0	
Neolactotetrose	Lacto-N-neotetraose	LNnT				2B	G48059CD			SUGARBIND; PUBDICT_GLYCAN_MOTIF	
nonfucosylated N-glycan						2B		GSD000132		GSD_GLYGEN_V0	
nonsialylated N-glycan						2B		GSD000136		GSD_GLYGEN_V0	
O-fucose glycan						2B	G39294YF	GSD000137		EOG_VARKI_4E; GSD_GLYGEN_V0	
O-GlcNAc						2B	G49108TO; G89565QL		GlycoMotif:GGM.001028	PUBDICTIONARIES-GLYCAN-IMAGE; GLYCOEPITOPE; GLYCOMOTIF_GGM; PUBDICT_GLYCAN_MOTIF; PUBDICT_GLYCOSMOS	The addition of O-GlcNAc is linked to the side-chains of Ser or Thr and is mediated by a highly conserved lineage of O-GlcNAc transferases (OGT), a nonmembrane bound enzyme that resides in the cytoplasm and nucleus.
O-glucose glycan	O-Glc glycan					2B				EOG_VARKI_4E	
O-Glucosylation						2B	G71142DF		GlycoMotif:GGM.001031	GLYCOMOTIF_GGM	
O-linked fucose						2B				EOG_VARKI_4E	
O-linked glucose						2B				EOG_VARKI_4E	
O-linked mannose						2B	G59126YU		GlycoMotif:GGM.000055; GlycoMotif:GDV.000110	EOG_VARKI_4E; CUMMINGS; GLYCOMOTIF_GGM; GLYCOMOTIF_GDV; PUBDICT_GLYCAN_MOTIF	
O-linked N-acetylglucosamine	O-linked GlcNAc; O-β-GlcNAc					2B	G49108TO	GSD000138		EOG_VARKI_4E; GSD_GLYGEN_V0	Contrary to expectations, product analyses, including release from protein by alkali-induced β-elimination and resistance to cleavage by peptide-N-glycosidase F (PNGase F; Chapter 50), demonstrated most of the labeled galactosylated glycans existed as single O-linked GlcNAc moieties (Figure 19.1).
O-mannose glycan	O-Man glycan; O-mannose-based glycan; O-mannosyl glycan; O-mannose initiated glycans					2B	G59126YU	GSD000140	GlycoMotif:GGM.000055	EOG_VARKI_4E; GSD_GLYGEN_V0	O-Mannose glycans account for up to one-third of all O-glycans in some mammalian tissues, including brain.
S-linked glucose	S-linked Glcp					2B				EOG_VARKI_4E	
sialylated glycolipid						2B				EOG_VARKI_4E	
sialylated N-glycan						2B				EOG_VARKI_4E	
sialylated O-GalNAc glycan						2B				EOG_VARKI_4E	
sialylated O-glycan						2B				EOG_VARKI_4E	
Stachyose						2B				PUBDICT_GLYCONAVI_NAME	
sulfated glycan						2B				EOG_VARKI_4E	The internally sulfated glycans in heparin, heparan sulfate (HS), and chondroitin sulfate (CS) proteoglycans and the sulfated N-glycans on KS are discussed in Chapter 17.
sulfated glycosaminoglycan	sulfated glycosaminoglycan chains	sulfated GAG				2B				EOG_VARKI_4E	
sulfated LacdiNAc				4'-O-sulfated LacdiNAc; 4'-sulfated LDN	sulfated LDN	2B	G18464VS	GSD000191	GlycoMotif:GGM.000049	GSD_GLYGEN_V0	
sulfated N-glycan						2B				EOG_VARKI_4E	The internally sulfated glycans in heparin, heparan sulfate (HS), and chondroitin sulfate (CS) proteoglycans and the sulfated N-glycans on KS are discussed in Chapter 17.
sulfated O-GalNAc glycan	sulfated mucin-type glycan					2B				EOG_VARKI_4E	
sulfated terminal β-linked GalNAc						2B				EOG_VARKI_4E	
truncated N-glycan						2B				EOG_VARKI_4E	
truncated O-GalNAc glycan						2B				EOG_VARKI_4E	
truncated O-glycan	incomplete O-glycan					2B				EOG_VARKI_4E	
xylosylated glycans						2B				EOG_VARKI_4E	
α-linked mannose						2B				EOG_VARKI_4E	
α-linked O-fucose modification						2B				EOG_VARKI_4E	
α-mannose-containing glycan						2B				EOG_VARKI_4E	
2,6-branched O-mannose	2,6-branched O-mannosyl glycan					2C	G56868BH; G06953DR	GSD000001	GlycoMotif:GGM.000056; GlycoMotif:GDV.000109	GSD_GLYGEN_V0; CUMMINGS; GLYCOMOTIF_GGM; GLYCOMOTIF_GDV; PUBDICT_GLYCAN_MOTIF	
2,6-sialyl-Sulfo-LN (6-sialyl-6-sulfo LN)						2C	G92341SR			PUBDICT_GLYCAN_MOTIF	
3'GN-Di-LN						2C				PUBDICT_GLYCONAVI_NAME; PUBDICT_GLYCONAVI_ABBREV	
3'S-Di-LN						2C				PUBDICT_GLYCONAVI_NAME; PUBDICT_GLYCONAVI_ABBREV	
A6 type 1						2C	G82858KU			SUGARBIND	
A7 type 1						2C	G71485PH			SUGARBIND	
A7 type 4						2C	G37830TX			SUGARBIND	
A8 type 1						2C	G04715SK			SUGARBIND	
A9 type 1						2C				SUGARBIND	
asialylated biantennary N-glycan	asialo diantennary					2C		GSD000018		GSD_GLYGEN_V0	
biantennary complex-type N-glycan	diantennary complex type					2C		GSD000023		EOG_VARKI_4E; GSD_GLYGEN_V0	
bisected complex-type N-glycan						2C				EOG_VARKI_4E	
core-fucosylated biantennary complex-type N-glycan	core fucosylated diantennary complex-type					2C	G78059CC	GSD000051		GSD_GLYGEN_V0	
core-fucosylated biantennary N-glycan	core-fucosylated diantennary					2C	G78059CC	GSD000050		GSD_GLYGEN_V0	
difucosylated tetraantennary N-glycan						2C		GSD000057		GSD_GLYGEN_V0	
diphosphorylated Man6	Diphosphorylated Man_6					2C	G54792LL; G10907PF	GSD000059	GlycoMotif:GGM.000054	GSD_GLYGEN_V0; CUMMINGS; GLYCOMOTIF_GGM	
disialylated biantennary complex-type N-glycan						2C		GSD000066		GSD_GLYGEN_V0	
disialylated biantennary N-glycan						2C		GSD000065		GSD_GLYGEN_V0	
disialylated fucosylated glycan						2C		GSD000067		GSD_GLYGEN_V0	
fucosylated asialo-biantennary N-glycan	fucosylated asialo-diantennary					2C		GSD000072		GSD_GLYGEN_V0	
fucosylated biantennary N-glycan				fucosylated bisialo-diantennary		2C		GSD000073		GSD_GLYGEN_V0	
fucosylated disialylated biantennary N-glycan	fucosylated disialo-biantennary					2C		GSD000074		GSD_GLYGEN_V0	
fucosylated tetraantennary N-glycan						2C		GSD000070		GSD_GLYGEN_V0	
fucosylated triantennary N-glycan						2C		GSD000077		GSD_GLYGEN_V0	
fucosylated trisialylated triantennary N-glycan						2C		GSD000172		GSD_GLYGEN_V0	
galactose-terminated N-glycan branch						2C				EOG_VARKI_4E	
highly branched complex-type N-glycan	highly branched complex-type N-glycans					2C				EOG_VARKI_4E	
Lactosylsulfatide						2C	G20044TD			SUGARBIND	
Man-3 chitobiose core Fuc						2C				BIOOLIGO	
monosialylated biantennary N-glycan	monosialyl biantennary		sialylated diantennary; sialylated biantennary			2C		GSD000124		GSD_GLYGEN_V0	
N-acetyllactosamine (type 1)	LacNAc type 1; Type 1 LN; Type-1 lactosamine; Lactosamine Type 1			N-acetyllactosamine		2C	G00056MO	GSD000181	GlycoMotif:GGM.000005	GSD_GLYGEN_V0; PUBDICT_GLYCAN_MOTIF	
nonfucosylated biantennary N-glycan						2C		GSD000133		GSD_GLYGEN_V0	
nonfucosylated triantennary N-glycan						2C		GSD000135		GSD_GLYGEN_V0	
O-Fucose / EGF repeat	O-fucose glycan / EGF repeat; O-Fucose Core EGF Type; O-Fucose Core 1		O-Fucose		O-Fucose Core Thrombospondin Type 1; O-Fucose Core 2	2C	G17931GP; G39294YF; G08324ZK; G85661BQ		GlycoMotif:GGM.001020	PUBDICT_GLYCAN_MOTIF; PUBDICTIONARIES-GLYCAN-IMAGE; GLYCOEPITOPE; GLYCOMOTIF_GGM	
O-linked sialoglycan						2C				EOG_VARKI_4E	
R-linked α-N-acetylglucosamine	arginine-linked α-GlcNAc					2C				EOG_VARKI_4E	
Sia(a2-8)Sia(a2-3)Gal						2C	G82775QT			PUBDICT_GLYCAN_MOTIF	
sialofucosylated glycolipid						2C				EOG_VARKI_4E	
sialylated biantennary N-glycan	sialyl biantennary					2C		GSD000154		EOG_VARKI_4E; GSD_GLYGEN_V0	
sialylated complex-type N-glycan	complex sialylated N-glycan; sialo-complex type					2C		GSD000155		EOG_VARKI_4E; GSD_GLYGEN_V0	
sialylated LacdiNAc	sialylated-LacdiNAc				Sialylated LDN	2C	G55583HW	GSD000192	GlycoMotif:GGM.000050	GSD_GLYGEN_V0	
sialylated tetraantennary N-glycan						2C		GSD000156		GSD_GLYGEN_V0	
Sialyllacto-N-neotetraose		Sai-LNnT				2C				SUGARBIND	
Sialyllacto-N-tetraose b		LSTb				2C	G32417JV			SUGARBIND; PUBDICT_GLYCAN_MOTIF	
sulfated glucuronosyl glycan						2C				EOG_VARKI_4E	
Sulfated sialyl-3-N-acetyllactosamine		Su-3'SLN	Sulfated trisaccharide			2C	G99745QX			SUGARBIND; PUBDICT_GLYCAN_MOTIF	
terminal fucose	terminal Fuc residue					2C				EOG_VARKI_4E	
terminal galactose	terminal Gal residue					2C				EOG_VARKI_4E	
terminal glucuronic acid						2C				EOG_VARKI_4E	
terminal mannose	terminal Man					2C				EOG_VARKI_4E	
terminal N-acetylgalactosamine	terminal GalNAc residue					2C				EOG_VARKI_4E	
terminal N-acetylglucosamine	terminal GlcNAc residue					2C				EOG_VARKI_4E	The GlcNAc linked (more...) Terminal GlcNAc residues are usually galactosylated.
terminal sialic acid	Terminal Sia residue					2C				EOG_VARKI_4E	
terminal α-linked fucose				terminal fucose		2C				EOG_VARKI_4E	
terminal α-linked mannose				terminal mannose		2C				EOG_VARKI_4E	
terminal α-linked-galactose	terminal α-galactose residue			terminal galactose		2C				EOG_VARKI_4E	For example, CHO cells and the African green monkey kidney cell line COS lack glycans with terminal α-galactose residues.
terminal α1-6 mannose	terminal α1–6Man			terminal α-linked mannose		2C				EOG_VARKI_4E	
terminal β-linked galactose			terminal galactose			2C				EOG_VARKI_4E	
terminal β-linked N-acetylgalactosamine			terminal N-acetylgalactosamine			2C				EOG_VARKI_4E	
tetraantennary complex-type N-glycan						2C		GSD000165		GSD_GLYGEN_V0	
tetrasialylated biantennary N-glycan						2C		GSD000166		GSD_GLYGEN_V0	
triantennary complex-type N-glycan	Triantennary complex-type					2C		GSD000169		GSD_GLYGEN_V0	
trisialylated biantennary N-glycan						2C		GSD000178		GSD_GLYGEN_V0	
trisialylated triantennary N-glycan						2C		GSD000179		GSD_GLYGEN_V0	
(Man)2-GlcNAc						2D				BIOOLIGO	
(Man)3a						2D				BIOOLIGO	
(Man)3b						2D				BIOOLIGO	
(Man)4						2D				BIOOLIGO	
(Man)4-(Fuc)-GlcNAc						2D				BIOOLIGO	
(Man)6 (GlcNAc)2						2D				BIOOLIGO	
(Man)9-GlcNAc-GlcNAc						2D				BIOOLIGO	
A1						2D	G61751GZ			GLYGEN_CURATORS_NCOMPO	The few individuals with AB type are “universal acceptors.” In addition to accurately typing AB blood types, A1 and A2 blood group distinctions are important clinically as A2 individuals can generate anti-A1 antibodies, although these antibodies are often not clinically meaningful.
A1G1						2D	G69411IG			GLYGEN_CURATORS_NCOMPO	
A2						2D	G36191CD			GLYGEN_CURATORS_NCOMPO	The few individuals with AB type are “universal acceptors.” In addition to accurately typing AB blood types, A1 and A2 blood group distinctions are important clinically as A2 individuals can generate anti-A1 antibodies, although these antibodies are often not clinically meaningful.
A2[3]G1						2D	G66937TJ			GLYGEN_CURATORS_NCOMPO	
A2[6]G1						2D	G89993FE			GLYGEN_CURATORS_NCOMPO	
A2B						2D	G59471TH			GLYGEN_CURATORS_NCOMPO	
A2BG0						2D	G59471TH			GLYGEN_CURATORS_NCOMPO	
A2BG1						2D	G72718TT			GLYGEN_CURATORS_NCOMPO	
A2BG2						2D	G52934AK			GLYGEN_CURATORS_NCOMPO	
A2BG2S1						2D				GLYGEN_CURATORS_NCOMPO	
A2BG2S2						2D				GLYGEN_CURATORS_NCOMPO	
A2F1G2S2						2D				GLYGEN_CURATORS_NCOMPO	
A2G1						2D	G66937TJ			GLYGEN_CURATORS_NCOMPO	
A2G2						2D	G36191CD			GLYGEN_CURATORS_NCOMPO	
A2G2S1						2D				GLYGEN_CURATORS_NCOMPO	
A2G2S2						2D				GLYGEN_CURATORS_NCOMPO	
A3						2D	G29011JC			GLYGEN_CURATORS_NCOMPO	The A allele encodes the α1-3GalNAcT (A3GALNT) that generates the A glycan epitope forming the A blood group (Figure 14.5).
A3F1G3S2						2D				GLYGEN_CURATORS_NCOMPO	
A3F1G3S3						2D				GLYGEN_CURATORS_NCOMPO	
A3F2G3S3						2D				GLYGEN_CURATORS_NCOMPO	
A3G3						2D	G29857RC			GLYGEN_CURATORS_NCOMPO	
A3G3S2						2D				GLYGEN_CURATORS_NCOMPO	
A3G3S3						2D				GLYGEN_CURATORS_NCOMPO	
A4						2D	G20030CU			GLYGEN_CURATORS_NCOMPO	
A4F1G4						2D				GLYGEN_CURATORS_NCOMPO	
A4F1G4S4						2D				GLYGEN_CURATORS_NCOMPO	
A4G4						2D	G18938DW			GLYGEN_CURATORS_NCOMPO	
A4G4S1						2D				GLYGEN_CURATORS_NCOMPO	
A4G4S2						2D				GLYGEN_CURATORS_NCOMPO	
A4G4S3						2D				GLYGEN_CURATORS_NCOMPO	
A4G4S4						2D				GLYGEN_CURATORS_NCOMPO	
FA1						2D				GLYGEN_CURATORS_NCOMPO	
FA1G1						2D				GLYGEN_CURATORS_NCOMPO	
FA2						2D				GLYGEN_CURATORS_NCOMPO	
FA2[3]BG1						2D				GLYGEN_CURATORS_NCOMPO	
FA2[3]G1						2D				GLYGEN_CURATORS_NCOMPO	
FA2[3]G1S1						2D				GLYGEN_CURATORS_NCOMPO	
FA2[6]BG1						2D				GLYGEN_CURATORS_NCOMPO	
FA2[6]G1						2D				GLYGEN_CURATORS_NCOMPO	
FA2B						2D				GLYGEN_CURATORS_NCOMPO	
FA2BG2						2D				GLYGEN_CURATORS_NCOMPO	
FA2BG2S1						2D				GLYGEN_CURATORS_NCOMPO	
FA2BG2S2						2D				GLYGEN_CURATORS_NCOMPO	
FA2F1G2S2						2D				GLYGEN_CURATORS_NCOMPO	
FA2G1						2D				GLYGEN_CURATORS_NCOMPO	
FA2G1S1						2D				GLYGEN_CURATORS_NCOMPO	
FA2G2						2D				GLYGEN_CURATORS_NCOMPO	
FA2G2S1						2D				GLYGEN_CURATORS_NCOMPO	
FA2G2S2						2D				GLYGEN_CURATORS_NCOMPO	
FA3						2D				GLYGEN_CURATORS_NCOMPO	
FA3B						2D				GLYGEN_CURATORS_NCOMPO	
FA3F1G3S3						2D				GLYGEN_CURATORS_NCOMPO	
FA3G3						2D				GLYGEN_CURATORS_NCOMPO	
FA3G3S3						2D				GLYGEN_CURATORS_NCOMPO	
FA4						2D				GLYGEN_CURATORS_NCOMPO	
FA4F1G4S4						2D				GLYGEN_CURATORS_NCOMPO	
FA4G4						2D				GLYGEN_CURATORS_NCOMPO	
FA4G4S4						2D				GLYGEN_CURATORS_NCOMPO	
G0	G0					2D	G36191CD			EOG_VARKI_4E; GLYGEN_CURATORS_NCOMPO	
G0-N						2D	G61751GZ			GLYGEN_CURATORS_NCOMPO	
G0B						2D	G59471TH			GLYGEN_CURATORS_NCOMPO	
G0F						2D				GLYGEN_CURATORS_NCOMPO	
G0FB						2D				GLYGEN_CURATORS_NCOMPO	
G1						2D	G66937TJ			GLYGEN_CURATORS_NCOMPO	
G1F						2D				GLYGEN_CURATORS_NCOMPO	
G1M9						2D				GLYGEN_CURATORS_NCOMPO	
G2						2D	G36191CD			GLYGEN_CURATORS_NCOMPO	
G2F						2D				GLYGEN_CURATORS_NCOMPO	
G2FS1						2D				GLYGEN_CURATORS_NCOMPO	
G2FS2						2D				GLYGEN_CURATORS_NCOMPO	
G2M9						2D				GLYGEN_CURATORS_NCOMPO	
G9-B						2D	G08855PJ			SUGARBIND	
GL-II						2D	G62971NJ			SUGARBIND	
GL-III						2D	G19336PT			SUGARBIND	
LPS						2D	G00022MO			PUBDICT_MOTIF_GTC	LPS is usually essential for outer membrane integrity in producing organisms.
M3 (N-glycan)						2D	G22768VO			GLYGEN_CURATORS_NCOMPO	
M3FX						2D	G47379VH; G26295XE			PUBDICTIONARIES-GLYCAN-IMAGE; GLYCOEPITOPE; PUBDICT_GLYCAN_MOTIF; PUBDICT_GLYCOSMOS	
M5						2D	G32104JU			GLYGEN_CURATORS_NCOMPO	
M6						2D	G56038AR			GLYGEN_CURATORS_NCOMPO	M6P has also been found on the transforming growth factor β (TGF-β) precursor and the phosphate is lost from the mature form.
M7						2D	G04216GB			GLYGEN_CURATORS_NCOMPO	On the other hand, conversion of M8B to M7 lacking residues i and k (M7BC; Figure 39.1) was performed by EDEMs 1 and 3.
M7AB						2D				GLYGEN_CURATORS_NCOMPO	
M7AC						2D				GLYGEN_CURATORS_NCOMPO	
M7BC	Man7GlcNAc2 isomer BC					2D				EOG_VARKI_4E; GLYGEN_CURATORS_NCOMPO	On the other hand, conversion of M8B to M7 lacking residues i and k (M7BC; Figure 39.1) was performed by EDEMs 1 and 3.
M8						2D	G91704UR			GLYGEN_CURATORS_NCOMPO	Both the conversion of M9 to M8B and the conversion of M8B to M7BC are slow processes in mammalian cells when compared with deglucosylation reactions.
M8A						2D				GLYGEN_CURATORS_NCOMPO	
M8B	Man8GlcNAc2 isomer B					2D				EOG_VARKI_4E; GLYGEN_CURATORS_NCOMPO	On the other hand, conversion of M8B to M7 lacking residues i and k (M7BC; Figure 39.1) was performed by EDEMs 1 and 3.
M8C						2D				GLYGEN_CURATORS_NCOMPO	
M9						2D	G26508HK			GLYGEN_CURATORS_NCOMPO	Like GII, this lectin also contains an MRH domain that binds N-glycans smaller than M9, including M7BC.
Man3				(Man)3 chitobiose	chitobiose	2D	G22768VO			GLYGEN_CURATORS_NCOMPO; EOG_VARKI_4E; BIOOLIGO	
Man5						2D	G32104JU			EOG_VARKI_4E; GLYGEN_CURATORS_NCOMPO; BIOOLIGO	
Man6						2D	G56038AR			EOG_VARKI_4E; BIOOLIGO; GLYGEN_CURATORS_NCOMPO	
Man7						2D	G04216GB			EOG_VARKI_4E; GLYGEN_CURATORS_NCOMPO; BIOOLIGO	
Man8						2D	G91704UR			EOG_VARKI_4E; GLYGEN_CURATORS_NCOMPO	
Man9	Man9GlcNAc2					2D	G26508HK			EOG_VARKI_4E; GLYGEN_CURATORS_NCOMPO	Wild-type endohexosaminidase, Endo-A, recognizes this high-mannose N-glycan and hydrolyses the GlcNAc-GlcNAc glycosidic linkage, to yield Man9GlcNAc 25.
N-Man5 GlcNAc 1-4						2D				BIOOLIGO	
NA2F						2D	G00998NI			SUGARBIND	
A2F1						2E				GLYGEN_CURATORS_NCOMPO	
A3F1						2E				GLYGEN_CURATORS_NCOMPO	
A4F1						2E				GLYGEN_CURATORS_NCOMPO	
Glc3Man9GlcNAc2						2E				EOG_VARKI_4E	Processing of Glc3Man9GlcNAc2Asn begins with the sequential removal of Glc residues by α-glucosidases I (MOGS) and II (GANAB) (Figure 9.4).
a-series gangliosides						3A				EOG_VARKI_4E	Each branch is a committed pathway, because sialyltransferases cannot directly convert a-series gangliosides (beyond GM3) to their corresponding b-series gangliosides.
ABO blood group antigens						3A				EOG_VARKI_4E	
arthroseries glycosphingolipids						3A				EOG_VARKI_4E	The arthroseries glycosphingolipids (GSLs) are built by extension from a mactosylceramide core (Manβ1-4Glcβ-ceramide).
b-series gangliosides						3A				EOG_VARKI_4E	Each branch is a committed pathway, because sialyltransferases cannot directly convert a-series gangliosides (beyond GM3) to their corresponding b-series gangliosides.
blood group antigens						3A				EOG_VARKI_4E	The A, B, and H blood group antigens are glycans presented on Type-1 or Type-2 structures (Figure 14.2), on O-GalNAc glycans (Type-3), or on glycolipids (Type-4) (Figure 14.4).
c-series gangliosides	c-series					3A				EOG_VARKI_4E	The transfer of N-acetylgalactosamine to a-, b-, and c-series gangliosides, transforming GM3 into GM2, GD3 into GD2, or GT3 into GT2, is catalyzed by the same N-acetylgalactosaminyltransferase.
C-Series Gangliosides / Gangliotetraosyl Core						3A	G78818SP			PUBDICT_GLYCAN_MOTIF	
C-Series Gangliosides / Hemato- or Ganglio-Type						3A	G45770AV			PUBDICT_GLYCAN_MOTIF	
Ceramide trihexosides(CTH)						3A				PUBDICT_GLYCONAVI_NAME; PUBDICT_GLYCONAVI_ABBREV	
complex ganglioside						3A				EOG_VARKI_4E	When the N-acetylgalactosaminyltransferase responsible for ganglioside elongation (GM2/GD2 synthase) was inactivated in mice, none of the major complex gangliosides (GM1, GD1a, GD1b, or GT1b) were expressed, and a comparable concentration of the simple gangliosides GM3 and GD3 were found in the adult brain.
complex glycolipid						3A				EOG_VARKI_4E	
complex O-glycan						3A				EOG_VARKI_4E	
Galactocerebroside (2-hydoxy fatty acid)						3A				PUBDICT_GLYCONAVI_NAME	
galactolipid						3A				EOG_VARKI_4E	The most abundant plant galactolipids.
Ganglio						3A	G00071MO			PUBDICT_MOTIF_GTC	Several types of tumors (particularly melanoma and neuroblastoma) are characterized by the synthesis of very high levels of gangliosides (Chapter 11).
ganglio-series glycosphingolipid						3A				EOG_VARKI_4E	
ganglioside						3A				EOG_VARKI_4E	Several types of tumors (particularly melanoma and neuroblastoma) are characterized by the synthesis of very high levels of gangliosides (Chapter 11).
Gg4Cer II3-sulfate					SM1a	3A	G59508TM			SUGARBIND; PUBDICT_GLYCAN_MOTIF	
Globo						3A	G00072MO			PUBDICT_MOTIF_GTC	GSLs sharing the same neutral core sequence are said to be of that “series”; the quantitatively major series in vertebrates are ganglio-, globo-, and neolacto-series, whereas in invertebrates the mollu- and arthro-series predominate.
globo-series glycospingolipids						3A				EOG_VARKI_4E	
globopentaosylceramide		Gb5				3A	G99053DY	GSD000081	GlycoMotif:GGM.000076	GSD_GLYGEN_V0	
globoside I						3A	G00061MO	GSD000088	GlycoMotif:GGM.000070	GSD_GLYGEN_V0	
globosides						3A	G00061MO	GSD000087	GlycoMotif:GGM.000070	GSD_GLYGEN_V0	
glycoglycerolipid						3A				EOG_VARKI_4E	Glycoglycerolipids are distinguished from GSLs by their lipid, having glycans linked to the C-3 hydroxyl of diacylglycerol or alkyl(acyl)glycerol (Figure 11.1).
glycolipids						3A				EOG_VARKI_4E	Glycolipids of fungi, plants, and invertebrates are covered in Chapters 20 and 23–26.
glycosaminoglycans		GAGs				3A				EOG_VARKI_4E	Another class of glycans traditionally thought to reside at the cell surface and the extracellular matrix are the glycosaminoglycans (or GAGs) (Chapter 17).
Glycosphingolipid Arthro series	Glycosphingolipid Arthro					3A	G00014MO		GlycoMotif:GGM.001103	GLYCOMOTIF_GGM; PUBDICT_GLYCAN_MOTIF; PUBDICT_MOTIF_GTC	
Glycosphingolipid Gala						3A	G00016MO			PUBDICT_MOTIF_GTC	
Glycosphingolipid Gala series						3A	G00016MO		GlycoMotif:GGM.001105	GLYCOMOTIF_GGM; PUBDICT_GLYCAN_MOTIF	
Glycosphingolipid Ganglio series	Glycosphingolipid Ganglio					3A	G00071MO		GlycoMotif:GGM.001108	GLYCOMOTIF_GGM; PUBDICT_GLYCAN_MOTIF; PUBDICT_MOTIF_GTC	
Glycosphingolipid Globo series	Glycosphingolipid Globo					3A	G99312NX; G00072MO		GlycoMotif:GGM.001109	GLYCOMOTIF_GGM; PUBDICT_GLYCAN_MOTIF; PUBDICT_MOTIF_GTC	
Glycosphingolipid Isoglobo series	Glycosphingolipid Isoglobo					3A	G00012MO		GlycoMotif:GGM.001101	GLYCOMOTIF_GGM; PUBDICT_GLYCAN_MOTIF; PUBDICT_MOTIF_GTC	
Glycosphingolipid Lacto series	Glycosphingolipid Lacto					3A	G00069MO		GlycoMotif:GGM.001106	GLYCOMOTIF_GGM; PUBDICT_GLYCAN_MOTIF; PUBDICT_MOTIF_GTC	
Glycosphingolipid Mollu						3A	G00015MO			PUBDICT_MOTIF_GTC	
Glycosphingolipid Mollu series						3A	G00015MO		GlycoMotif:GGM.001104	GLYCOMOTIF_GGM; PUBDICT_GLYCAN_MOTIF	
Glycosphingolipid Muco series	Glycosphingolipid Muco					3A	G00013MO		GlycoMotif:GGM.001102	GLYCOMOTIF_GGM; PUBDICT_GLYCAN_MOTIF; PUBDICT_MOTIF_GTC	
Glycosphingolipid Neo-lacto series	neolacto-series glycosphingolipids; Glycosphingolipid Neo-lacto					3A	G00070MO		GlycoMotif:GGM.001107	GLYCOMOTIF_GGM; PUBDICT_GLYCAN_MOTIF; EOG_VARKI_4E; PUBDICT_MOTIF_GTC	
glycosphingolipids		GSLs				3A				EOG_VARKI_4E	Nearly all glycolipids in vertebrates are GSLs, which, in turn, are part of the larger family of sphingolipids (lipids built on sphingoid bases) that includes the major membrane phospholipid, sphingomyelin, and the second messenger sphingosine 1-phosphate that regulates angiogenesis and immune cell trafficking.
glycosyldiacylglycerolipid	glycosyldiacylglycerolipids					3A				EOG_VARKI_4E	
Hexaosylceramide						3A	G83212YI			SUGARBIND	
lacto-series glycosphingolipids						3A				EOG_VARKI_4E	
Lactosylceramides						3A				PUBDICT_GLYCONAVI_NAME; PUBDICT_GLYCONAVI_ABBREV	
Lewis antigens	Lewis-type structures; Lewis type glycans; Lewis blood group antigens					3A				EOG_VARKI_4E	Some Lewis blood group antigens have important functions in selectin-dependent leukocyte extravasation and tumor cell metastasis.
lipoglycan						3A				EOG_VARKI_4E	
lipophosphoglycan		LPG				3A				EOG_VARKI_4E	Virtually every known glycoconjugate of Leishmania shows some intersection with the LPG biosynthetic pathway.
Monosialodihexosylganglioside		GM3			II3NeuAc LacCer; Hematoside	3A	G91237TK			SUGARBIND; PUBDICT_GLYCAN_MOTIF	In this nomenclature, G refers to ganglioside series, the second letter refers to the number of sialic acid residues (mono, di, tri, quattro [or tetra], penta, etc.), and the number (1, 2, 3, etc.) refers to the order of migration of the ganglioside on thin-layer chromatography (TLC) (e.g., GM3 > GM2 > GM1) with respect to the starting point.
mucin-type O-glycans						3A				EOG_VARKI_4E; GSD_GLYGEN_V0	
N-glycans	asparagine–N-linked glycan; N-linked; N-linked oligosaccharide; N-glycan					3A	G78059CC; G90889KG; G28330DZ; G00027MO	GSD000131		EOG_VARKI_4E; GSD_GLYGEN_V0; SUGARBIND; PUBDICT_MOTIF_GTC	N-Glycans are covalently attached to protein at asparagine (Asn) residues by an N-glycosidic bond.
Neolactohexosylceramide		NLc6				3A	G84034JH			SUGARBIND; PUBDICT_GLYCAN_MOTIF	
O-GalNAc core structures	O-GalNAc cores					3A				EOG_VARKI_4E	
O-GalNAc glycans						3A				EOG_VARKI_4E	Mucins are the class of glycoproteins carrying the greatest number of O-GalNAc glycans (also called mucin-type O-glycans), but this posttranslational modification is common among many glycoproteins.
O-glycan						3A		GSD000139		GSD_GLYGEN_V0	Mucins are the class of glycoproteins carrying the greatest number of O-GalNAc glycans (also called mucin-type O-glycans), but this posttranslational modification is common among many glycoproteins.
O-glycans	O-linked oligosaccharide					3A				EOG_VARKI_4E	Mucins are the class of glycoproteins carrying the greatest number of O-GalNAc glycans (also called mucin-type O-glycans), but this posttranslational modification is common among many glycoproteins.
O-xylose-linked glycosaminoglycan	O-xylose-linked GAG chains					3A				EOG_VARKI_4E	
P blood group antigens						3A				EOG_VARKI_4E	
Pentasaccharide N-linked glycan core		3a			6a-mannopentaose; 3a,6a-mannopentaose	3A	G20624LQ			SUGARBIND; PUBDICT_GLYCAN_MOTIF	
seminolipid						3A	G72548RZ; G95090DW	GSD000147	GlycoMotif:GGM.000062; GlycoMotif:GDV.000050	GSD_GLYGEN_V0; SUGARBIND; CUMMINGS; GLYCOMOTIF_GGM; GLYCOMOTIF_GDV; PUBDICT_GLYCAN_MOTIF	
sialylated glycosphingolipid						3A				EOG_VARKI_4E	
Sulf-gangliotetraosyl ceramide						3A	G96614JE			SUGARBIND	
α(2-6)sialylÂ_ lactotetraosylceramide						3A				PUBDICT_GLYCONAVI_NAME	
2'-fucosyllactose						3B				EOG_VARKI_4E	
2-Deoxyglucose						3B				PUBDICT_GLYCONAVI_NAME	Early studies with 2-deoxyglucose showed that the analog was converted to UDP-2-deoxyglucose, as well as to GDP-2-deoxyglucose and dolichol-P-2-deoxyglucose.
2-Deoxyribose						3B				PUBDICT_GLYCONAVI_NAME	
3-O-sulfated galactose	3-O-sulfated Gal					3B				EOG_VARKI_4E	
3-O-sulfated GlcNS6S						3B				EOG_VARKI_4E	
6-O-sulfated glucosamine						3B				EOG_VARKI_4E	A family of plasma membrane endosulfatases (SULFs) can remove sulfate groups from internal 6-O-sulfated glucosamine residues in heparan sulfate and a heparanase can cleave the chains at limited sites.
6-sialyl GalNAc					sialyl Tn antigen; 6-Sialyl LN (type 1); 6-Sialyl LN (type 2)	3B	G08371CD; G73708UL	GSD000009	GlycoMotif:GGM.000035; GlycoMotif:GDV.000119; GlycoMotif:CCRC.000035	GSD_GLYGEN_V0; GLYCOMOTIF_GGM; GLYCOMOTIF_GDV; GLYCOMOTIF_CCRC; PUBDICT_GLYCAN_MOTIF	
9-O-acetyl sialic acid						3B	G47325QT	GSD000013		GSD_GLYGEN_V0; PUBDICTIONARIES-GLYCAN-IMAGE; GLYCOEPITOPE; PUBDICT_GLYCAN_MOTIF; PUBDICT_GLYCOSMOS	
9-O-acetylated sialic acid	9-O-acetylated Sia; 9-O-Ac-Sia; 9-O-acetylated-SA					3B				EOG_VARKI_4E	As such, it is the sialytransferase-mediated delivery of 9-O-acetylated sialic to acceptor substrates that leads to the 9-O-acetylated glycoconjugates observed. 9-O-acetylated sialic acid plays a role in CD22 signaling, a process regulated by the opposing action of a sialate 9-O-acetylesterase (SIAE).
Abequose						3B				PUBDICT_GLYCONAVI_NAME	
Acosamine						3B				PUBDICT_GLYCONAVI_NAME	
Allose						3B				PUBDICT_GLYCONAVI_NAME	
Altrose						3B				PUBDICT_GLYCONAVI_NAME	
Amicetose						3B				PUBDICT_GLYCONAVI_NAME	
Apiose						3B				PUBDICT_GLYCONAVI_NAME	For instance, apiose is a component of the polysaccharide apiogalacturonan of L. minor, and strepose is a component of the antibiotic streptomycin, produced by Streptomyces griseus.
Arabinose						3B				PUBDICT_GLYCONAVI_NAME	
Arcanose						3B				PUBDICT_GLYCONAVI_NAME	
Ascarylose						3B				PUBDICT_GLYCONAVI_NAME	
Bacillosamine						3B				PUBDICT_GLYCONAVI_NAME	
Beta Galoctose						3B	G65889KE			PUBDICT_GLYCAN_MOTIF	
Beta-linked galactose						3B	G65889KE			SUGARBIND	
Boivinose						3B				PUBDICT_GLYCONAVI_NAME	
cellobiose						3B	G55560AP			EOG_VARKI_4E; PUBDICTIONARIES-GLYCAN-IMAGE; PUBDICT_GLYCOSMOS; PUBDICT_GLYCONAVI_NAME	
cellotriose						3B	G50026IZ			PUBDICTIONARIES-GLYCAN-IMAGE; PUBDICT_GLYCOSMOS; PUBDICT_GLYCONAVI_NAME	
Chacotriose						3B				PUBDICT_GLYCONAVI_NAME	
Chalcose						3B				PUBDICT_GLYCONAVI_NAME	
Chitobios						3B	G07982RO			SUGARBIND; PUBDICT_GLYCAN_MOTIF	In many other species, splitting of the chitobiose linkage (GlcNAcβ1-4GlcNAc) uses the β-N-acetylhexosaminidase, mentioned below, as the last step in degradation.
chitobiose						3B				EOG_VARKI_4E	In many other species, splitting of the chitobiose linkage (GlcNAcβ1-4GlcNAc) uses the β-N-acetylhexosaminidase, mentioned below, as the last step in degradation.
Cladinose						3B				PUBDICT_GLYCONAVI_NAME	
Colitose						3B				PUBDICT_GLYCONAVI_NAME	
Cymarose						3B				PUBDICT_GLYCONAVI_NAME	
D-Fucitol						3B				PUBDICT_GLYCONAVI_NAME	
D-Galactosaminitol						3B				PUBDICT_GLYCONAVI_NAME	
Daunosamine						3B				PUBDICT_GLYCONAVI_NAME	
Desosamine						3B				PUBDICT_GLYCONAVI_NAME	
di-N-acetylbacillosamine		diNAcBac				3B				EOG_VARKI_4E	This alternate pathway has been thoroughly characterized in Neisseria species, in which multiple proteins (including pilin) are glycosylated with an oligosaccharide containing diNAcBac (or variants such as glyceramidoacetamidotrideoxyhexose or diacetamidodideoxyglucopyranose) at the reducing end, the same carbohydrate attached to Asn residues by the C. jejuni N-glycosylation pathway.
Diginose						3B				PUBDICT_GLYCONAVI_NAME	
Digitalose						3B				PUBDICT_GLYCONAVI_NAME	
Digitoxose						3B				PUBDICT_GLYCONAVI_NAME	
Disialylactose		DiSai				3B	G97569KL			SUGARBIND; PUBDICT_GLYCAN_MOTIF	
Erythrose						3B				PUBDICT_GLYCONAVI_NAME	
Erythrulose						3B				PUBDICT_GLYCONAVI_NAME	
Evalose						3B				PUBDICT_GLYCONAVI_NAME	
Evernitrose						3B				PUBDICT_GLYCONAVI_NAME	
Forosamine						3B				PUBDICT_GLYCONAVI_NAME	
Fructose						3B				PUBDICT_GLYCONAVI_NAME	For example, people who lack fructoaldolase (aldolase B) accumulate fructose-1-phosphate, which ultimately causes ATP depletion and disrupts glycogen metabolism.
Fucosamine						3B				PUBDICT_GLYCONAVI_NAME	
Fucose		Fuc		L-Fucose		3B	G82576YO			SUGARBIND; PUBDICT_GLYCAN_MOTIF; PUBDICT_GLYCONAVI_NAME	GDP-Fuc can also be synthesized directly from fucose.
galabiose		Ga2	Digalactoside			3B	G62763GO			EOG_VARKI_4E; SUGARBIND; PUBDICT_GLYCAN_MOTIF; PUBDICT_GLYCONAVI_NAME; PUBDICT_GLYCONAVI_ABBREV	
Galactosamine						3B				PUBDICT_GLYCONAVI_NAME	Depressing glucosamine production in this way has a pleiotropic effect on glycan assembly because all of the major families contain N-acetylglucosamine or N-acetylgalactosamine.
Galactose		Gal				3B	G68158BT; G65889KE; G99053DY			SUGARBIND; PUBDICT_GLYCAN_MOTIF; PUBDICT_GLYCONAVI_NAME	The most common form of galactosemia is caused by a deficiency of galactose-1-phosphate uridyltransferase (GALT).
galactose 3-O-sulfate						3B	G40843KY			PUBDICTIONARIES-GLYCAN-IMAGE; GLYCOEPITOPE; PUBDICT_GLYCAN_MOTIF; PUBDICT_GLYCOSMOS	
Galactose beta1		Gal beta1				3B	G68158BT			SUGARBIND; PUBDICT_GLYCAN_MOTIF	
GalNAc						3B	G39738WL			PUBDICT_GLYCOSMOS	An alternative is a chain composed of LacdiNAc glycan units [-3GalNAcβ1-4GlcNAcβ1-]n generated by the action of a β1-4GalNAc-transferase.
Garosamine						3B				PUBDICT_GLYCONAVI_NAME	
gellan						3B	G41181BF			PUBDICTIONARIES-GLYCAN-IMAGE; PUBDICT_GLYCOSMOS	
Gentianose						3B				PUBDICT_GLYCONAVI_NAME	
gentiobiose						3B	G47329OU			PUBDICTIONARIES-GLYCAN-IMAGE; PUBDICT_GLYCOSMOS; PUBDICT_GLYCONAVI_NAME	
Glucosamine						3B				PUBDICT_GLYCONAVI_NAME	Claims that glucosamine improves osteoarthritis symptoms and restores partially the structure of the eroded cushion in the knees are controversial.
Glucosaminitol						3B				PUBDICT_GLYCONAVI_NAME	
Glucose		Glc		D-Glucose		3B	G15021LG			SUGARBIND; PUBDICT_GLYCAN_MOTIF; PUBDICT_GLYCONAVI_NAME	Glycogen is synthesized by the addition of single glucose units from UDP-Glc, and it is degraded by glycogen phosphorylase.
Glyceraldehyde						3B				PUBDICT_GLYCONAVI_NAME	Structures of glyceraldehyde and dihydroxyacetone.
Glycerone						3B				PUBDICT_GLYCONAVI_NAME	
GN						3B				PUBDICT_GLYCONAVI_NAME	For example, in the widely used nomenclature of Svennerholm, the ganglioside Galβ1-3GalNAcβ1-4(Neu5Acα2-3)Galβ1-4GlcβCer is designated “GM1” (Figure 11.3).
Gulose						3B				PUBDICT_GLYCONAVI_NAME	
Hamamelose						3B				PUBDICT_GLYCONAVI_NAME	
Idose						3B				PUBDICT_GLYCONAVI_NAME	
isomaltose						3B	G36281WI			PUBDICTIONARIES-GLYCAN-IMAGE; PUBDICT_GLYCOSMOS; PUBDICT_GLYCONAVI_NAME	
isopanose						3B	G37117TJ			PUBDICTIONARIES-GLYCAN-IMAGE; PUBDICT_GLYCOSMOS; PUBDICT_GLYCONAVI_NAME	
Kanosamine						3B				PUBDICT_GLYCONAVI_NAME	
Kansosamine						3B				PUBDICT_GLYCONAVI_NAME	
Kojibiose						3B				PUBDICT_GLYCONAVI_NAME	
L-Fucitol						3B				PUBDICT_GLYCONAVI_NAME	
Lac						3B	G84224TW			PUBDICT_GLYCOSMOS; PUBDICT_GLYCONAVI_NAME; PUBDICT_GLYCONAVI_ABBREV	The LacNAc units can sometimes be repeated, giving extended poly-N-acetyllactosamines (sometimes incorrectly called “polylactosamines”) (Chapter 14).
lactose						3B	G15541SE			PUBDICTIONARIES-GLYCAN-IMAGE; PUBDICT_GLYCOSMOS; PUBDICT_GLYCONAVI_NAME; PUBDICT_GLYCONAVI_ABBREV	However, even these diets do not prevent unexplained long-term complications, which include speech and learning disabilities and ovarian failure in females with galactosemia.
Lactotetraose	Lacto-N-tetraose	LNT				3B	G45827GY			SUGARBIND; PUBDICT_GLYCAN_MOTIF; PUBDICT_GLYCONAVI_NAME; PUBDICT_GLYCONAVI_ABBREV	This disaccharide is a substrate for an N-acetylgalactosaminyltransferase (B3GALNT2) that adds β1-3GalNAc to the GlcNAc.
Laminarabiose						3B				PUBDICT_GLYCONAVI_NAME	
Levoglucosan						3B				PUBDICT_GLYCONAVI_NAME	
Lyxose						3B				PUBDICT_GLYCONAVI_NAME	
maltose						3B	G44653LT			PUBDICTIONARIES-GLYCAN-IMAGE; PUBDICT_GLYCOSMOS; PUBDICT_GLYCONAVI_NAME	
Mannosamine						3B				PUBDICT_GLYCONAVI_NAME	Mannosamine acts as a metabolic inhibitor that inhibits GPI anchor formation both in Trypanosoma brucei and in mammalian cells by the formation of ManNH2-Man-GlcNH2-PI.
Mannose		Man		Alpha-linked mannose		3B	G70323CJ			SUGARBIND; PUBDICT_GLYCAN_MOTIF; PUBDICT_GLYCONAVI_NAME	W, tryptophan; S, serine; T, threonine; X, (more...) O-Mannose α-linked to protein was first identified in yeast in the 1950s (Chapter 23).
Mannotriose						3B	G17780OR; G47395XN; G28528AG			SUGARBIND	
Manα1-3Man disaccharide						3B				EOG_VARKI_4E	
melibiose						3B	G66481II; G86123DJ			PUBDICTIONARIES-GLYCAN-IMAGE; SUGARBIND; PUBDICT_GLYCOSMOS; PUBDICT_GLYCONAVI_NAME	
Muramic acid						3B				PUBDICT_GLYCONAVI_NAME	It usually consists of N-acetyl-L-talosaminuronic acid linked via a β1-3 linkage to N-acetyl-D-glucosamine, unlike murein, which contains alternating N–acetylmuramic acids linked via β1-4 linkage to GlcNAc.
Mycaminose						3B				PUBDICT_GLYCONAVI_NAME	
Mycarose						3B				PUBDICT_GLYCONAVI_NAME	
Mycinose						3B				PUBDICT_GLYCONAVI_NAME	
Mycosamine						3B				PUBDICT_GLYCONAVI_NAME	
N-acetyl-D-galactosamine		GalNAc				3B	G61418DU			SUGARBIND; PUBDICT_GLYCAN_MOTIF	An alternative is a chain composed of LacdiNAc glycan units [-3GalNAcβ1-4GlcNAcβ1-]n generated by the action of a β1-4GalNAc-transferase.
N-acetylgalactosamine		GalNAc				3B	G27025MB			SUGARBIND; PUBDICT_GLYCAN_MOTIF	An alternative is a chain composed of LacdiNAc glycan units [-3GalNAcβ1-4GlcNAcβ1-]n generated by the action of a β1-4GalNAc-transferase.
N-acetylglucosamine		GlcNAc				3B	G64581RP			SUGARBIND; PUBDICT_GLYCAN_MOTIF	N-acetylglucosamine N-deacetylase/N-sulfotransferases (NDST1-4) act on a subset of N-acetylglucosamine residues to generate N-sulfated glucosamine (GlcNSO3) units, many of which occur in clusters along the chain.
N-acetylneuraminic acid		NANA; NeuAc	Sialic Acid			3B	G81533KY; G50850NI			SUGARBIND; PUBDICT_GLYCAN_MOTIF	Although 5-N-acetylneuraminic acid (Neu5Ac, sometimes called “NANA”) is the most common sialic acid (Sia) in humans, the Sia family is comprised of related structures (Figure 15.1) that vary at the C-5 carbon, including 5-N-glycolylneuraminic acid (Neu5Gc) and 3-deoxy-D-glycero-D-galacto-non-2-ulosonic acid (also known as 3-deoxy-nonulosonic acid, 2-keto-3-deoxy-nononic acid, or Kdn) with a hydrox...
Neu5Ac						3B	G81533KY; G76685HR			PUBDICT_GLYCAN_MOTIF; PUBDICT_GLYCOSMOS	The evolutionary advantage of excluding Neu5Gc from this vital organ is unknown but may relate to selection pressure by unknown pathogens and/or selective roles of Neu5Ac in optimal brain development and function.
NeuAc						3B	G76685HR			PUBDICT_GLYCOSMOS	
NeuGca2-3I						3B	G72494BI			SUGARBIND	
NeuNAc						3B	G76685HR			PUBDICT_GLYCOSMOS	
Neuraminic acid						3B				PUBDICT_GLYCONAVI_NAME	Chemical structure of sialic acid (Neu5Ac, 2-deoxy-2,3-dehydro-N-acetyl neuraminic acid), DANA; 4-amino-DANA; 4-guanidino-DANA (Relenza, zanamivir); (3R, 4R, 5S)-4-acetamido-5-amino-3-(1-ethylpropoxyl)-1-cyclohexane-1-carboxylic (more...) A visual inspection of the X-ray structure of influenza neuraminidase with DANA bound showed that two glutamate residues lined a pocket near carbon 4 of the sial...
Nigerose						3B				PUBDICT_GLYCONAVI_NAME	
Nojirimycin						3B				PUBDICT_GLYCONAVI_NAME	N-Butylation of deoxynojirimycin makes this glucosidase inhibitor an inhibitor of glycolipid biosynthesis, which is discussed in more detail further below.
Noviose						3B				PUBDICT_GLYCONAVI_NAME	
O-acetylated sialic acids	O-acetylated Sias	O-Ac-SA				3B				EOG_VARKI_4E	
O-linked Glc-Gal disaccharide	O-Linked Glc-Gal					3B				EOG_VARKI_4E	O-Linked Glc-Gal disaccharides are added to hydroxylysine residues and play an important role in collagen fibril formation.
O-Mannose						3B	G23707SD; G70323CJ		GlycoMotif:GGM.001019	GLYCOMOTIF_GGM; PUBDICT_GLYCAN_MOTIF	W, tryptophan; S, serine; T, threonine; X, (more...) O-Mannose α-linked to protein was first identified in yeast in the 1950s (Chapter 23).
Oleandrose						3B				PUBDICT_GLYCONAVI_NAME	
oligogalacturonides						3B				EOG_VARKI_4E	
oligoglucosides						3B				EOG_VARKI_4E	
panose						3B	G44612JM			PUBDICTIONARIES-GLYCAN-IMAGE; PUBDICT_GLYCOSMOS; PUBDICT_GLYCONAVI_NAME	
Paratose						3B				PUBDICT_GLYCONAVI_NAME	
Perosamine						3B				PUBDICT_GLYCONAVI_NAME	
Planteose						3B				PUBDICT_GLYCONAVI_NAME	
Pneumosamine						3B				PUBDICT_GLYCONAVI_NAME	
primeverose						3B	G82276DL			PUBDICTIONARIES-GLYCAN-IMAGE; PUBDICT_GLYCOSMOS; PUBDICT_GLYCONAVI_NAME	
Psicose						3B				PUBDICT_GLYCONAVI_NAME	
Purpurosamine C						3B				PUBDICT_GLYCONAVI_NAME	
Quinovosamine						3B				PUBDICT_GLYCONAVI_NAME	
Quinovose						3B				PUBDICT_GLYCONAVI_NAME	
Rhamnitol						3B				PUBDICT_GLYCONAVI_NAME	
Rhamnosamine						3B				PUBDICT_GLYCONAVI_NAME	
Rhamnose						3B				PUBDICT_GLYCONAVI_NAME	Bacterial saccharides consist of diverse monosaccharides (Chapter 2) including 6-deoxy-hexoses like L-rhamnose or L-fucose as well as rare sugars that are often found at the terminal position of the oligosaccharide–lipid acceptors.
Rhodinose						3B				PUBDICT_GLYCONAVI_NAME	
Rhodosamine						3B				PUBDICT_GLYCONAVI_NAME	
Ribose						3B				PUBDICT_GLYCONAVI_NAME	Deoxygenation of ribose within a ribonucleotide to form the 2-deoxyribonucleotide is a critical reaction in DNA biosynthesis.
Ribulose						3B				PUBDICT_GLYCONAVI_NAME	
rutinose						3B	G68857PG			PUBDICTIONARIES-GLYCAN-IMAGE; PUBDICT_GLYCOSMOS; PUBDICT_GLYCONAVI_NAME	
Sai2-3Gal						3B	G77824XV; G30207PZ			SUGARBIND	
Sarmentose						3B				PUBDICT_GLYCONAVI_NAME	
Sedoheptulosan						3B				PUBDICT_GLYCONAVI_NAME	
Sedoheptulose						3B				PUBDICT_GLYCONAVI_NAME	
Sialic Acid						3B	G81533KY			PUBDICT_GLYCAN_MOTIF	Sialic acids (Sias) and other nonulosonic acids (NulOs).
Solatriose						3B				PUBDICT_GLYCONAVI_NAME	
Sophorose						3B				PUBDICT_GLYCONAVI_NAME	
Sorbose						3B				PUBDICT_GLYCONAVI_NAME	
Streptose						3B				PUBDICT_GLYCONAVI_NAME	
Sucrose						3B				PUBDICT_GLYCONAVI_NAME	Sucrose is the dominant transport carbohydrate for distributing the energy obtained by photosynthesis throughout the plant, in particular to nonphotosynthetic organs such as roots.
Tagatose						3B				PUBDICT_GLYCONAVI_NAME	
Talose						3B				PUBDICT_GLYCONAVI_NAME	
Threose						3B				PUBDICT_GLYCONAVI_NAME	
Trehalosamine						3B				PUBDICT_GLYCONAVI_NAME	
Turanose						3B				PUBDICT_GLYCONAVI_NAME	
Tyvelose						3B				PUBDICT_GLYCONAVI_NAME	
Xylose						3B				PUBDICT_GLYCONAVI_NAME	Biosynthesis of UDP-xylose and the branched sugar donor UDP-apiose from UDP-GlcA.
xyloside						3B				EOG_VARKI_4E	In general, cells incubated with xylosides secrete large amounts of individual glycosaminoglycan chains and accumulate proteoglycans containing truncated chains.
Xylulose						3B				PUBDICT_GLYCONAVI_NAME	
α,α-Trehalose						3B				PUBDICT_GLYCONAVI_NAME	
β-D-xyloside						3B				EOG_VARKI_4E	The success of β-D-xylosides in altering proteoglycan biosynthesis suggested that other glycosides might function similarly (Figure 55.5).
β-linked lactose						3B	G84224TW			PUBDICTIONARIES-GLYCAN-IMAGE	
As-Fibrinogen						3C				BIOOLIGO	
asialo-, agalacto-N-glycan from porcine fibrinogen						3C				BIOOLIGO	
Aspergillus fumigatus GPI oligosaccharide						3C				EOG_VARKI_4E	
di-sialylated N-glycan from porcine fibrinogen						3C				BIOOLIGO	
Galactosyl lactose						3C				BIOOLIGO	
Human milk oligosaccharide core	Milk Sugar Core		Human milk oligosaccharide			3C	G15541SE		GlycoMotif:GGM.001029	GLYCOMOTIF_GGM	
keratan sulfate–related glycan antigens	KS–related antigens					3C				EOG_VARKI_4E	
Leishmania lipophosphoglycan repeat unit						3C				EOG_VARKI_4E	
Leukocyte common antigen	CD45	LCA				3C	G78436BB; G50850NI			SUGARBIND; PUBDICT_GLYCAN_MOTIF	
Leukosialin	Sialophorin; CD43	SPN				3C	G78436BB; G50850NI			SUGARBIND; PUBDICT_GLYCAN_MOTIF	
MECA-79						3C	G22976NF			PUBDICT_GLYCAN_MOTIF	In contrast, the MECA-79 antibody recognizes extended core-1 O-glycans that contain internal GlcNAc-6-O-sulfate residues; it does not require either the fucose or sialic acid for recognition, but it does require the core-1 O-glycan.
Mono-sialylated N-glycan from porcine fibrinogen						3C				BIOOLIGO	
multiantennary complex-type N-glycan	multiantennary complex-type					3C				EOG_VARKI_4E	
N-glycan mixture from horseradish peroxidase						3C				BIOOLIGO	
O-GalNAc-linked sialoglycans						3C				EOG_VARKI_4E	
O-GlcNAc Core EGF Type						3C	G66213AR		GlycoMotif:GGM.001040	GLYCOMOTIF_GGM	
O-mannosyl glycan / mammalian						3C	G59126YU; G41959YC			PUBDICTIONARIES-GLYCAN-IMAGE; GLYCOEPITOPE; PUBDICT_GLYCAN_MOTIF	
O-mannosyl glycan / yeast						3C	G25559RS; G63072CF			PUBDICTIONARIES-GLYCAN-IMAGE; GLYCOEPITOPE; PUBDICT_GLYCAN_MOTIF	
tri-sialylated N-glycan from porcine fibrinogen						3C				BIOOLIGO	
2'F-A type 2						X				PUBDICT_GLYCONAVI_NAME; PUBDICT_GLYCONAVI_ABBREV	
2'F-B type 2						X				PUBDICT_GLYCONAVI_NAME; PUBDICT_GLYCONAVI_ABBREV	
Ascorbic acid						X				PUBDICT_GLYCONAVI_NAME	
cytolipin K						X	G00061MO	GSD000088	GlycoMotif:GGM.000070	GSD_GLYGEN_V0	
Glycerol						X				PUBDICT_GLYCONAVI_NAME	Glycoglycerolipids are distinguished from GSLs by their lipid, having glycans linked to the C-3 hydroxyl of diacylglycerol or alkyl(acyl)glycerol (Figure 11.1).
H3						X	G66086EX			SUGARBIND; PUBDICT_GLYCONAVI_NAME; PUBDICT_GLYCONAVI_ABBREV	
Isolevoglucosenone						X				PUBDICT_GLYCONAVI_NAME	
Levoglucosenone						X				PUBDICT_GLYCONAVI_NAME	
Tartaric acid						X				PUBDICT_GLYCONAVI_NAME	
