term_uuid	lbl	KEEP	gtc_ids	n_sources	n_distinct_src_lbls	distinct_src_lbls	exact_synonyms	definition	classification	sources	REVIEW_ACTION	SPLIT_INTO_LABELS	NOTES
GSD:1a7f2317-70ce-4ef7-a66e-608befdba9dd	(Man)2-GlcNAc	TRUE		1	1	(Man)2-GlcNAc			N-linked oligos	SRC:BIOOLIGO|(Man)2-GlcNAc			
GSD:0158ab4d-f82e-4732-9069-bc9aab92ea7a	(Man)3a	TRUE		2	2	(Man)3a; Man a1-3 (Man a1-6) Man			N-linked oligos	SRC:BIOOLIGO|(Man)3a; SRC:BIOOLIGO|Man a1-3 (Man a1-6) Man			
GSD:40930df1-fbff-4a12-86b8-e9bac17a9d1c	(Man)3b	TRUE		1	1	(Man)3b			N-linked oligos	SRC:BIOOLIGO|(Man)3b			
GSD:faf597d7-a27f-4e58-80e6-e2b21d06052d	(Man)4	TRUE		1	1	(Man)4			N-linked oligos	SRC:BIOOLIGO|(Man)4			
GSD:f5e0334e-63bf-49d8-8860-3d607d53d090	(Man)4-(Fuc)-GlcNAc	TRUE		1	1	(Man)4-(Fuc)-GlcNAc			N-linked oligos	SRC:BIOOLIGO|(Man)4-(Fuc)-GlcNAc			
GSD:f89f818f-e605-4c23-a45e-444eddd0eb1b	(Man)5-OMe	TRUE		1	1	(Man)5-OMe			N-linked oligos	SRC:BIOOLIGO|(Man)5-OMe			
GSD:b115b40e-fdf0-573a-9549-0ec68f296584	1-4-linked α-L-guluronic acid	TRUE		1	1	1-4-linked α-L-guluronic acid	1-4-linked α-L-GulpA		Polysaccharide Repeating Unit	SRC:EOG_VARKI_4E|1-4-linked α-L-guluronic acid			
GSD:28b652e2-5923-5c29-96f1-988d8d23c5e6	1-4-linked β-D-mannuronic acid	TRUE		1	1	1-4-linked β-D-mannuronic acid	1-4-linked β-D-ManpA		Polysaccharide Repeating Unit	SRC:EOG_VARKI_4E|1-4-linked β-D-mannuronic acid			
GSD:314e1876-984f-4765-9285-f799e4d8f5a3	2'FL	TRUE		2	1	2'FL				SRC:PUBDICT_GLYCONAVI_ABBREV|2'FL; SRC:PUBDICT_GLYCONAVI_NAME|2'FL			
GSD:e9b1ae37-8e37-4a2d-8ede-afb838162591	2,6-branched O-mannose	TRUE	G56868BH; G06953DR	5	2	2,6-Branched O-mannose; 2,6-branched O-mannose	2,6-branched O-mannosyl glycan	(2S,4S,5R,6R)-5-Acetamido-2-[(2S,3R,4S,5S,6R)-2-[(2R,3S,4R,5R,6R)-5-acetamido-6-[[(2R,3S,4S,5S,6S)-5-[(2S,3R,4R,5S,6R)-3-acetamido-5-[(2S,3R,4S,5S,6R)-4-[(2S,4S,5R,6R)-5-acetamido-2-carboxy-4-hydroxy-6-[(1R,2R)-1,2,3-trihydroxypropyl]oxan-2-yl]oxy-3,5-dihydroxy-6-(hydroxymethyl)oxan-2-yl]oxy-4-hydroxy-6-(hydroxymethyl)oxan-2-yl]oxy-3,4,6-trihydroxyoxan-2-yl]methoxy]-4-hydroxy-2-(hydroxymethyl)o...	GlycoMotif GGM motif	SRC:CUMMINGS|2,6-Branched O-mannose; SRC:GLYCOMOTIF_GDV|2,6-Branched O-mannose; SRC:GLYCOMOTIF_GGM|2,6-Branched O-mannose; SRC:GSD_GLYGEN_V0|2,6-branched O-mannose; SRC:PUBDICT_GLYCAN_MOTIF|2,6-Branched O-mannose			
GSD:510a134d-1712-472b-a50e-fea8e0d434f2	2-3 sialyl-lacto-N-tetraose	TRUE	G21066IE	4	2	2-3 Sialyl-Lacto-N-Tetraose; 2-3 sialyl-lacto-N-tetraose				SRC:GLYCOEPITOPE|2-3 Sialyl-Lacto-N-Tetraose; SRC:PUBDICTIONARIES-GLYCAN-IMAGE|2-3 sialyl-lacto-N-tetraose; SRC:PUBDICT_GLYCAN_MOTIF|2-3 Sialyl-Lacto-N-Tetraose; SRC:PUBDICT_GLYCOSMOS|2-3 Sialyl-Lacto-N-Tetraose			
GSD:91dd3f7a-c0ee-40d4-b499-630f1967b1ed	2-6 sialyl i-Lewis x	TRUE	G93855LZ	5	3	2-6 Sialyl i-Lewis x; 2-6 sialyl i-Lewis x; 2-6 Sialyl Lewis x				SRC:GLYCOEPITOPE|2-6 Sialyl i-Lewis x; SRC:PUBDICTIONARIES-GLYCAN-IMAGE|2-6 sialyl i-Lewis x; SRC:PUBDICT_GLYCAN_MOTIF|2-6 Sialyl Lewis x; SRC:PUBDICT_GLYCAN_MOTIF|2-6 Sialyl i-Lewis x; SRC:PUBDICT_GLYCOSMOS|2-6 Sialyl i-Lewis x			
GSD:3f9ba86a-adb1-418c-92fd-6ff0689a13c1	2-6 Sialyl-LacNAc-Gal	TRUE	G03509EL	3	1	2-6 Sialyl-LacNAc-Gal				SRC:GLYCOEPITOPE|2-6 Sialyl-LacNAc-Gal; SRC:PUBDICT_GLYCAN_MOTIF|2-6 Sialyl-LacNAc-Gal; SRC:PUBDICT_GLYCOSMOS|2-6 Sialyl-LacNAc-Gal			
GSD:996dbe5c-9f1d-4621-91b4-40768552f7de	2-6 sialylparagloboside	TRUE	G83513YI	6	3	2-6 Sialylparagloboside; 2-6 sialylparagloboside; Sialylparagloboside	NeuAca2-6PG; IV6(NeuAc)nLc4Cer		Glycosphingolipid	SRC:GLYCOEPITOPE|2-6 Sialylparagloboside; SRC:PUBDICTIONARIES-GLYCAN-IMAGE|2-6 sialylparagloboside; SRC:PUBDICT_GLYCAN_MOTIF|2-6 Sialylparagloboside; SRC:PUBDICT_GLYCAN_MOTIF|Sialylparagloboside; SRC:PUBDICT_GLYCOSMOS|2-6 Sialylparagloboside; SRC:SUGARBIND|Sialylparagloboside			
GSD:3b67a794-e241-56bb-b993-661b1a47f3ef	2-6-branch of complex N-glycans	TRUE	G56868BH	2	1	2-6-branch of complex N-glycans	2-6-branch		Named Functional Motif	SRC:EOG_VARKI_4E|2-6-branch of complex N-glycans; SRC:TERMS_GLYGEN_CURATORS|2-6-branch of complex N-glycans			
GSD:9d4213ac-8c01-436a-82fc-31f84645bf00	2-9,2-6 disialyllactosylceramide	TRUE	G30187JM	5	3	2-9, 2-6 Disialyllactosylceramide; 2-9,2-6 Disialyllactosylceramide; 2-9,2-6 disialyllactosylceramide				SRC:GLYCOEPITOPE|2-9,2-6 Disialyllactosylceramide; SRC:PUBDICTIONARIES-GLYCAN-IMAGE|2-9,2-6 disialyllactosylceramide; SRC:PUBDICT_GLYCAN_MOTIF|2-9, 2-6 Disialyllactosylceramide; SRC:PUBDICT_GLYCAN_MOTIF|2-9,2-6 Disialyllactosylceramide; SRC:PUBDICT_GLYCOSMOS|2-9,2-6 Disialyllactosylceramide			
GSD:cf144e2c-da64-4f46-9261-f1a6bccec2b0	2-Deoxyglucose	TRUE		1	1	2-Deoxyglucose				SRC:PUBDICT_GLYCONAVI_NAME|2-Deoxyglucose			
GSD:19b2bec1-9924-443f-a920-3d3fe6271ad6	2-Deoxyribose	TRUE		1	1	2-Deoxyribose				SRC:PUBDICT_GLYCONAVI_NAME|2-Deoxyribose			
GSD:68240b82-aec7-43a6-9f7c-7e9ef1c7e2cb	2-fucosyl GD1b	TRUE	G67383AR; G93694YU	6	2	2-fucosyl GD1b; 2-Fucosyl-GD1b		(2S,4S,5R,6R)-5-Acetamido-6-[(1S,2R)-2-[(2S,4S,5R,6R)-5-acetamido-2-carboxy-4-hydroxy-6-[(1R,2R)-1,2,3-trihydroxypropyl]oxan-2-yl]oxy-1,3-dihydroxypropyl]-2-[(2R,3S,4R,5R,6S)-3-[(2S,3R,4R,5R,6R)-3-acetamido-4-[(2R,3R,4S,5R,6R)-4,5-dihydroxy-6-(hydroxymethyl)-3-[(2S,3S,4R,5S,6S)-3,4,5-trihydroxy-6-methyloxan-2-yl]oxyoxan-2-yl]oxy-5-hydroxy-6-(hydroxymethyl)oxan-2-yl]oxy-5-hydroxy-2-(hydroxymethy...	GlycoMotif GGM motif	SRC:CUMMINGS|2-Fucosyl-GD1b; SRC:GLYCOMOTIF_CCRC|2-Fucosyl-GD1b; SRC:GLYCOMOTIF_GDV|2-Fucosyl-GD1b; SRC:GLYCOMOTIF_GGM|2-Fucosyl-GD1b; SRC:GSD_GLYGEN_V0|2-fucosyl GD1b; SRC:PUBDICT_GLYCAN_MOTIF|2-Fucosyl-GD1b			
GSD:e2e22b19-83c1-4c8b-999d-fe2fdff4941f	2-fucosyl GM1	TRUE	G56526JU; G91532KA	13	4	2-fucosyl GM1; 2-Fucosyl-GM1; Fucosyl GM1; fucosyl GM1	fucosyl GM1	(2S,4S,5R,6R)-5-Acetamido-2-[(2R,3S,4R,5R,6S)-3-[(2S,3R,4R,5R,6R)-3-acetamido-4-[(2R,3R,4S,5R,6R)-4,5-dihydroxy-6-(hydroxymethyl)-3-[(2S,3S,4R,5S,6S)-3,4,5-trihydroxy-6-methyloxan-2-yl]oxyoxan-2-yl]oxy-5-hydroxy-6-(hydroxymethyl)oxan-2-yl]oxy-5-hydroxy-2-(hydroxymethyl)-6-[(2R,3S,4R,5R)-4,5,6-trihydroxy-2-(hydroxymethyl)oxan-3-yl]oxyoxan-4-yl]oxy-4-hydroxy-6-[(1R,2R)-1,2,3-trihydroxypropyl]oxan...	Ganglioside sugars	SRC:BIOOLIGO|Fucosyl GM1; SRC:CUMMINGS|2-Fucosyl-GM1; SRC:GLYCOEPITOPE|Fucosyl GM1; SRC:GLYCOMOTIF_CCRC|2-Fucosyl-GM1; SRC:GLYCOMOTIF_GDV|2-Fucosyl-GM1; SRC:GLYCOMOTIF_GGM|2-Fucosyl-GM1; SRC:GSD_GLYGEN_V0|2-fucosyl GM1; SRC:PUBDICTIONARIES-GLYCAN-IMAGE|fucosyl GM1; SRC:PUBDICT_GLYCAN_MOTIF|2-Fucosyl-GM1; SRC:PUBDICT_GLYCAN_MOTIF|Fucosyl GM1; SRC:PUBDICT_GLYCONAVI_ABBREV|Fucosyl GM1; SRC:PUBDICT_GLYCONAVI_NAME|Fucosyl GM1; SRC:PUBDICT_GLYCOSMOS|Fucosyl GM1			
GSD:fc6555c3-b28b-449a-a73d-2bff9b83b386	2′-F-Di-LN	TRUE		1	1	2′-F-Di-LN			Miscellaneous (LDN-related oligosaccharides)	SRC:BIOOLIGO|2′-F-Di-LN			
GSD:2e12fd00-9fe3-4169-a058-bd25321cb9fc	2′-fluorine-3′-sialyl-N-acetyllactosamine	TRUE	G47812NS; G62593IS	2	2	2'-fluorine-3'-sialyl-N-acetyllactosamine; 2′-fluorine-3′-sialyl-N-acetyllactosamine	2′F-3′SiaLacNAc(1-3); 2′F-3′SiaLacNAc(1-4)			SRC:PUBDICT_GLYCAN_MOTIF|2'-fluorine-3'-sialyl-N-acetyllactosamine; SRC:SUGARBIND|2′-fluorine-3′-sialyl-N-acetyllactosamine			
GSD:10ae2b99-1d75-5290-a777-47b7b1fcaf32	2′-fucosyllactose	TRUE		1	1	2′-fucosyllactose			Disaccharide	SRC:EOG_VARKI_4E|2′-fucosyllactose			
GSD:a357412d-d20c-41b8-bec8-943295031c56	3'-sulfo Lewis a	TRUE	G78706CK; G14395NH; G36845IZ	15	9	3'-Sulfo Lea; 3'-Sulfo Lewis a; 3'-sulfo Lewis a; 3'-Sulfo-Lewis a; 3-Sulfo-Lewis a (30-Sulfo Lewis a); 30-Sulfo-Lewis a (30-Sulfo Lea); 3′ sulpho Lewis A; 3′-Sulfo-Lewis a; 3′-sulpho Lewis A [3S-Gal-3(Fuc)-GlcNAc]	3'-Sulfo-Lea; SuLe(a); 3'-sulpho-Le(a); 3-O-sulfo-Le(A); 3'-Sulfo Le^a; 3'-Sulfo Lea; 3'-Sulfo Lewis a; 3′-Sulfo Lea	A branched amino trisaccharide consisting of N-acetylglucosamine having a fucosyl residue attached at the 4-position via an α-linkage and a 3-sulfated galactosyl residue attached at the 3-position via a β-linkage.[CHEBI:65149]	Fucosylated oligosaccharides	SRC:BIOOLIGO|3′ sulpho Lewis A; SRC:BIOOLIGO|3′-sulpho Lewis A [3S-Gal-3(Fuc)-GlcNAc]; SRC:CUMMINGS|3′-Sulfo-Lewis a; SRC:GLYCOEPITOPE|3'-Sulfo Lewis a; SRC:GLYCOMOTIF_CCRC|3'-Sulfo-Lewis a; SRC:GLYCOMOTIF_GDV|3-Sulfo-Lewis a (30-Sulfo Lewis a); SRC:GLYCOMOTIF_GGM|3'-Sulfo-Lewis a; SRC:GSD_GLYGEN_V0|3'-sulfo Lewis a; SRC:PUBDICTIONARIES-GLYCAN-IMAGE|3'-sulfo Lewis a; SRC:PUBDICT_GLYCAN_MOTIF|3'-Sulfo Lea; SRC:PUBDICT_GLYCAN_MOTIF|3'-Sulfo Lewis a; SRC:PUBDICT_GLYCAN_MOTIF|3'-Sulfo-Lewis a; SRC:PUBDICT_GLYCAN_MOTIF|3-Sulfo-Lewis a (30-Sulfo Lewis a); SRC:PUBDICT_GLYCAN_MOTIF|30-Sulfo-Lewis a (30-Sulfo Lea); SRC:PUBDICT_GLYCOSMOS|3'-Sulfo Lewis a			
GSD:39e7e2f5-e7d7-46b9-ae09-650bbcb231f8	3'-Sulfo Lewis x	TRUE	G51907PX; G12295TB; G26555CS	5	4	3'-Sulfo Lewis x; 3'-Sulfo-Lewis x; 30-Sulfo-Lewis x (30-sulfo Lex)); 3′-Sulfo-Lewis x	3′-sulfo Lex; 3'-Sulfo Lewis x; 3'-sulfo Lex; 3'-sulfo Le^x		GlycoMotif GGM motif	SRC:CUMMINGS|3′-Sulfo-Lewis x; SRC:GLYCOEPITOPE|3'-Sulfo Lewis x; SRC:GLYCOMOTIF_CCRC|3'-Sulfo-Lewis x; SRC:GLYCOMOTIF_GGM|3'-Sulfo-Lewis x; SRC:PUBDICT_GLYCAN_MOTIF|30-Sulfo-Lewis x (30-sulfo Lex))			
GSD:3c0d59b6-d558-45d7-998e-ea6531a58295	3'-sulfo Lewis X	TRUE	G12295TB; G26555CS	10	8	3'-Sulfo Lewis x; 3'-sulfo Lewis X; 3'-sulfo Lewis x; 3'-sulfo Lex; 3'-Sulfo-Lewis x; 3-Sulfo-Lewis x (3-sulfo LewisX); 3′ sulfo Lewis X [3S-Gal-(Fuc)-GlcNAc]; 3′-su-Lewis x	3'-sulfo-Le(x); 3'-Sulfo Lewis x; 3'-sulfo Le^x; 3'-sulfo Lex	An amino trisaccharide that consists of N-acetyl-β-D-glucosamine having an α-L-fucosyl residue attached at position 3 and a 3-sulfated β-D-galactosyl residue attached at position 4; β-D-Galp3S-(1→4)-[α-L-Fucp-(1→3)]-D-GlcpNAc in which the configuration at the anomeric centre of the reducing-end residue is β. [CHEBI:65171]	Lewis antigens	SRC:BIOOLIGO|3′ sulfo Lewis X [3S-Gal-(Fuc)-GlcNAc]; SRC:BIOOLIGO|3′-su-Lewis x; SRC:GLYCOMOTIF_GDV|3-Sulfo-Lewis x (3-sulfo LewisX); SRC:GSD_GLYGEN_V0|3'-sulfo Lewis X; SRC:PUBDICTIONARIES-GLYCAN-IMAGE|3'-sulfo Lewis x; SRC:PUBDICT_GLYCAN_MOTIF|3'-Sulfo Lewis x; SRC:PUBDICT_GLYCAN_MOTIF|3'-Sulfo-Lewis x; SRC:PUBDICT_GLYCAN_MOTIF|3'-sulfo Lex; SRC:PUBDICT_GLYCAN_MOTIF|3-Sulfo-Lewis x (3-sulfo LewisX); SRC:PUBDICT_GLYCOSMOS|3'-Sulfo Lewis x			
GSD:bbf32d7b-5489-45cb-8bfb-4cd871452fe7	3'GN type1	TRUE	G17961XM	3	2	3'GN type1; Type 1 LN3			GlycoMotif GGM motif	SRC:GLYCOMOTIF_GDV|Type 1 LN3; SRC:GLYCOMOTIF_GGM|Type 1 LN3; SRC:PUBDICT_GLYCONAVI_ABBREV|3'GN type1			
GSD:f898955b-c4dc-4fde-962e-1129551106c1	3'GN type1	TRUE		1	1	3'GN type1				SRC:PUBDICT_GLYCONAVI_NAME|3'GN type1			
GSD:4e3ab171-f09f-45a7-9646-9acce1a64587	3'GN-Di-LN	TRUE		3	2	3'GN-Di-LN; 3'S-Di-LN				SRC:PUBDICT_GLYCONAVI_ABBREV|3'GN-Di-LN; SRC:PUBDICT_GLYCONAVI_ABBREV|3'S-Di-LN; SRC:PUBDICT_GLYCONAVI_NAME|3'GN-Di-LN			
GSD:675ffce8-7f72-4ebb-a95c-365d00d3029f	3'S-Di-LeA	TRUE		9	5	3'S-Di-LeA; 3'S-Di-Lec; 3'S-Di-Lex; Di-Lec; Di-Lex				SRC:PUBDICT_GLYCONAVI_ABBREV|3'S-Di-LeA; SRC:PUBDICT_GLYCONAVI_ABBREV|3'S-Di-Lec; SRC:PUBDICT_GLYCONAVI_ABBREV|3'S-Di-Lex; SRC:PUBDICT_GLYCONAVI_ABBREV|Di-Lec; SRC:PUBDICT_GLYCONAVI_NAME|3'S-Di-LeA; SRC:PUBDICT_GLYCONAVI_NAME|3'S-Di-Lec; SRC:PUBDICT_GLYCONAVI_NAME|3'S-Di-Lex; SRC:PUBDICT_GLYCONAVI_NAME|Di-Lec; SRC:PUBDICT_GLYCONAVI_NAME|Di-Lex			
GSD:4c3457af-58a9-4495-8649-59b807675824	3'S-Di-LN	TRUE		1	1	3'S-Di-LN				SRC:PUBDICT_GLYCONAVI_NAME|3'S-Di-LN			
GSD:d7c94252-d7ca-4c23-a64f-90a86fb0b912	3'SL (Gc)	TRUE		1	1	3'SL (Gc)				SRC:PUBDICT_GLYCONAVI_NAME|3'SL (Gc)			
GSD:d44b84c0-36a9-4fee-a767-df00557f71bf	3'SLDN	TRUE		2	1	3'SLDN				SRC:PUBDICT_GLYCONAVI_ABBREV|3'SLDN; SRC:PUBDICT_GLYCONAVI_NAME|3'SLDN			
GSD:db268ba8-b80a-44b9-a0b7-6f2ed08391f9	3'SLeA-LeX	TRUE		2	1	3'SLeA-LeX				SRC:PUBDICT_GLYCONAVI_ABBREV|3'SLeA-LeX; SRC:PUBDICT_GLYCONAVI_NAME|3'SLeA-LeX			
GSD:e1c87cb9-d48c-4711-a6d1-83636c454642	3'SLec	TRUE		2	1	3'SLec				SRC:PUBDICT_GLYCONAVI_ABBREV|3'SLec; SRC:PUBDICT_GLYCONAVI_NAME|3'SLec			
GSD:c06af4ca-10c0-4b20-ae01-5debfc0e975d	3'SLec (Gc)	TRUE		1	1	3'SLec (Gc)				SRC:PUBDICT_GLYCONAVI_NAME|3'SLec (Gc)			
GSD:412d4685-9dc1-4f93-86a9-7ad994255a52	3'SLex	TRUE		2	1	3'SLex				SRC:PUBDICT_GLYCONAVI_ABBREV|3'SLex; SRC:PUBDICT_GLYCONAVI_NAME|3'SLex			
GSD:3576070d-62a1-4fd1-b501-4d0d01709949	3'SLN	TRUE		2	1	3'SLN				SRC:PUBDICT_GLYCONAVI_ABBREV|3'SLN; SRC:PUBDICT_GLYCONAVI_NAME|3'SLN			
GSD:216a9cb6-5390-4bae-8eb0-b140bdb685f2	3'SLN (Gc)	TRUE		5	3	3'SLecLN; 3'SLN (Gc); 3'SLN-Lec				SRC:PUBDICT_GLYCONAVI_ABBREV|3'SLN-Lec; SRC:PUBDICT_GLYCONAVI_ABBREV|3'SLecLN; SRC:PUBDICT_GLYCONAVI_NAME|3'SLN (Gc); SRC:PUBDICT_GLYCONAVI_NAME|3'SLN-Lec; SRC:PUBDICT_GLYCONAVI_NAME|3'SLecLN			
GSD:599a7d57-03ab-4993-a614-e18dfff44179	3'STri-LN	TRUE		2	1	3'STri-LN				SRC:PUBDICT_GLYCONAVI_ABBREV|3'STri-LN; SRC:PUBDICT_GLYCONAVI_NAME|3'STri-LN			
GSD:96f37e57-2787-453a-af43-b94005ca5a79	3,6-(LacNAc)2Tn	TRUE		1	1	3,6-(LacNAc)2Tn			Miscellaneous (TN-related oligosaccharides)	SRC:BIOOLIGO|3,6-(LacNAc)2Tn			
GSD:45ab87ac-cb21-4a9a-b2b0-beca9b93bfca	3-6-STn	TRUE		1	1	3-6-STn			Miscellaneous (TN-related oligosaccharides)	SRC:BIOOLIGO|3-6-STn			
GSD:1bff85f7-d1e7-4531-b5b5-63a980aeb28a	3-Fucosylated Blood group A tetraose	TRUE		1	1	3-Fucosylated Blood group A tetraose			Fucosylated oligosaccharides (3 Fucosyllactose core)	SRC:BIOOLIGO|3-Fucosylated Blood group A tetraose			
GSD:eef38347-96be-41d1-8746-e14126ef45c9	3-Fucosyllactose	TRUE		1	1	3-Fucosyllactose			Fucosylated oligosaccharides (Lacto-Series)	SRC:BIOOLIGO|3-Fucosyllactose			
GSD:1a1850ec-7d8b-46b1-b6cf-5e6da37b6513	3-LacNAc-Tn	TRUE		1	1	3-LacNAc-Tn			Miscellaneous (TN-related oligosaccharides)	SRC:BIOOLIGO|3-LacNAc-Tn			
GSD:5a262e8e-7861-5764-aa44-fdfb05a1e92b	3-O-sulfated galactose	TRUE	G40843KY	5	3	3-O-sulfated galactose; Galactose 3-O-Sulfate; galactose 3-O-sulfate	3-O-sulfated Gal		Monosaccharide	SRC:EOG_VARKI_4E|3-O-sulfated galactose; SRC:GLYCOEPITOPE|Galactose 3-O-Sulfate; SRC:PUBDICTIONARIES-GLYCAN-IMAGE|galactose 3-O-sulfate; SRC:PUBDICT_GLYCAN_MOTIF|Galactose 3-O-Sulfate; SRC:PUBDICT_GLYCOSMOS|Galactose 3-O-Sulfate			
GSD:f0e62919-4120-5fd2-af20-33525dfb29a9	3-O-sulfated GlcNS6S	TRUE		1	1	3-O-sulfated GlcNS6S			Polysaccharide Repeating Unit	SRC:EOG_VARKI_4E|3-O-sulfated GlcNS6S			
GSD:5e72cf7d-2a6a-44be-a29f-bcf3bf1260ba	3-sialyl LN (type 2)	TRUE	G10203DW; G00065MO; G59168YE	12	8	3'-sialyl-N-acetyllactosamine; 3-sialyl LN (type 2); 3-Sialyl-LN; 3-Sialyl-LN (type 2); 3-Sialyl-LN type 2 [Sialylated triose type 2, 3′-SLN]; 3-SLDN; 3′-SiaDi-LN; 3′-sialyl-N-acetyllactosamine	3′SLN; 3′SiaLacNAc(1-4); 1-3) (3′SLN; 3′SiaLacNAc(1-3); type 2	A linear amino trisaccharide consisting of α-neuraminyl, β-D-galactosyl and N-acetyl-D-glucosamine residues linked in a (2→3) and (1→4) sequence.[CHEBI:52472]	Lewis antigens	SRC:BIOOLIGO|3-SLDN; SRC:BIOOLIGO|3-Sialyl-LN type 2 [Sialylated triose type 2, 3′-SLN]; SRC:BIOOLIGO|3′-SiaDi-LN; SRC:CUMMINGS|3-Sialyl-LN; SRC:GLYCOMOTIF_CCRC|3-Sialyl-LN; SRC:GLYCOMOTIF_GDV|3-Sialyl-LN (type 2); SRC:GLYCOMOTIF_GGM|3-Sialyl-LN (type 2); SRC:GSD_GLYGEN_V0|3-sialyl LN (type 2); SRC:PUBDICT_GLYCAN_MOTIF|3'-sialyl-N-acetyllactosamine; SRC:PUBDICT_GLYCAN_MOTIF|3-Sialyl-LN; SRC:PUBDICT_GLYCAN_MOTIF|3-Sialyl-LN (type 2); SRC:SUGARBIND|3′-sialyl-N-acetyllactosamine			
GSD:d7316ec4-0960-4c17-b2e5-a9fa6a480bf3	3S-Gal-4(Fuc)-GlcNAc	TRUE		1	1	3S-Gal-4(Fuc)-GlcNAc			Fucosylated oligosaccharides	SRC:BIOOLIGO|3S-Gal-4(Fuc)-GlcNAc			
GSD:5d1d3c28-5b3b-475d-bd4e-ae6105c021e0	3′-KDN-Lewis c	TRUE		3	2	3'-KDNLec; 3′-KDN-Lewis c			Miscellaneous	SRC:BIOOLIGO|3′-KDN-Lewis c; SRC:PUBDICT_GLYCONAVI_ABBREV|3'-KDNLec; SRC:PUBDICT_GLYCONAVI_NAME|3'-KDNLec			
GSD:2fe7d0f3-b047-4dd5-bbb7-3ae722755e00	3′-KDNLN	TRUE		3	2	3'KDNLN; 3′-KDNLN			Miscellaneous	SRC:BIOOLIGO|3′-KDNLN; SRC:PUBDICT_GLYCONAVI_ABBREV|3'KDNLN; SRC:PUBDICT_GLYCONAVI_NAME|3'KDNLN			
GSD:dac228dc-2f6d-4a32-af74-2c43b63055e5	4′ sulfo Lewis X [4S-Gal-(Fuc)-GlcNAc]	TRUE		1	1	4′ sulfo Lewis X [4S-Gal-(Fuc)-GlcNAc]			Miscellaneous (Lewis X-related oligosaccharides)	SRC:BIOOLIGO|4′ sulfo Lewis X [4S-Gal-(Fuc)-GlcNAc]			
GSD:07af07da-8628-47ba-b240-1010c9296737	4′-sulfated LDN	TRUE		1	1	4′-sulfated LDN				SRC:CUMMINGS|4′-sulfated LDN			
GSD:6e033c8a-f202-509b-8b71-6eef358777b2	6'-Sulfo sialyl Lewis X	TRUE	G00672PE; G23322RK; G77659VW; G80722US	18	10	6'-Sulfo Sialyl Lewis x; 6'-Sulfo sialyl Lewis X; 6'-sulfo sialyl Lewis X; 6'-Sulfo-sialyl Lewis x; 6-sulfo sialyl Lewis X; 6-Sulfo-sialyl Lewis x; 6-Sulfo-sialyl Lewis x (6-sulfo SLewis x); 6′-Sulfo-sialyl Lewis x; 6′-sulfo-sialyl Lewis x; Sialyl 6-Sulfo Lewis x	6'-sulfated sialyl Lewis x-; 6'-sulfo-sLe(x); Su-SaiLex; Su-Slex; 6'-Sulfo-sialyl Lewis x; sialyl-6′-sulfo-Lex; 6′-sulfo-SLex; Sialyl-6′-sulfo-Lewis x; 6′-sulfo SLex; 6-sulfo SLex; 6'-Sulfo Sialyl Lewis x; 6'-sulfo SLex; 6'-sulfo SLe^x	A branched amino tetrasaccharide comprised of a trisaccharide chain of N-acetyl-α-neuraminic acid, 6-O-sulfo-β-D-glactose and N-acetyl-β-D-glucosamine residues linked sequentially (2→3) and (1→4), to the GlcNAC residue of which is also linked (1→3) an α-L-fucose residue.[CHEBI:71558]	Named Functional Motif	SRC:CUMMINGS|6-Sulfo-sialyl Lewis x; SRC:CUMMINGS|6′-Sulfo-sialyl Lewis x; SRC:EOG_VARKI_4E|6′-sulfo-sialyl Lewis x; SRC:GLYCOEPITOPE|6'-Sulfo Sialyl Lewis x; SRC:GLYCOEPITOPE|Sialyl 6-Sulfo Lewis x; SRC:GLYCOMOTIF_CCRC|6'-Sulfo-sialyl Lewis x; SRC:GLYCOMOTIF_CCRC|6-Sulfo-sialyl Lewis x; SRC:GLYCOMOTIF_GDV|6-Sulfo-sialyl Lewis x (6-sulfo SLewis x); SRC:GLYCOMOTIF_GGM|6'-Sulfo-sialyl Lewis x; SRC:GSD_GLYGEN_V0|6'-Sulfo sialyl Lewis X; SRC:PUBDICTIONARIES-GLYCAN-IMAGE|6'-sulfo sialyl Lewis X; SRC:PUBDICT_GLYCAN_MOTIF|6'-Sulfo Sialyl Lewis x; SRC:PUBDICT_GLYCAN_MOTIF|6'-Sulfo-sialyl Lewis x; SRC:PUBDICT_GLYCAN_MOTIF|6-Sulfo-sialyl Lewis x; SRC:PUBDICT_GLYCAN_MOTIF|6-Sulfo-sialyl Lewis x (6-sulfo SLewis x); SRC:PUBDICT_GLYCAN_MOTIF|6-sulfo sialyl Lewis X; SRC:PUBDICT_GLYCAN_MOTIF|Sialyl 6-Sulfo Lewis x; SRC:PUBDICT_GLYCOSMOS|6'-Sulfo Sialyl Lewis x			
GSD:eb0564cc-d40c-4a62-9fe9-55eb899e43f3	6'SL	TRUE		2	1	6'SL				SRC:PUBDICT_GLYCONAVI_ABBREV|6'SL; SRC:PUBDICT_GLYCONAVI_NAME|6'SL			
GSD:cef28155-fbd8-4db3-8b06-f884de0b33f7	6'SLDN	TRUE		2	1	6'SLDN				SRC:PUBDICT_GLYCONAVI_ABBREV|6'SLDN; SRC:PUBDICT_GLYCONAVI_NAME|6'SLDN			
GSD:3ebd8581-25fb-4c7c-901c-614bc9cc9740	6'SLN	TRUE		4	2	6'SLN; 6SLN-Lec				SRC:PUBDICT_GLYCONAVI_ABBREV|6'SLN; SRC:PUBDICT_GLYCONAVI_ABBREV|6SLN-Lec; SRC:PUBDICT_GLYCONAVI_NAME|6'SLN; SRC:PUBDICT_GLYCONAVI_NAME|6SLN-Lec			
GSD:a7471fb4-dd05-4893-a1bc-c74b4772affd	6'SLN (Gc)	TRUE		1	1	6'SLN (Gc)				SRC:PUBDICT_GLYCONAVI_NAME|6'SLN (Gc)			
GSD:cebea50e-809e-4e6b-9b8b-3616fe363ba7	6,6'-sulfo LacNAc	TRUE	G24270KX; G41392LY	7	4	6, 6'-Sulfo LacNAc; 6,6'-Sulfo LacNAc; 6,6'-sulfo LacNAc; 6,6,6'-Sulfo LacNAc				SRC:GLYCOEPITOPE|6,6'-Sulfo LacNAc; SRC:GLYCOEPITOPE|6,6,6'-Sulfo LacNAc; SRC:PUBDICTIONARIES-GLYCAN-IMAGE|6,6'-sulfo LacNAc; SRC:PUBDICT_GLYCAN_MOTIF|6, 6'-Sulfo LacNAc; SRC:PUBDICT_GLYCAN_MOTIF|6,6'-Sulfo LacNAc; SRC:PUBDICT_GLYCAN_MOTIF|6,6,6'-Sulfo LacNAc; SRC:PUBDICT_GLYCOSMOS|6,6'-Sulfo LacNAc			
GSD:ac76eb87-d013-4201-b5d9-38e29643c8d4	6,6′-bisSulfo-Lewis x	TRUE	G23094GH	2	2	6,60-bisSulfo-Lewis x (6,60-bissulfo Lex)); 6,6′-bisSulfo-Lewis x	6; 6′-bissulfo Lex)			SRC:CUMMINGS|6,6′-bisSulfo-Lewis x; SRC:PUBDICT_GLYCAN_MOTIF|6,60-bisSulfo-Lewis x (6,60-bissulfo Lex))			
GSD:dec6e71e-7eeb-409a-860a-bbb40a6aacd3	6,6′-dissulfo sialyl Lewis X	TRUE	G00659GQ; G46799JK	13	9	6,6'- Disulfo Sialyl Lewis x; 6,6'- disulfo sialyl Lewis X; 6,6'-bissulfo Lex; 6,6'-bisSulfo-Lewis x; 6,6'-Disulfo Sialyl Lewis x; 6,6-bisSulfo-Lewis x; 6,6-bisSulfo-Lewis x (6,60-bissulfo Lewis x ); 6,60-bissulfo Lewis x; 6,6′-dissulfo sialyl Lewis X	6,6'-bissulfo sialyl Lewis X; 6,6'-disulfo sLex; 6,6'-bissulfo Lex; 6,6'-Disulfo Sialyl Lewis x; 6,6'-bissulfo Le^x	(2S,4S,5R,6R)-5-Acetamido-2-[(2S,3R,4S,5S,6R)-2-[(2R,3S,4R,5R,6R)-5-acetamido-6-hydroxy-2-(sulfooxymethyl)-4-[(2S,3S,4R,5S,6S)-3,4,5-trihydroxy-6-methyloxan-2-yl]oxyoxan-3-yl]oxy-3,5-dihydroxy-6-(sulfooxymethyl)oxan-4-yl]oxy-4-hydroxy-6-[(1R,2R)-1,2,3-trihydroxypropyl]oxane-2-carboxylic acid.[CHEBI:146095]	GlycoMotif GGM motif	SRC:GLYCOEPITOPE|6,6'- Disulfo Sialyl Lewis x; SRC:GLYCOMOTIF_CCRC|6,6'-bisSulfo-Lewis x; SRC:GLYCOMOTIF_GDV|6,6-bisSulfo-Lewis x (6,60-bissulfo Lewis x ); SRC:GLYCOMOTIF_GGM|6,6'-bisSulfo-Lewis x; SRC:GSD_GLYGEN_V0|6,6′-dissulfo sialyl Lewis X; SRC:PUBDICTIONARIES-GLYCAN-IMAGE|6,6'- disulfo sialyl Lewis X; SRC:PUBDICT_GLYCAN_MOTIF|6,6'- Disulfo Sialyl Lewis x; SRC:PUBDICT_GLYCAN_MOTIF|6,6'-Disulfo Sialyl Lewis x; SRC:PUBDICT_GLYCAN_MOTIF|6,6'-bisSulfo-Lewis x; SRC:PUBDICT_GLYCAN_MOTIF|6,6'-bissulfo Lex; SRC:PUBDICT_GLYCAN_MOTIF|6,6-bisSulfo-Lewis x; SRC:PUBDICT_GLYCAN_MOTIF|6,60-bissulfo Lewis x; SRC:PUBDICT_GLYCOSMOS|6,6'-Disulfo Sialyl Lewis x			
GSD:1bb94508-bf70-4138-aef2-a60715ea8a96	6-LacNAc-TF	TRUE		1	1	6-LacNAc-TF			Miscellaneous (TF-related oligosaccharides)	SRC:BIOOLIGO|6-LacNAc-TF			
GSD:37ace813-5331-4196-be40-cf47b2ac100e	6-LacNAc-Tn	TRUE		1	1	6-LacNAc-Tn			Miscellaneous (TN-related oligosaccharides)	SRC:BIOOLIGO|6-LacNAc-Tn			
GSD:5f243ab7-64a6-5a23-9ce1-529071201a5a	6-O-sulfated glucosamine	TRUE		1	1	6-O-sulfated glucosamine			Polysaccharide Repeating Unit	SRC:EOG_VARKI_4E|6-O-sulfated glucosamine			
GSD:3aaa868e-fcd1-44bc-82dd-821ee141ae39	6-Siab-TF	TRUE		3	3	6'STF; 6-Siab-TF; 6′-SiaaTF			Miscellaneous (TF-related oligosaccharides)	SRC:BIOOLIGO|6-Siab-TF; SRC:BIOOLIGO|6′-SiaaTF; SRC:PUBDICT_GLYCONAVI_NAME|6'STF			
GSD:55e259ab-b5a0-4aa9-8d0d-9295762c2b22	6-sialyl GalNAc	TRUE	G08371CD; G73708UL	7	5	6-sialyl GalNAc; 6-Sialyl-GalNAc; 6-Sialyl-GalNAc or 6-Sialyl LN; 6-Sialyl-GalNAc or 6-Sialyl LN (type 1 or 2); Sialyl Tn antigen	sialyl Tn antigen; 6-sialyl LN; 6-Sialyl LN (type 1/2); type 1 or 2	An amino disaccharide composed of N-acetylneuraminic acid and 2-(acetylamino)-2-deoxy-D-galactopyranose residues joined by an (α-2→6) glycosidic bond.[CHEBI:146820]	GlycoMotif CCRC motif	SRC:CUMMINGS|6-Sialyl-GalNAc or 6-Sialyl LN; SRC:GLYCOMOTIF_CCRC|6-Sialyl-GalNAc or 6-Sialyl LN; SRC:GLYCOMOTIF_CCRC|Sialyl Tn antigen; SRC:GSD_GLYGEN_V0|6-sialyl GalNAc; SRC:PUBDICT_GLYCAN_MOTIF|6-Sialyl-GalNAc; SRC:PUBDICT_GLYCAN_MOTIF|6-Sialyl-GalNAc or 6-Sialyl LN; SRC:PUBDICT_GLYCAN_MOTIF|6-Sialyl-GalNAc or 6-Sialyl LN (type 1 or 2)			
GSD:07f4c575-3773-445c-9105-68f9233d4036	6-Sialyl LN (type 1)	TRUE	G73708UL	4	4	6-Sialyl LN (type 1); 6-Sialyl LN (type 2); 6-Sialyl-GalNAc; 6-Sialyl-GalNAc or 6-Sialyl LN (type 1 or 2)	6-Sialyl LN (type 1); 6-Sialyl LN (type 2)		GlycoMotif GGM motif	SRC:GLYCOMOTIF_GDV|6-Sialyl-GalNAc or 6-Sialyl LN (type 1 or 2); SRC:GLYCOMOTIF_GGM|6-Sialyl-GalNAc; SRC:PUBDICT_GLYCAN_MOTIF|6-Sialyl LN (type 1); SRC:PUBDICT_GLYCAN_MOTIF|6-Sialyl LN (type 2)			
GSD:e1e1963f-5416-463c-9c72-22ca3fb1d1fb	6-su-Gal-SiaLewis x	TRUE		1	1	6-su-Gal-SiaLewis x			Lewis antigens	SRC:BIOOLIGO|6-su-Gal-SiaLewis x			
GSD:c7672a6a-ae53-4bd9-9a8d-cd094b856ec3	6-su-GalNAc-SiaLewis x	TRUE		1	1	6-su-GalNAc-SiaLewis x			Lewis antigens	SRC:BIOOLIGO|6-su-GalNAc-SiaLewis x			
GSD:453286d3-7558-4839-97f4-bc5a28f8f1d2	6-sulfo LacNAc	TRUE	G13157WZ	5	2	6-Sulfo LacNAc; 6-sulfo LacNAc		An oligosaccharide sulfate that is N-acetyllactosamine in which the hydroxy group at position 6 of the N-acetylglucosamine ring has been converted into its hydrogen sulfate derivative.[CHEBI:148005]		SRC:GLYCOEPITOPE|6-Sulfo LacNAc; SRC:GSD_GLYGEN_V0|6-sulfo LacNAc; SRC:PUBDICTIONARIES-GLYCAN-IMAGE|6-sulfo LacNAc; SRC:PUBDICT_GLYCAN_MOTIF|6-Sulfo LacNAc; SRC:PUBDICT_GLYCOSMOS|6-Sulfo LacNAc			
GSD:416c0ecc-e4db-48d3-a1dc-b960ae6cd923	6-sulfo Lewis x	TRUE	G89307GT	5	3	6-Sulfo Lewis x; 6-sulfo Lewis x; Sulfo Lewis X			Lewis antigens	SRC:BIOOLIGO|Sulfo Lewis X; SRC:GLYCOEPITOPE|6-Sulfo Lewis x; SRC:PUBDICTIONARIES-GLYCAN-IMAGE|6-sulfo Lewis x; SRC:PUBDICT_GLYCAN_MOTIF|6-Sulfo Lewis x; SRC:PUBDICT_GLYCOSMOS|6-Sulfo Lewis x			
GSD:174f42e2-d764-4ed9-85f2-f46283d72e20	6-sulfo sialyl Lewis c	TRUE	G93779QZ	2	1	6-sulfo sialyl Lewis c	Su-SaiLec; Su-SLec			SRC:PUBDICT_GLYCAN_MOTIF|6-sulfo sialyl Lewis c; SRC:SUGARBIND|6-sulfo sialyl Lewis c			
GSD:1b3b03a6-b82a-52ea-a699-0da8aa1f3abc	6-sulfo sialyl Lewis X	TRUE	G80722US; G06378CG; G53231FE; G00672PE; G19619KS; G69360KJ	16	11	6'-sulfo SLex; 6-sulfo sialyl Lewis X; 6-sulfo sialyl Lewis x; 6-sulfo SLex; 6-Sulfo-sialyl Lewis x; 6-sulfo-sialyl Lewis x; 6-Sulfo-sialyl Lewis x (6-sulfo SLex); 60-Sulfo-sialyl Lewis x (60-sulfo SLex); SDLex; Sialyl 6-Sulfo Lewis x; sialyl 6-sulfo Lewis X	6-sulfo SLex; 6-sulfo SLe^x; Su-SaiLex; Su-SLex; 6-Sulfo Sialyl Lewis x; SDLe^x		Named Functional Motif	SRC:CUMMINGS|SDLex; SRC:EOG_VARKI_4E|6-sulfo-sialyl Lewis x; SRC:GLYCOMOTIF_CCRC|SDLex; SRC:GLYCOMOTIF_GDV|6-Sulfo-sialyl Lewis x (6-sulfo SLex); SRC:GLYCOMOTIF_GDV|SDLex; SRC:GLYCOMOTIF_GGM|6-Sulfo-sialyl Lewis x; SRC:GLYCOMOTIF_GGM|SDLex; SRC:GSD_GLYGEN_V0|6-sulfo sialyl Lewis X; SRC:PUBDICTIONARIES-GLYCAN-IMAGE|sialyl 6-sulfo Lewis X; SRC:PUBDICT_GLYCAN_MOTIF|6'-sulfo SLex; SRC:PUBDICT_GLYCAN_MOTIF|6-Sulfo-sialyl Lewis x (6-sulfo SLex); SRC:PUBDICT_GLYCAN_MOTIF|6-sulfo SLex; SRC:PUBDICT_GLYCAN_MOTIF|60-Sulfo-sialyl Lewis x (60-sulfo SLex); SRC:PUBDICT_GLYCAN_MOTIF|SDLex; SRC:PUBDICT_GLYCOSMOS|Sialyl 6-Sulfo Lewis x; SRC:SUGARBIND|6-sulfo sialyl Lewis x			
GSD:1f0000dc-155c-4635-a189-23117ecd6292	6P-Man3	TRUE		1	1	6P-Man3			Miscellaneous	SRC:BIOOLIGO|6P-Man3			
GSD:307dab0b-db0a-4cdf-86aa-479d1b411835	6′-SiaDi-LN	TRUE		3	2	6'S-Di-LN; 6′-SiaDi-LN			Miscellaneous (LDN-related oligosaccharides)	SRC:BIOOLIGO|6′-SiaDi-LN; SRC:PUBDICT_GLYCONAVI_ABBREV|6'S-Di-LN; SRC:PUBDICT_GLYCONAVI_NAME|6'S-Di-LN			
GSD:6718767a-93d5-477b-b77b-f36b69590ab7	6′-sialyl-N-acetyllactosamine	TRUE	G09376MR	2	2	6'-sialyl-N-acetyllactosamine; 6′-sialyl-N-acetyllactosamine	6′SLN; 6′SiaLacNAc(1-4)			SRC:PUBDICT_GLYCAN_MOTIF|6'-sialyl-N-acetyllactosamine; SRC:SUGARBIND|6′-sialyl-N-acetyllactosamine			
GSD:0e9b1351-6dfb-4858-bbab-ebe2758c9be9	9-O-acetyl GD3	TRUE	G74121RX; G81928IQ; G98544DH	8	3	9-O-Acetyl GD3; 9-O-acetyl GD3; O-acetyl-GD3	acGD3; 9-O-Acetylated GD3; 9-O-Acetyl-GD3; 9-O-Ac-GD3; CD60b; O-acetyl GM3		GlycoMotif CCRC motif	SRC:CUMMINGS|9-O-Acetyl GD3; SRC:GLYCOEPITOPE|9-O-Acetyl GD3; SRC:GLYCOMOTIF_CCRC|9-O-Acetyl GD3; SRC:GSD_GLYGEN_V0|9-O-acetyl GD3; SRC:PUBDICTIONARIES-GLYCAN-IMAGE|9-O-acetyl GD3; SRC:PUBDICT_GLYCAN_MOTIF|9-O-Acetyl GD3; SRC:PUBDICT_GLYCOSMOS|9-O-Acetyl GD3; SRC:PUBDICT_GLYCOSMOS|O-acetyl-GD3			
GSD:9447ca95-04fd-5700-9db0-2a3ee02c2a4a	9-O-acetyl sialic acid	TRUE	G47325QT	6	3	9-O-Acetyl Sialic Acid; 9-O-acetyl sialic acid; 9-O-acetylated sialic acid	9-O-acetylated Sia; 9-O-Ac-Sia; 9-O-acetylated-SA	N-acetyl-9-O-acetyl-alpha-neuraminic acid is a member of the class of N-acetylneuraminic acids that is alpha-neuraminic acid which has acetylated on N-5 and O-9. It has functional parent alpha-neuraminic acid.[CHEBI:84941]	Monosaccharide	SRC:EOG_VARKI_4E|9-O-acetylated sialic acid; SRC:GLYCOEPITOPE|9-O-Acetyl Sialic Acid; SRC:GSD_GLYGEN_V0|9-O-acetyl sialic acid; SRC:PUBDICTIONARIES-GLYCAN-IMAGE|9-O-acetyl sialic acid; SRC:PUBDICT_GLYCAN_MOTIF|9-O-Acetyl Sialic Acid; SRC:PUBDICT_GLYCOSMOS|9-O-Acetyl Sialic Acid			
GSD:6ba75e8e-b2aa-48a5-9849-99b21ebb546c	9OAc3'Slec	TRUE		1	1	9OAc3'Slec				SRC:PUBDICT_GLYCONAVI_NAME|9OAc3'Slec			
GSD:91d7cd56-3ac4-4b51-a118-a0b70b1d500b	9OAc3'SLN	TRUE		1	1	9OAc3'SLN				SRC:PUBDICT_GLYCONAVI_NAME|9OAc3'SLN			
GSD:2df0d0da-8951-49ac-bf8a-f36bfab7d004	A tetra type 1	TRUE		2	1	A tetra type 1				SRC:PUBDICT_GLYCONAVI_ABBREV|A tetra type 1; SRC:PUBDICT_GLYCONAVI_NAME|A tetra type 1			
GSD:1ee28b08-0c5a-4f2b-ac40-ef2d7d301997	A tetra type 2	TRUE		1	1	A tetra type 2				SRC:PUBDICT_GLYCONAVI_ABBREV|A tetra type 2			
GSD:eb1b3337-fdf5-4c30-94e2-00a567ba7151	A type 1 A Lewis b	TRUE	G12068BR	2	1	A type 1 A Lewis b	A type 1 A Leb			SRC:PUBDICT_GLYCAN_MOTIF|A type 1 A Lewis b; SRC:SUGARBIND|A type 1 A Lewis b			
GSD:9075a10c-910e-473a-ae54-61eab188eb86	a-3Galactosyl-3Fucosyllactose	TRUE		1	1	a-3Galactosyl-3Fucosyllactose			Fucosylated oligosaccharides (3 Fucosyllactose core)	SRC:BIOOLIGO|a-3Galactosyl-3Fucosyllactose			
GSD:15b5dd18-7ada-4455-b32d-b70db42175c5	a-4Galactosyl-3Fucosyllactose	TRUE		1	1	a-4Galactosyl-3Fucosyllactose			Fucosylated oligosaccharides (3 Fucosyllactose core)	SRC:BIOOLIGO|a-4Galactosyl-3Fucosyllactose			
GSD:9901da1c-a374-4bf7-8e2c-728dbcc2fb94	a-Galactose on Core 2	TRUE		1	1	a-Galactose on Core 2			Core structures (Type 2)	SRC:BIOOLIGO|a-Galactose on Core 2			
GSD:9b3abd48-1969-40e9-94b7-a274c2c3e584	A-galactosylparagloboside	TRUE	G60645OK	2	1	A-galactosylparagloboside	A-Galactosylparagloboside		Glycosphingolipid	SRC:PUBDICT_GLYCAN_MOTIF|A-galactosylparagloboside; SRC:SUGARBIND|A-galactosylparagloboside			
GSD:70869a6d-1921-5736-8f3a-af3e124c381a	a-series gangliosides	TRUE		1	1	a-series gangliosides			Glycolipid	SRC:EOG_VARKI_4E|a-series gangliosides			
GSD:d03cfa9f-ae12-4f77-81b9-afce3360c6c9	A-tetra Lactose	TRUE		3	2	A tetra L; A-tetra Lactose			Fucosylated oligosaccharides (Lacto-Series)	SRC:BIOOLIGO|A-tetra Lactose; SRC:PUBDICT_GLYCONAVI_ABBREV|A tetra L; SRC:PUBDICT_GLYCONAVI_NAME|A tetra L			
GSD:558c6e29-6921-4fa8-81fb-105af7b1ac93	A1	TRUE	G61751GZ	1	1	A1			Oxford notation	SRC:GLYGEN_CURATORS_NCOMPO|A1			
GSD:b9528c73-258e-4986-8bea-74d253f0afc6	A1G1	TRUE	G69411IG	1	1	A1G1			Oxford notation	SRC:GLYGEN_CURATORS_NCOMPO|A1G1			
GSD:0605927f-fc12-42da-a5c2-1a52395ab7f8	A2	TRUE	G36191CD	1	1	A2			Oxford notation	SRC:GLYGEN_CURATORS_NCOMPO|A2			
GSD:4bbbb825-bdb3-4fea-b172-f657d0450f8a	a2-3 Neu5Ac on Core 1	TRUE		1	1	a2-3 Neu5Ac on Core 1			Core structures (Type 1)	SRC:BIOOLIGO|a2-3 Neu5Ac on Core 1			
GSD:a4fafd81-d735-4de0-9a1a-54c71b11a0aa	A2[3]G1	TRUE	G66937TJ	1	1	A2[3]G1			Oxford notation	SRC:GLYGEN_CURATORS_NCOMPO|A2[3]G1			
GSD:149a032b-69f4-4689-8146-fde147ac4c65	A2[6]G1	TRUE	G89993FE	1	1	A2[6]G1			Oxford notation	SRC:GLYGEN_CURATORS_NCOMPO|A2[6]G1			
GSD:0b994b4c-7d17-42aa-b8fe-71d08800b960	A2B	TRUE	G59471TH	1	1	A2B			Oxford notation	SRC:GLYGEN_CURATORS_NCOMPO|A2B			
GSD:a7c3ef02-2f8b-4b92-8f06-445cc22031c0	A2BG0	TRUE	G59471TH	1	1	A2BG0			Oxford notation	SRC:GLYGEN_CURATORS_NCOMPO|A2BG0			
GSD:92f07899-60f1-4f07-ac64-85831ea7e874	A2BG1	TRUE	G72718TT	1	1	A2BG1			Oxford notation	SRC:GLYGEN_CURATORS_NCOMPO|A2BG1			
GSD:2410d679-553d-4dd0-ba68-b91629af36dc	A2BG2	TRUE	G52934AK	1	1	A2BG2			Oxford notation	SRC:GLYGEN_CURATORS_NCOMPO|A2BG2			
GSD:9311af08-d5dd-43b1-b0ac-116a77719f1b	A2BG2S1	TRUE		1	1	A2BG2S1			Oxford notation	SRC:GLYGEN_CURATORS_NCOMPO|A2BG2S1			
GSD:8bc613fa-fd70-4270-99e0-eba61136246d	A2BG2S2	TRUE		1	1	A2BG2S2			Oxford notation	SRC:GLYGEN_CURATORS_NCOMPO|A2BG2S2			
GSD:848697c5-4a99-46ca-9265-25cc5275cf78	A2F1	TRUE		1	1	A2F1			Oxford notation	SRC:GLYGEN_CURATORS_NCOMPO|A2F1			
GSD:8dc047d1-e1a2-4a66-bfbb-65623b7f08fa	A2F1G2S2	TRUE		1	1	A2F1G2S2			Oxford notation	SRC:GLYGEN_CURATORS_NCOMPO|A2F1G2S2			
GSD:1950a6af-7cbb-49cf-aae3-59bc276a5980	A2G1	TRUE	G66937TJ	1	1	A2G1			Oxford notation	SRC:GLYGEN_CURATORS_NCOMPO|A2G1			
GSD:2d0aec1a-2f4b-44d7-9ff3-796bfdd88636	A2G2	TRUE	G36191CD	1	1	A2G2			Oxford notation	SRC:GLYGEN_CURATORS_NCOMPO|A2G2			
GSD:37d0e526-70e9-41a9-93ca-621586dff079	A2G2S1	TRUE		1	1	A2G2S1			Oxford notation	SRC:GLYGEN_CURATORS_NCOMPO|A2G2S1			
GSD:1acd7360-9827-4469-9cb2-b5fe84935177	A2G2S2	TRUE		1	1	A2G2S2			Oxford notation	SRC:GLYGEN_CURATORS_NCOMPO|A2G2S2			
GSD:8b2a49d6-7e7b-45b8-96c1-63abdb47802e	A3	TRUE	G29011JC	1	1	A3			Oxford notation	SRC:GLYGEN_CURATORS_NCOMPO|A3			
GSD:acf5da02-703e-4d92-a29a-c4557c8901c5	A3F1	TRUE		1	1	A3F1			Oxford notation	SRC:GLYGEN_CURATORS_NCOMPO|A3F1			
GSD:9a676794-3fc8-40f1-95d2-96d33ced58f5	A3F1G3S2	TRUE		1	1	A3F1G3S2			Oxford notation	SRC:GLYGEN_CURATORS_NCOMPO|A3F1G3S2			
GSD:4d439e5c-227c-4662-8bb8-5ffd17a09eac	A3F1G3S3	TRUE		1	1	A3F1G3S3			Oxford notation	SRC:GLYGEN_CURATORS_NCOMPO|A3F1G3S3			
GSD:e8fa8a19-f73d-4c6b-9f00-ccdb8e29207d	A3F2G3S3	TRUE		1	1	A3F2G3S3			Oxford notation	SRC:GLYGEN_CURATORS_NCOMPO|A3F2G3S3			
GSD:eee720f8-4b0b-4f14-8333-0cf118cd84b6	A3G3	TRUE	G29857RC	1	1	A3G3			Oxford notation	SRC:GLYGEN_CURATORS_NCOMPO|A3G3			
GSD:09012562-756c-4994-890b-1699fe74a5f5	A3G3S2	TRUE		1	1	A3G3S2			Oxford notation	SRC:GLYGEN_CURATORS_NCOMPO|A3G3S2			
GSD:a572974c-d903-4a37-b82d-8ed145e7133c	A3G3S3	TRUE		1	1	A3G3S3			Oxford notation	SRC:GLYGEN_CURATORS_NCOMPO|A3G3S3			
GSD:038ada2e-fed9-474d-ad07-7cbd41a9c2ea	A4	TRUE	G20030CU	1	1	A4			Oxford notation	SRC:GLYGEN_CURATORS_NCOMPO|A4			
GSD:7f7c698f-5497-455f-acae-c7f55cee6d7a	A4F1	TRUE		1	1	A4F1			Oxford notation	SRC:GLYGEN_CURATORS_NCOMPO|A4F1			
GSD:3f0e9a39-1e92-4752-9e41-9efb9dd035d9	A4F1G4	TRUE		1	1	A4F1G4			Oxford notation	SRC:GLYGEN_CURATORS_NCOMPO|A4F1G4			
GSD:6bbca09a-452a-4fa9-b34c-38279f52ca91	A4F1G4S4	TRUE		1	1	A4F1G4S4			Oxford notation	SRC:GLYGEN_CURATORS_NCOMPO|A4F1G4S4			
GSD:46bc0119-d6b8-430c-a1f4-82c95fb8dbac	A4G4	TRUE	G18938DW	1	1	A4G4			Oxford notation	SRC:GLYGEN_CURATORS_NCOMPO|A4G4			
GSD:05af8e56-3b80-4f58-878e-1c02ac445d83	A4G4S1	TRUE		1	1	A4G4S1			Oxford notation	SRC:GLYGEN_CURATORS_NCOMPO|A4G4S1			
GSD:94aede7b-f6e7-4347-abc1-b5e43a754c77	A4G4S2	TRUE		1	1	A4G4S2			Oxford notation	SRC:GLYGEN_CURATORS_NCOMPO|A4G4S2			
GSD:160acd22-9d2b-4267-9670-712c8490e7e1	A4G4S3	TRUE		1	1	A4G4S3			Oxford notation	SRC:GLYGEN_CURATORS_NCOMPO|A4G4S3			
GSD:a5cd0381-387e-4693-8faf-39d261b18e3f	A4G4S4	TRUE		1	1	A4G4S4			Oxford notation	SRC:GLYGEN_CURATORS_NCOMPO|A4G4S4			
GSD:04c4980a-8dc5-446b-bfee-99092d8d857d	A6 type 1	TRUE	G82858KU	1	1	A6 type 1			Glycosphingolipid	SRC:SUGARBIND|A6 type 1			
GSD:d661dded-24a3-4e3b-b8a5-2c9cd4713fb5	A8 type 1	TRUE	G04715SK	1	1	A8 type 1			Glycosphingolipid	SRC:SUGARBIND|A8 type 1			
GSD:69073acf-c752-4904-87ab-5a19c5e0dd7a	Abequose	TRUE		1	1	Abequose				SRC:PUBDICT_GLYCONAVI_NAME|Abequose			
GSD:f054a590-0d24-5438-b871-64b001b53954	ABO blood group antigens	TRUE		1	1	ABO blood group antigens	ABO(H) blood group glycans; ABO glycans		Named Functional Motif	SRC:EOG_VARKI_4E|ABO blood group antigens			
GSD:b4515395-fede-40c9-8d37-8fdf332bd82e	acharan sulfate	TRUE	G25575JK	4	2	Acharan Sulfate; acharan sulfate				SRC:GLYCOEPITOPE|Acharan Sulfate; SRC:PUBDICTIONARIES-GLYCAN-IMAGE|acharan sulfate; SRC:PUBDICT_GLYCAN_MOTIF|Acharan Sulfate; SRC:PUBDICT_GLYCOSMOS|Acharan Sulfate			
GSD:4a529205-1862-43e3-9051-3219a92d29fa	Acosamine	TRUE		1	1	Acosamine				SRC:PUBDICT_GLYCONAVI_NAME|Acosamine			
GSD:667030ec-2d62-5573-9fa1-f4482afc0782	alkylacylphosphatidylinositol-anchored glycan	TRUE		1	1	alkylacylphosphatidylinositol-anchored glycan			Others	SRC:EOG_VARKI_4E|alkylacylphosphatidylinositol-anchored glycan			
GSD:0d8e00ea-c2a5-4432-a141-75faedc1c838	Allose	TRUE		1	1	Allose				SRC:PUBDICT_GLYCONAVI_NAME|Allose			
GSD:d7673802-e0d9-5653-b39e-076f90358a60	alpha-gal antigen	TRUE	G24432YB; G27798EJ; G00046MO	13	8	a-Gal antigen; alpha-Gal antigen; alpha-gal antigen; Alpha-Galactosyl Epitope; alpha-galactosyl epitope; Xeno antigen type 2 (Galili antigen triose Gal a3 epitope); α-Gal antigen; α-Gal epitope	a-Gal antigen; αGal; alpha-Gal antigen	A glycosylgalactose that consists of β-D-galactose having an α-D-galactosyl residue at the 3-position.[CHEBI:62330]	Named Functional Motif	SRC:BIOOLIGO|Xeno antigen type 2 (Galili antigen triose Gal a3 epitope); SRC:CUMMINGS|α-Gal antigen; SRC:EOG_VARKI_4E|α-Gal epitope; SRC:GLYCOEPITOPE|Alpha-Galactosyl Epitope; SRC:GLYCOMOTIF_CCRC|a-Gal antigen; SRC:GLYCOMOTIF_GDV|alpha-Gal antigen; SRC:GLYCOMOTIF_GGM|a-Gal antigen; SRC:GSD_GLYGEN_V0|alpha-gal antigen; SRC:PUBDICTIONARIES-GLYCAN-IMAGE|alpha-galactosyl epitope; SRC:PUBDICT_GLYCAN_MOTIF|Alpha-Galactosyl Epitope; SRC:PUBDICT_GLYCAN_MOTIF|a-Gal antigen; SRC:PUBDICT_GLYCAN_MOTIF|alpha-Gal antigen; SRC:PUBDICT_GLYCOSMOS|Alpha-Galactosyl Epitope			
GSD:bdd3ddc1-ed42-472f-adb3-0a8e726fb4c3	alpha-galactosylceramide	TRUE		1	1	alpha-galactosylceramide	alpha-GalCer; α-GalCer			SRC:GSD_GLYGEN_V0|alpha-galactosylceramide			
GSD:0474dfda-62b0-44e3-9a9d-f8918c153bc1	alpha-oligomannoside	TRUE	G07490EK; G29313LW; G51379UR	1	1	alpha-oligomannoside				SRC:PUBDICT_GLYCAN_MOTIF|alpha-oligomannoside			
GSD:955a1576-8746-4e60-bd63-dc25c9dbae07	Altrose	TRUE		1	1	Altrose				SRC:PUBDICT_GLYCONAVI_NAME|Altrose			
GSD:034a4d80-b2ea-4733-82b3-eb86b11d4d27	Amicetose	TRUE		1	1	Amicetose				SRC:PUBDICT_GLYCONAVI_NAME|Amicetose			
GSD:62c19a81-2859-5cac-8aae-c9a9d6da5eb4	amylopectin	TRUE		1	1	amylopectin			Polysaccharide	SRC:EOG_VARKI_4E|amylopectin			
GSD:553a15fd-f3e1-4520-8d69-9c3d3b512bf1	amylose	TRUE	G05740LL	3	2	Amylose; amylose				SRC:PUBDICTIONARIES-GLYCAN-IMAGE|amylose; SRC:PUBDICT_GLYCONAVI_NAME|Amylose; SRC:PUBDICT_GLYCOSMOS|amylose			
GSD:25d725aa-2241-4c42-8e81-ce98f4ebb942	Antigen A	TRUE	G58507AZ; G55958KV; G71832QJ	6	2	A antigen; Antigen A	Antigen A; tri-; type 3		GlycoMotif CCRC motif	SRC:CUMMINGS|A antigen; SRC:GLYCOMOTIF_CCRC|A antigen; SRC:PUBDICT_GLYCAN_MOTIF|A antigen; SRC:PUBDICT_GLYCAN_MOTIF|Antigen A; SRC:SUGARBIND|A antigen; SRC:SUGARBIND|Antigen A			
GSD:d742c56c-350f-5f5e-bf18-d4ed7d085155	apiogalacturonan	TRUE		1	1	apiogalacturonan			Polysaccharide	SRC:EOG_VARKI_4E|apiogalacturonan			
GSD:39ea6af1-ef7c-4228-b3a4-d0b2fbdcbe8f	Apiose	TRUE		1	1	Apiose				SRC:PUBDICT_GLYCONAVI_NAME|Apiose			
GSD:5952daf4-735e-4d0d-95d0-6ddf95a0710a	arabinan	TRUE	G22535ZZ	4	2	Arabinan; arabinan				SRC:GLYCOEPITOPE|Arabinan; SRC:PUBDICTIONARIES-GLYCAN-IMAGE|arabinan; SRC:PUBDICT_GLYCAN_MOTIF|Arabinan; SRC:PUBDICT_GLYCOSMOS|Arabinan			
GSD:b7d754c5-bc4d-4fd3-9220-7b491f997a5a	arabinogalactan type I	TRUE	G98272RS	4	2	Arabinogalactan Type I; arabinogalactan type I				SRC:GLYCOEPITOPE|Arabinogalactan Type I; SRC:PUBDICTIONARIES-GLYCAN-IMAGE|arabinogalactan type I; SRC:PUBDICT_GLYCAN_MOTIF|Arabinogalactan Type I; SRC:PUBDICT_GLYCOSMOS|Arabinogalactan Type I			
GSD:fe41c176-a401-474a-ad78-3d673587de95	arabinogalactan type II	TRUE	G12828SG	4	3	Arabinogalactan Type II; arabinogalactan type II; Arabinogalactan Type ll				SRC:GLYCOEPITOPE|Arabinogalactan Type II; SRC:PUBDICTIONARIES-GLYCAN-IMAGE|arabinogalactan type II; SRC:PUBDICT_GLYCAN_MOTIF|Arabinogalactan Type ll; SRC:PUBDICT_GLYCOSMOS|Arabinogalactan Type ll			
GSD:687c2e68-ec7d-54ca-a4ee-2996b7df7ebb	arabinoglucuronoxylan	TRUE		1	1	arabinoglucuronoxylan			Polysaccharide	SRC:EOG_VARKI_4E|arabinoglucuronoxylan			
GSD:899c46b2-7ff3-4446-b9d8-48ce889c6636	Arabinose	TRUE		1	1	Arabinose				SRC:PUBDICT_GLYCONAVI_NAME|Arabinose			
GSD:f9b48dd5-9115-49ce-b0c5-3f196bb48073	Arcanose	TRUE		1	1	Arcanose				SRC:PUBDICT_GLYCONAVI_NAME|Arcanose			
GSD:44424bf0-a3e2-524d-9b57-0879a7c56c2b	arthroseries glycosphingolipids	TRUE	G00014MO	4	3	arthroseries glycosphingolipids; Glycosphingolipid Arthro; Glycosphingolipid Arthro series	arthroseries glycolipids; arthroseries; arthro-series		Glycolipid	SRC:EOG_VARKI_4E|arthroseries glycosphingolipids; SRC:GLYCOMOTIF_GGM|Glycosphingolipid Arthro series; SRC:PUBDICT_GLYCAN_MOTIF|Glycosphingolipid Arthro series; SRC:PUBDICT_MOTIF_GTC|Glycosphingolipid Arthro			
GSD:51fe293d-d9e7-465c-8704-2fc0c6812254	As-Fibrinogen	TRUE		2	2	As Fibrinogen; As-Fibrinogen			Miscellaneous (Fibriniogen related oligosaccharides)	SRC:BIOOLIGO|As Fibrinogen; SRC:BIOOLIGO|As-Fibrinogen			
GSD:a7418150-01a1-4df3-b92a-739aa14df0ef	Ascarylose	TRUE		1	1	Ascarylose				SRC:PUBDICT_GLYCONAVI_NAME|Ascarylose			
GSD:6ad2f8da-9b72-461f-b15b-44fafeeb219a	Ascorbic acid	TRUE		1	1	Ascorbic acid				SRC:PUBDICT_GLYCONAVI_NAME|Ascorbic acid			
GSD:4f1d7da6-58b3-4d77-8002-e367ea9081a8	asialo-, agalacto-N-glycan from porcine fibrinogen	TRUE		1	1	asialo-, agalacto-N-glycan from porcine fibrinogen			Miscellaneous (Fibriniogen related oligosaccharides)	SRC:BIOOLIGO|asialo-, agalacto-N-glycan from porcine fibrinogen			
GSD:8ce1f4e6-8cbe-5167-8ece-a1cfc850d3a5	asialo-GM1	TRUE	G21856LC; G05357CB; G00407UJ	12	4	Asialo GM1; Asialo-GM1; asialo-GM1; Gangliotetraosylceramide	as-GM1; Gangliotetraosylceramide; GgO4; Gg4; Asialo-GM1a; ganglio-N-tetraosylceramide; aGM1; Asialo-GM1; GA1		Glycolipid	SRC:CUMMINGS|Asialo-GM1; SRC:EOG_VARKI_4E|asialo-GM1; SRC:GLYCOEPITOPE|Asialo GM1; SRC:GLYCOMOTIF_CCRC|Asialo-GM1; SRC:GLYCOMOTIF_GDV|Asialo-GM1; SRC:GLYCOMOTIF_GGM|Asialo-GM1; SRC:GSD_GLYGEN_V0|asialo-GM1; SRC:PUBDICTIONARIES-GLYCAN-IMAGE|asialo-GM1; SRC:PUBDICT_GLYCAN_MOTIF|Asialo GM1; SRC:PUBDICT_GLYCAN_MOTIF|Asialo-GM1; SRC:PUBDICT_GLYCOSMOS|Asialo GM1; SRC:SUGARBIND|Gangliotetraosylceramide			
GSD:30a56b3d-0d9f-4b84-97ae-59c984f60006	asialo-GM2	TRUE	G90562PB	6	5	AGM2; asialo-GM2; asialoGM2; Ga1 (aGM2); GA2 (aGM2)	aGM2		Ganglioside sugars	SRC:BIOOLIGO|GA2 (aGM2); SRC:BIOOLIGO|Ga1 (aGM2); SRC:PUBDICTIONARIES-GLYCAN-IMAGE|asialo-GM2; SRC:PUBDICT_GLYCONAVI_ABBREV|asialoGM2; SRC:PUBDICT_GLYCONAVI_NAME|asialoGM2; SRC:PUBDICT_GLYCOSMOS|AGM2			
GSD:441f2d1d-745c-4ef0-a4f5-5449e060b4dc	asialo-GM3	TRUE	G84224TW; G15541SE	2	2	AGM3; asialo-GM3	aGM3			SRC:PUBDICTIONARIES-GLYCAN-IMAGE|asialo-GM3; SRC:PUBDICT_GLYCOSMOS|AGM3			
GSD:f0c6e9d3-27fd-4fdc-a57d-21486bb23b00	asialoGM1	TRUE		2	1	asialoGM1				SRC:PUBDICT_GLYCONAVI_ABBREV|asialoGM1; SRC:PUBDICT_GLYCONAVI_NAME|asialoGM1			
GSD:321dc49d-61cb-4258-bf08-06e2beb82bac	asialylated biantennary N-glycan	TRUE		1	1	asialylated biantennary N-glycan	asialo diantennary			SRC:GSD_GLYGEN_V0|asialylated biantennary N-glycan			
GSD:bd4836a1-d7c7-4bb2-b00e-7163f8c6a0a0	B antigen (type 3)	TRUE	G88313DY; G41865GQ; G26934CO; G60395SO; G65112QB	2	2	B antigen (type 3); Blood group B			GlycoMotif GGM motif	SRC:GLYCOMOTIF_CCRC|Blood group B; SRC:GLYCOMOTIF_GGM|B antigen (type 3)			
GSD:ec3b650f-e58d-41af-9c7e-c01a7ba81909	B tetra type 1	TRUE		1	1	B tetra type 1				SRC:PUBDICT_GLYCONAVI_ABBREV|B tetra type 1			
GSD:6fb007a2-f890-400f-9e78-f7c960dc175b	b-galactosylated Core 2	TRUE		1	1	b-galactosylated Core 2			Core structures (Type 2)	SRC:BIOOLIGO|b-galactosylated Core 2			
GSD:0c97b41d-c987-4746-8c44-cee9fcbd8367	B-GM1	TRUE	G11485ID; G46884IT	6	1	B-GM1		(2S,4S,5R,6R)-5-Acetamido-2-[(2R,3S,4R,5R,6S)-3-[(2S,3R,4R,5R,6R)-3-acetamido-5-hydroxy-4-[(2R,3R,4S,5S,6R)-5-hydroxy-6-(hydroxymethyl)-4-[(2R,3R,4S,5R,6R)-3,4,5-trihydroxy-6-(hydroxymethyl)oxan-2-yl]oxy-3-[(2S,3S,4R,5S,6S)-3,4,5-trihydroxy-6-methyloxan-2-yl]oxyoxan-2-yl]oxy-6-(hydroxymethyl)oxan-2-yl]oxy-5-hydroxy-2-(hydroxymethyl)-6-[(2R,3S,4R,5R,6R)-4,5,6-trihydroxy-2-(hydroxymethyl)oxan-3-y...	Glycosphingolipid	SRC:CUMMINGS|B-GM1; SRC:GLYCOMOTIF_CCRC|B-GM1; SRC:GLYCOMOTIF_GDV|B-GM1; SRC:GSD_GLYGEN_V0|B-GM1; SRC:PUBDICT_GLYCAN_MOTIF|B-GM1; SRC:SUGARBIND|B-GM1			
GSD:fc32c6aa-26d3-4576-93b3-1d0a005d9dec	B-GM1	TRUE	G11485ID	1	1	B-GM1			GlycoMotif GGM motif	SRC:GLYCOMOTIF_GGM|B-GM1			
GSD:e21a336f-6519-5fe7-9429-bcfa0d13f084	b-series gangliosides	TRUE		1	1	b-series gangliosides	b-series		Glycolipid	SRC:EOG_VARKI_4E|b-series gangliosides			
GSD:c05bf8d1-b5fe-4171-99b0-8469efd224f9	B-tetra Lactose	TRUE		3	2	B tetra L; B-tetra Lactose			Fucosylated oligosaccharides (Lacto-Series)	SRC:BIOOLIGO|B-tetra Lactose; SRC:PUBDICT_GLYCONAVI_ABBREV|B tetra L; SRC:PUBDICT_GLYCONAVI_NAME|B tetra L			
GSD:c51bea64-78fd-4911-ba8a-8cbf3190fbfe	B2-tri	TRUE		2	1	B2-tri				SRC:PUBDICT_GLYCONAVI_ABBREV|B2-tri; SRC:PUBDICT_GLYCONAVI_NAME|B2-tri			
GSD:8650a496-9314-42b5-a84e-bd68005d3865	B7 type 1	TRUE	G22689CV; G63238VS; G60395SO; G94938PL; G89208KM	7	5	B Lewis b; B type 1 B Lewis b; B6 type 1; B7 type 1; Blood group B (type 1) - Lewis b	B Lewis b(7); B Leb; B type 1 B Leb; B-Leb; B-Le^b		Glycosphingolipid	SRC:GLYCOMOTIF_GGM|Blood group B (type 1) - Lewis b; SRC:PUBDICT_GLYCAN_MOTIF|B Lewis b; SRC:PUBDICT_GLYCAN_MOTIF|B type 1 B Lewis b; SRC:SUGARBIND|B Lewis b; SRC:SUGARBIND|B type 1 B Lewis b; SRC:SUGARBIND|B6 type 1; SRC:SUGARBIND|B7 type 1			
GSD:4abab09e-59b0-4c83-aed8-d8ce7e64819b	beta 1-4 galactan	TRUE	G77076MY	4	2	beta 1-4 Galactan; beta 1-4 galactan				SRC:GLYCOEPITOPE|beta 1-4 Galactan; SRC:PUBDICTIONARIES-GLYCAN-IMAGE|beta 1-4 galactan; SRC:PUBDICT_GLYCAN_MOTIF|beta 1-4 Galactan; SRC:PUBDICT_GLYCOSMOS|beta 1-4 Galactan			
GSD:d759395b-0e38-46fc-a58b-2515b4192c9d	beta 1-6 galactan	TRUE	G69386QK	4	2	1-6 beta Galactan; beta 1-6 galactan				SRC:GLYCOEPITOPE|1-6 beta Galactan; SRC:PUBDICTIONARIES-GLYCAN-IMAGE|beta 1-6 galactan; SRC:PUBDICT_GLYCAN_MOTIF|1-6 beta Galactan; SRC:PUBDICT_GLYCOSMOS|1-6 beta Galactan			
GSD:5d98589a-d40f-4c86-8cbb-94c89346f4c6	Bi-LDN	TRUE		1	1	Bi-LDN			Miscellaneous (LDN-related oligosaccharides)	SRC:BIOOLIGO|Bi-LDN			
GSD:7548e42d-e075-5fef-a148-a06913542f40	biantennary complex-type N-glycan	TRUE		2	1	biantennary complex-type N-glycan	diantennary complex type	A complex N-glycan that has two branches attached to the non-reducing terminal Man residues of the trimannosyl core. . Each branch is initiated with a GlcNAc and can be exteneded or capped with HexNAc, deoxyHex, Hex, or sialic acid residues. [CHEBI:156251]	N-Linked Type	SRC:EOG_VARKI_4E|biantennary complex-type N-glycan; SRC:GSD_GLYGEN_V0|biantennary complex-type N-glycan			
GSD:abc37e9a-7363-5440-87f1-1e620ed70a9a	biantennary N-glycan	TRUE		2	1	biantennary N-glycan	diantennary	Type of N-linked glycan in which two antenna are present on the trimannosyl core, each initiated by GlcNAc additions catalyzed by position-specific N-acetylglucosaminyltransferases (GlcNAcTs). Each antenna can be exteneded or capped with HexNAc, deoxyHex, Hex, or sialic acid residues. [Essentials of Glycobiology:Glossary]	N-Linked Type	SRC:EOG_VARKI_4E|biantennary N-glycan; SRC:GSD_GLYGEN_V0|biantennary N-glycan			
GSD:c453bc0a-a177-5fa0-b20d-23636ce0200e	bisected complex-type N-glycan	TRUE		1	1	bisected complex-type N-glycan			N-Linked Type	SRC:EOG_VARKI_4E|bisected complex-type N-glycan			
GSD:69988744-7296-5f26-8c2b-7a2cf6cd3ad3	bisecting GlcNAc	TRUE		2	1	bisecting GlcNAc	bisecting N-acetylglucosamine; β1-4-GlcNAc	The bisecting GlcNAc is a modification of hybrid or complex N-linked glycans in which a single GlcNAc is added to the 3 position of the b-linked Man found in the trimannosyl core structure. The modification is catalyzed by beta 1,4-N-acetylglucosaminyltransferase III (GlcNAcT-III) or MGAT3 (E.C. 2.4.1.144). The addition of a bisecting GlcNAc on a hybrid or trimmed hybrid glycan prevents the sub...	N-Linked Type	SRC:EOG_VARKI_4E|bisecting GlcNAc; SRC:GSD_GLYGEN_V0|bisecting GlcNAc			
GSD:404bf970-2534-5f2f-86e1-746f0302e08a	bisecting α1-4GlcNAc	TRUE		1	1	bisecting α1-4GlcNAc	α1-4GlcNAc		N-Linked Type	SRC:EOG_VARKI_4E|bisecting α1-4GlcNAc			
GSD:e8759070-187e-4e86-ae75-0f4697e034f4	Blood group A	TRUE		1	1	Blood group A	type 2			SRC:CUMMINGS|Blood group A			
GSD:77987280-c657-41dd-88bd-6a48a01f64ed	Blood group A antigen hexaose type 2	TRUE		1	1	Blood group A antigen hexaose type 2			Blood group A antigens	SRC:BIOOLIGO|Blood group A antigen hexaose type 2			
GSD:bcb45aa3-6778-4ead-8f4f-a85d57959302	Blood group A antigen pentaose type 2	TRUE		2	2	Blood group A antigen pentaose type 2; Galili antigen pentaose			Blood group A antigens	SRC:BIOOLIGO|Blood group A antigen pentaose type 2; SRC:BIOOLIGO|Galili antigen pentaose			
GSD:3e659504-2013-46d4-89fb-2cffa62f4c4d	Blood group A antigen pentaose type 4	TRUE		1	1	Blood group A antigen pentaose type 4			Blood group A antigens	SRC:BIOOLIGO|Blood group A antigen pentaose type 4			
GSD:38d06d2e-9a69-4b8a-b9f2-9cc076e213e9	Blood group A antigen tetraose type 5	TRUE		1	1	Blood group A antigen tetraose type 5			Blood group A antigens	SRC:BIOOLIGO|Blood group A antigen tetraose type 5			
GSD:7ec6f782-4bc2-57ae-a15d-27c73f9a14f7	blood group A determinant	TRUE	G00066MO	3	2	blood group A; blood group A determinant	blood group A trisaccharide; A blood group determinant; blood group A glycans; A antigen	A branched amino trisaccharide consisting of β-D-galactose having an α-L-fucosyl residue at the 2-position and an N-acetyl-α-D-galactosaminyl residue at the 3-position.[CHEBI:61012]	Named Functional Motif	SRC:EOG_VARKI_4E|blood group A determinant; SRC:GSD_GLYGEN_V0|blood group A determinant; SRC:PUBDICTIONARIES-GLYCAN-IMAGE|blood group A			
GSD:50901d7a-fc59-4fd9-beec-cbdf6f2b5cfc	Blood Group A Like	TRUE	G10902TC	1	1	Blood Group A Like				SRC:PUBDICT_GLYCAN_MOTIF|Blood Group A Like			
GSD:279d0705-3eab-4c6f-b0bd-d34ffa4ebc51	blood group A trisaccharide	TRUE	G00066MO; G17108EX; G58507AZ; G33888AF; G48600JD; G88356HA	7	5	Blood Group A; Blood group A; Blood group A antigen triose; Blood Group A Trisaccharide; blood group A trisaccharide			Blood group A antigens	SRC:BIOOLIGO|Blood group A antigen triose; SRC:GLYCOEPITOPE|Blood Group A Trisaccharide; SRC:GLYCOMOTIF_CCRC|Blood group A; SRC:PUBDICTIONARIES-GLYCAN-IMAGE|blood group A trisaccharide; SRC:PUBDICT_GLYCAN_MOTIF|Blood group A; SRC:PUBDICT_GLYCOSMOS|Blood Group A; SRC:PUBDICT_MOTIF_GTC|Blood group A			
GSD:ae80aeaa-7f09-4089-bbf8-f939ca66e601	blood group A type 1	TRUE	G66163TI; G71485PH; G03986GH; G44060QH; G97501MA	16	9	A7 type 1; A9 type 1; Blood group A (type 1); Blood group A antigen hexaose type 1; Blood group A antigen pentaose type 1; Blood group A antigen tetraose type 1; Blood Group A Type 1; blood group A type 1; Blood group A1	Blood group A(1); blood group A antigen type 1; type 3	An α-D-GalpNAc-(1→3)-[α-L-Fucp-(1→2)]-β-D-Galp-(1→3)-D-GlcpNAc having β-configuration at the reducing end anomeric centre.[CHEBI:62485]	Glycosphingolipid	SRC:BIOOLIGO|Blood group A antigen hexaose type 1; SRC:BIOOLIGO|Blood group A antigen pentaose type 1; SRC:BIOOLIGO|Blood group A antigen tetraose type 1; SRC:CUMMINGS|Blood group A1; SRC:GLYCOEPITOPE|Blood Group A Type 1; SRC:GLYCOMOTIF_CCRC|Blood group A1; SRC:GLYCOMOTIF_GDV|Blood group A (type 1); SRC:GLYCOMOTIF_GGM|Blood group A (type 1); SRC:GSD_GLYGEN_V0|blood group A type 1; SRC:PUBDICTIONARIES-GLYCAN-IMAGE|blood group A type 1; SRC:PUBDICT_GLYCAN_MOTIF|Blood Group A Type 1; SRC:PUBDICT_GLYCAN_MOTIF|Blood group A (type 1); SRC:PUBDICT_GLYCAN_MOTIF|Blood group A1; SRC:PUBDICT_GLYCOSMOS|Blood Group A Type 1; SRC:SUGARBIND|A7 type 1; SRC:SUGARBIND|A9 type 1			
GSD:5bd9117e-6e5a-49a7-81e7-73ce5ebb17e1	blood group A type 1 (difucosyl)	TRUE	G97501MA	9	6	Blood group A (type 1)  (A-Lewis b); Blood group A (type 1) (A-Leb); Blood group A (type 1) - Lewis b; Blood group A Lewis B antigen pentaose type1; Blood Group A Type 1 (difucosyl); blood group A type 1 (difucosyl)	A-Leb; A-Le^b		Blood group A antigens	SRC:BIOOLIGO|Blood group A Lewis B antigen pentaose type1; SRC:GLYCOEPITOPE|Blood Group A Type 1 (difucosyl); SRC:GLYCOMOTIF_GDV|Blood group A (type 1)  (A-Lewis b); SRC:GLYCOMOTIF_GGM|Blood group A (type 1) - Lewis b; SRC:PUBDICTIONARIES-GLYCAN-IMAGE|blood group A type 1 (difucosyl); SRC:PUBDICT_GLYCAN_MOTIF|Blood Group A Type 1 (difucosyl); SRC:PUBDICT_GLYCAN_MOTIF|Blood group A (type 1)  (A-Lewis b); SRC:PUBDICT_GLYCAN_MOTIF|Blood group A (type 1) (A-Leb); SRC:PUBDICT_GLYCOSMOS|Blood Group A Type 1 (difucosyl)			
GSD:48d6e2a5-4952-47e2-8500-2570e071f47c	blood group A type 2	TRUE	G74353FF; G17108EX; G62735WZ; G19804SF; G54826OZ	18	9	A tetra type 2; A-tetra type 2; Blood group A (type 2); Blood group A antigen tetraose type 2; Blood Group A Type 2; blood group A type 2; Blood group A type 2 tetrasaccharide; Blood group A2; Blood group A2 (A-associated H type 3)	A Type 2; Blood group A type 2 chain; A-associated H type 3	A branched amino tetrasaccharide comprising N-acetyl-β-D-glucosamine at the reducing end with a N-acetyl-α-D-galactosaminyl-(1→3)-[α-L-fucosyl-(1→2)]-β-D-galactosyl moiety attached at the 4-position.[CHEBI:62486]	Blood group A antigens	SRC:BIOOLIGO|A-tetra type 2; SRC:BIOOLIGO|Blood group A antigen tetraose type 2; SRC:CUMMINGS|Blood group A2; SRC:GLYCOEPITOPE|Blood Group A Type 2; SRC:GLYCOMOTIF_CCRC|Blood group A2; SRC:GLYCOMOTIF_GDV|Blood group A (type 2); SRC:GLYCOMOTIF_GDV|Blood group A2 (A-associated H type 3); SRC:GLYCOMOTIF_GGM|Blood group A (type 2); SRC:GLYCOMOTIF_GGM|Blood group A2 (A-associated H type 3); SRC:GSD_GLYGEN_V0|blood group A type 2; SRC:PUBDICTIONARIES-GLYCAN-IMAGE|blood group A type 2; SRC:PUBDICT_GLYCAN_MOTIF|Blood Group A Type 2; SRC:PUBDICT_GLYCAN_MOTIF|Blood group A (type 2); SRC:PUBDICT_GLYCAN_MOTIF|Blood group A2; SRC:PUBDICT_GLYCAN_MOTIF|Blood group A2 (A-associated H type 3); SRC:PUBDICT_GLYCONAVI_NAME|A tetra type 2; SRC:PUBDICT_GLYCOSMOS|Blood Group A Type 2; SRC:SUGARBIND|Blood group A type 2 tetrasaccharide			
GSD:fbf4a554-5562-42a7-9a51-4679b1b9fef7	blood group A type 2 (difucosyl)	TRUE	G54826OZ	11	7	2'F-A type 2; Blood group A (type 2)  (A-Lewis Y); Blood group A (type 2) (A-Ley); Blood group A (type 2) - Lewis y; Blood group A Lewis Y antigen pentaose type2; Blood Group A Type 2 (difucosyl); blood group A type 2 (difucosyl)	A-Ley; A-Le^y		Blood group A antigens	SRC:BIOOLIGO|Blood group A Lewis Y antigen pentaose type2; SRC:GLYCOEPITOPE|Blood Group A Type 2 (difucosyl); SRC:GLYCOMOTIF_GDV|Blood group A (type 2)  (A-Lewis Y); SRC:GLYCOMOTIF_GGM|Blood group A (type 2) - Lewis y; SRC:PUBDICTIONARIES-GLYCAN-IMAGE|blood group A type 2 (difucosyl); SRC:PUBDICT_GLYCAN_MOTIF|Blood Group A Type 2 (difucosyl); SRC:PUBDICT_GLYCAN_MOTIF|Blood group A (type 2)  (A-Lewis Y); SRC:PUBDICT_GLYCAN_MOTIF|Blood group A (type 2) (A-Ley); SRC:PUBDICT_GLYCONAVI_ABBREV|2'F-A type 2; SRC:PUBDICT_GLYCONAVI_NAME|2'F-A type 2; SRC:PUBDICT_GLYCOSMOS|Blood Group A Type 2 (difucosyl)			
GSD:eee3138f-0bab-4932-b162-1beac3aae6c3	blood group A type 3	TRUE	G99315PE; G44060QH	11	4	A antigen (type 3); Blood Group A Type 3; blood group A type 3; Blood group A1 (type 3)	A type 3 antigen; blood group A type 3; A antigen (type 3)		GlycoMotif GGM motif	SRC:GLYCOEPITOPE|Blood Group A Type 3; SRC:GLYCOMOTIF_GDV|A antigen (type 3); SRC:GLYCOMOTIF_GDV|Blood group A1 (type 3); SRC:GLYCOMOTIF_GGM|A antigen (type 3); SRC:GLYCOMOTIF_GGM|Blood group A1 (type 3); SRC:GSD_GLYGEN_V0|blood group A type 3; SRC:PUBDICTIONARIES-GLYCAN-IMAGE|blood group A type 3; SRC:PUBDICT_GLYCAN_MOTIF|A antigen (type 3); SRC:PUBDICT_GLYCAN_MOTIF|Blood Group A Type 3; SRC:PUBDICT_GLYCAN_MOTIF|Blood group A1 (type 3); SRC:PUBDICT_GLYCOSMOS|Blood Group A Type 3			
GSD:7cd6a813-ec70-42d2-b3fd-a9301d75b6b6	blood group A type 4	TRUE	G37830TX; G17480GI	9	4	A7 type 4; Blood group A (type 4); Blood Group A Type 4; blood group A type 4			Glycosphingolipid	SRC:GLYCOEPITOPE|Blood Group A Type 4; SRC:GLYCOMOTIF_GDV|Blood group A (type 4); SRC:GLYCOMOTIF_GGM|Blood group A (type 4); SRC:GSD_GLYGEN_V0|blood group A type 4; SRC:PUBDICTIONARIES-GLYCAN-IMAGE|blood group A type 4; SRC:PUBDICT_GLYCAN_MOTIF|Blood Group A Type 4; SRC:PUBDICT_GLYCAN_MOTIF|Blood group A (type 4); SRC:PUBDICT_GLYCOSMOS|Blood Group A Type 4; SRC:SUGARBIND|A7 type 4			
GSD:b584b143-e0c4-5b8f-8523-f8b53ea2cfbe	blood group antigens	TRUE		1	1	blood group antigens			Named Functional Motif	SRC:EOG_VARKI_4E|blood group antigens			
GSD:92d6743e-53ec-46e0-8126-127ff6164188	Blood group B antigen hexaose type 1	TRUE		1	1	Blood group B antigen hexaose type 1			Blood group B antigens	SRC:BIOOLIGO|Blood group B antigen hexaose type 1			
GSD:2d4fc6a1-624f-4406-89e4-12a64b311a74	Blood group B antigen hexaose type 2	TRUE		1	1	Blood group B antigen hexaose type 2			Blood group B antigens	SRC:BIOOLIGO|Blood group B antigen hexaose type 2			
GSD:964446eb-2eb5-4ee5-b3de-925ea13422b7	Blood group B antigen pentaose type 2	TRUE		1	1	Blood group B antigen pentaose type 2			Blood group B antigens	SRC:BIOOLIGO|Blood group B antigen pentaose type 2			
GSD:5a9f85f8-be30-420b-b83f-41598bd58f81	Blood group B antigen tetraose type 2	TRUE		4	3	B tetra type 2; B-tetra type 2; Blood group B antigen tetraose type 2			Blood group B antigens	SRC:BIOOLIGO|B-tetra type 2; SRC:BIOOLIGO|Blood group B antigen tetraose type 2; SRC:PUBDICT_GLYCONAVI_ABBREV|B tetra type 2; SRC:PUBDICT_GLYCONAVI_NAME|B tetra type 2			
GSD:903953c4-39f9-458a-b076-31fd78b872e0	Blood group B antigen tetraose type 5	TRUE		2	2	Blood group B antigen tetraose type 5; Fucosylated B antigen type 5			Blood group B antigens	SRC:BIOOLIGO|Blood group B antigen tetraose type 5; SRC:BIOOLIGO|Fucosylated B antigen type 5			
GSD:ec803b52-3ea8-408a-a755-d83b137d46ab	Blood group B antigen triose	TRUE		1	1	Blood group B antigen triose			Blood group B antigens	SRC:BIOOLIGO|Blood group B antigen triose			
GSD:79a67483-e981-5415-9ec5-1725243f3795	blood group B determinant	TRUE	G58612ZQ; G00067MO; G26934CO; G41865GQ; G60395SO; G65112QB	4	3	B antigen; Blood group B; blood group B determinant	B blood group determinant; blood group B glycans; B antigen; tri-		Named Functional Motif	SRC:EOG_VARKI_4E|blood group B determinant; SRC:PUBDICT_GLYCAN_MOTIF|Blood group B; SRC:PUBDICT_MOTIF_GTC|Blood group B; SRC:SUGARBIND|B antigen			
GSD:25f4858c-57b2-45ba-a699-5d0c5850faee	Blood group B Lewis Y antigen pentaose type2	TRUE		1	1	Blood group B Lewis Y antigen pentaose type2			Blood group B antigens	SRC:BIOOLIGO|Blood group B Lewis Y antigen pentaose type2			
GSD:0cd556eb-645e-4998-8348-4c3c3149852b	blood group B type 1	TRUE	G31734OS; G89208KM	13	10	3-Fucosylated Blood group B tetraose; B tetra type 1; Blood group B (type 1); Blood group B (type 1)  (B-Lewis Y); Blood group B (type 1) (B-Ley); Blood group B antigen pentaose type 1; Blood group B antigen tetraose type 1; Blood group B Lewis Y antigen pentaose type1; Blood Group B Type 1; blood group B type 1	blood group B type 1 tetrasaccharide	α-D-Galp-(1→3)-[α-L-Fucp-(1→2)]-β-D-Galp-(1→3)-β-D-GlcpNAc with β configuration at the anomeric carbon of the GlcNAc residue at the reducing end.[CHEBI:63242]	Blood group B antigens	SRC:BIOOLIGO|3-Fucosylated Blood group B tetraose; SRC:BIOOLIGO|Blood group B Lewis Y antigen pentaose type1; SRC:BIOOLIGO|Blood group B antigen pentaose type 1; SRC:BIOOLIGO|Blood group B antigen tetraose type 1; SRC:GLYCOMOTIF_GDV|Blood group B (type 1); SRC:GLYCOMOTIF_GDV|Blood group B (type 1)  (B-Lewis Y); SRC:GLYCOMOTIF_GGM|Blood group B (type 1); SRC:GSD_GLYGEN_V0|blood group B type 1; SRC:PUBDICT_GLYCAN_MOTIF|Blood Group B Type 1; SRC:PUBDICT_GLYCAN_MOTIF|Blood group B (type 1); SRC:PUBDICT_GLYCAN_MOTIF|Blood group B (type 1)  (B-Lewis Y); SRC:PUBDICT_GLYCAN_MOTIF|Blood group B (type 1) (B-Ley); SRC:PUBDICT_GLYCONAVI_NAME|B tetra type 1			
GSD:35f63383-e163-47c1-8217-36222c16ebcd	blood group B type 2	TRUE	G34881WK; G94956AW	11	5	2'F-B type 2; Blood group B; Blood group B (type 2); Blood Group B Type 2; blood group B type 2	blood group B type 2; type 2		GlycoMotif GGM motif	SRC:CUMMINGS|Blood group B; SRC:GLYCOEPITOPE|Blood Group B Type 2; SRC:GLYCOMOTIF_GDV|Blood group B (type 2); SRC:GLYCOMOTIF_GGM|Blood group B (type 2); SRC:GSD_GLYGEN_V0|blood group B type 2; SRC:PUBDICTIONARIES-GLYCAN-IMAGE|blood group B type 2; SRC:PUBDICT_GLYCAN_MOTIF|Blood Group B Type 2; SRC:PUBDICT_GLYCAN_MOTIF|Blood group B (type 2); SRC:PUBDICT_GLYCONAVI_ABBREV|2'F-B type 2; SRC:PUBDICT_GLYCONAVI_NAME|2'F-B type 2; SRC:PUBDICT_GLYCOSMOS|Blood Group B Type 2			
GSD:49f25ae6-69db-47ad-98eb-7f77ac4a169f	blood group B type 4	TRUE	G25216QA	5	3	Blood group B (type 4); Blood group B antigen pentaose type 4; blood group B type 4			Blood group B antigens	SRC:BIOOLIGO|Blood group B antigen pentaose type 4; SRC:GLYCOMOTIF_GDV|Blood group B (type 4); SRC:GLYCOMOTIF_GGM|Blood group B (type 4); SRC:GSD_GLYGEN_V0|blood group B type 4; SRC:PUBDICT_GLYCAN_MOTIF|Blood group B (type 4)			
GSD:aeba4e82-f61e-4aa5-81d5-84fb4d69e9aa	Blood group H antigen tetraose type 2	TRUE		1	1	Blood group H antigen tetraose type 2			Blood group H antigens (Blood group O)	SRC:BIOOLIGO|Blood group H antigen tetraose type 2			
GSD:fd46db6e-bd64-48ef-8906-d30b288155b8	Blood group H antigen tetraose type 4 (Globo H tetraose)	TRUE		1	1	Blood group H antigen tetraose type 4 (Globo H tetraose)			Blood group H antigens (Blood group O) and Globo H tetraose	SRC:BIOOLIGO|Blood group H antigen tetraose type 4 (Globo H tetraose)			
GSD:d291f494-6ab0-41e6-9515-0b5b642cf245	Blood group H antigen triaose type 2	TRUE		1	1	Blood group H antigen triaose type 2			Blood group H antigens (Blood group O)	SRC:BIOOLIGO|Blood group H antigen triaose type 2			
GSD:7c73812d-0a4f-4423-a915-7aabcc9c96b3	Blood group H antigen triose type 1	TRUE		1	1	Blood group H antigen triose type 1			Blood group H antigens (Blood group O)	SRC:BIOOLIGO|Blood group H antigen triose type 1			
GSD:740f694c-a992-496e-80e6-e944c2f12b6e	Blood group H antigen triose type 4	TRUE		1	1	Blood group H antigen triose type 4			Blood group H antigens (Blood group O)	SRC:BIOOLIGO|Blood group H antigen triose type 4			
GSD:64e58b0c-a794-42f5-a392-c44d7c263818	Blood group H antigen triose type 5	TRUE		2	2	Blood group H antigen triose type 5; Blood group H antigen triose type 5 (2′-Fucosyllactose)			Blood group H antigens (Blood group O)	SRC:BIOOLIGO|Blood group H antigen triose type 5; SRC:BIOOLIGO|Blood group H antigen triose type 5 (2′-Fucosyllactose)			
GSD:6987bd31-0e4b-46ad-90d9-b3ed4f22c953	Blood group H antigen triose type 6	TRUE		1	1	Blood group H antigen triose type 6			Blood group H antigens (Blood group O)	SRC:BIOOLIGO|Blood group H antigen triose type 6			
GSD:33654432-0fbb-5d63-964b-04779c68d99e	blood group H determinant	TRUE	G00068MO; G88393MK; G46868TY	9	6	Antigen H; blood group H; Blood group H antigen tetraose type 1; Blood Group H antigen tetraose tyype 1; blood group H determinant; H antigen	H blood group determinant; blood group H glycans; H antigen; H1 (tri-); type 3		Named Functional Motif	SRC:BIOOLIGO|Blood Group H antigen tetraose tyype 1; SRC:BIOOLIGO|Blood group H antigen tetraose type 1; SRC:CUMMINGS|H antigen; SRC:EOG_VARKI_4E|blood group H determinant; SRC:GLYCOMOTIF_CCRC|H antigen; SRC:PUBDICTIONARIES-GLYCAN-IMAGE|blood group H; SRC:PUBDICT_GLYCAN_MOTIF|Antigen H; SRC:PUBDICT_GLYCAN_MOTIF|H antigen; SRC:SUGARBIND|Antigen H			
GSD:067fc20f-5196-4e52-8493-97120eff6a4c	blood group H disaccharide	TRUE	G00068MO; G43391VM; G50899UD; G49963IQ	7	4	Blood Group H; Blood group H; Blood Group H Disaccharide; blood group H disaccharide			GlycoMotif CCRC motif	SRC:GLYCOEPITOPE|Blood Group H Disaccharide; SRC:GLYCOMOTIF_CCRC|Blood group H; SRC:PUBDICTIONARIES-GLYCAN-IMAGE|blood group H disaccharide; SRC:PUBDICT_GLYCAN_MOTIF|Blood Group H Disaccharide; SRC:PUBDICT_GLYCAN_MOTIF|Blood group H; SRC:PUBDICT_GLYCOSMOS|Blood Group H; SRC:PUBDICT_MOTIF_GTC|Blood group H			
GSD:d28a8847-24b7-4b09-85d9-6a57033ee04c	Blood Group H Like	TRUE	G82749ZI	2	2	Blood Group H Like; Internal Blood Group H				SRC:PUBDICT_GLYCAN_MOTIF|Blood Group H Like; SRC:PUBDICT_GLYCAN_MOTIF|Internal Blood Group H			
GSD:fff47803-9624-5c8b-b6ac-f54c493cd27c	blood group H type 1	TRUE	G00294TN; G40696TO; G00050MO; G50899UD	13	7	Blood group H (type 1); Blood Group H Type 1; blood group H type 1; blood group H type-1; H type 1; H-type1; H5 type 1	H type 1; type 1 blood group H core trisaccharide; Fucα1-2Galβ1-3GlcNAc1α-		Named Functional Motif	SRC:EOG_VARKI_4E|blood group H type-1; SRC:GLYCOEPITOPE|Blood Group H Type 1; SRC:GLYCOMOTIF_GDV|Blood group H (type 1); SRC:GLYCOMOTIF_GGM|Blood group H (type 1); SRC:GSD_GLYGEN_V0|blood group H type 1; SRC:PUBDICTIONARIES-GLYCAN-IMAGE|blood group H type 1; SRC:PUBDICT_GLYCAN_MOTIF|Blood Group H Type 1; SRC:PUBDICT_GLYCAN_MOTIF|Blood group H (type 1); SRC:PUBDICT_GLYCONAVI_ABBREV|H-type1; SRC:PUBDICT_GLYCONAVI_NAME|H-type1; SRC:PUBDICT_GLYCOSMOS|Blood Group H Type 1; SRC:SUGARBIND|H type 1; SRC:SUGARBIND|H5 type 1			
GSD:b8046ab9-0606-4e88-a54a-941c84879541	blood group H type 2	TRUE	G70519XK; G61459JW; G00052MO	15	8	Blood group H; Blood group H (type 2); Blood group H (type 2) (Ley); Blood group H antigen pentaose type 2; Blood Group H Type 2; blood group H type 2; H-type2; H2	Blood group H (type 2); H type 2; H type 2 chain; H type 2 antigen; type 2 chain H; blood group H type II; type 2		Blood group H antigens (Blood group O)	SRC:BIOOLIGO|Blood group H antigen pentaose type 2; SRC:CUMMINGS|Blood group H; SRC:GLYCOEPITOPE|Blood Group H Type 2; SRC:GLYCOMOTIF_GDV|Blood group H (type 2); SRC:GLYCOMOTIF_GGM|Blood group H (type 2); SRC:GSD_GLYGEN_V0|blood group H type 2; SRC:PUBDICTIONARIES-GLYCAN-IMAGE|blood group H type 2; SRC:PUBDICT_GLYCAN_MOTIF|Blood Group H Type 2; SRC:PUBDICT_GLYCAN_MOTIF|Blood group H (type 2); SRC:PUBDICT_GLYCAN_MOTIF|Blood group H (type 2) (Ley); SRC:PUBDICT_GLYCONAVI_ABBREV|H-type2; SRC:PUBDICT_GLYCONAVI_ABBREV|H2; SRC:PUBDICT_GLYCONAVI_NAME|H-type2; SRC:PUBDICT_GLYCONAVI_NAME|H2; SRC:PUBDICT_GLYCOSMOS|Blood Group H Type 2			
GSD:d68839cf-9b6b-4677-b896-ff47818e01a2	blood group H type 3	TRUE	G94435QH; G66086EX	12	5	Blood group H antigen triose type 3; Blood Group H Type 3; blood group H type 3; H antigen (type 3); H3	H type 3; H antigen (type 3); Type 3 chain H; di-		Blood group H antigens (Blood group O)	SRC:BIOOLIGO|Blood group H antigen triose type 3; SRC:GLYCOEPITOPE|Blood Group H Type 3; SRC:GLYCOMOTIF_GDV|H antigen (type 3); SRC:GLYCOMOTIF_GGM|H antigen (type 3); SRC:GSD_GLYGEN_V0|blood group H type 3; SRC:PUBDICTIONARIES-GLYCAN-IMAGE|blood group H type 3; SRC:PUBDICT_GLYCAN_MOTIF|Blood Group H Type 3; SRC:PUBDICT_GLYCAN_MOTIF|H antigen (type 3); SRC:PUBDICT_GLYCONAVI_ABBREV|H3; SRC:PUBDICT_GLYCONAVI_NAME|H3; SRC:PUBDICT_GLYCOSMOS|Blood Group H Type 3; SRC:SUGARBIND|H3			
GSD:1a26c7ae-0b93-4167-b65b-4573d611d8f8	blood group H type 4	TRUE	G98465JN; G35778AN	8	3	Blood group H (type 4); Blood Group H Type 4; blood group H type 4		An amino hexasaccharide consisting of α-L-fucose, β-D-galactose, N-acetyl-α-D-galactosamine, α-D-galactose, β-D-galactose and β-D-glucose residues joined in sequence with (1→2)-, (1→3)-, (1→3)-, (1→4)- and (1→4)-linkages, respectively.[CHEBI:65245]	GlycoMotif GGM motif	SRC:GLYCOEPITOPE|Blood Group H Type 4; SRC:GLYCOMOTIF_GDV|Blood group H (type 4); SRC:GLYCOMOTIF_GGM|Blood group H (type 4); SRC:GSD_GLYGEN_V0|blood group H type 4; SRC:PUBDICTIONARIES-GLYCAN-IMAGE|blood group H type 4; SRC:PUBDICT_GLYCAN_MOTIF|Blood Group H Type 4; SRC:PUBDICT_GLYCAN_MOTIF|Blood group H (type 4); SRC:PUBDICT_GLYCOSMOS|Blood Group H Type 4			
GSD:6a4fab1d-d630-4035-821b-b27b9db8c7dc	Boivinose	TRUE		1	1	Boivinose				SRC:PUBDICT_GLYCONAVI_NAME|Boivinose			
GSD:5e28351b-8816-5e00-8aeb-cdc7a43e3eb9	branched N-glycan	TRUE		1	1	branched N-glycan			N-Linked Type	SRC:EOG_VARKI_4E|branched N-glycan			
GSD:12a331e1-df46-5810-a2c0-83a4675298ce	C-mannose	TRUE		1	1	C-mannose	C-linked mannose		Other	SRC:EOG_VARKI_4E|C-mannose			
GSD:ad4eef06-adc3-5576-ab88-d97ecabba171	c-series gangliosides	TRUE	G45770AV	4	3	c-series gangliosides; C-Series Gangliosides  Oligosaccharide / Hemato- or Ganglio-Type; C-Series gangliosides oligosaccharide / hemato- or ganglio-type	c-series		Glycolipid	SRC:EOG_VARKI_4E|c-series gangliosides; SRC:GLYCOEPITOPE|C-Series Gangliosides  Oligosaccharide / Hemato- or Ganglio-Type; SRC:PUBDICTIONARIES-GLYCAN-IMAGE|C-Series gangliosides oligosaccharide / hemato- or ganglio-type; SRC:PUBDICT_GLYCAN_MOTIF|C-Series Gangliosides  Oligosaccharide / Hemato- or Ganglio-Type			
GSD:bf50c766-1cc1-49a2-9791-c3797b1dd8ff	C-Series Gangliosides / Hemato- or Ganglio-Type	TRUE	G45770AV	1	1	C-Series Gangliosides / Hemato- or Ganglio-Type				SRC:PUBDICT_GLYCAN_MOTIF|C-Series Gangliosides / Hemato- or Ganglio-Type			
GSD:8fa68b71-72f5-4f94-b404-18b896eb44e3	C-Series Gangliosides Oligosaccharide / Gangliotetraosyl Core Structure	TRUE	G78818SP	3	2	C-Series Gangliosides / Gangliotetraosyl Core; C-Series Gangliosides Oligosaccharide / Gangliotetraosyl Core Structure				SRC:GLYCOEPITOPE|C-Series Gangliosides Oligosaccharide / Gangliotetraosyl Core Structure; SRC:PUBDICT_GLYCAN_MOTIF|C-Series Gangliosides / Gangliotetraosyl Core; SRC:PUBDICT_GLYCAN_MOTIF|C-Series Gangliosides Oligosaccharide / Gangliotetraosyl Core Structure			
GSD:d5606d4d-5018-4a71-997a-6b29f4187a99	CA19-9	TRUE	G00053MO	2	1	CA19-9	carbohydrate antigen 19-9		Carbohydratae Antigen (CA)	SRC:EOG_VARKI_4E|CA19-9; SRC:GSD_GLYGEN_V0|CA19-9			
GSD:e378ed10-8d8f-49fe-8b28-06429710f586	CA19-9 antigen	TRUE	G00053MO	1	1	CA19-9 antigen				SRC:PUBDICT_GLYCAN_MOTIF|CA19-9 antigen			
GSD:a84b8d8d-ef52-4d5a-8c32-489cb6d31a98	CAD	TRUE	G00063MO	2	1	CAD				SRC:PUBDICT_GLYCAN_MOTIF|CAD; SRC:PUBDICT_MOTIF_GTC|CAD			
GSD:1083d84a-bf43-50ba-a94d-bf349b194916	callose	TRUE		1	1	callose			Polysaccharide	SRC:EOG_VARKI_4E|callose			
GSD:2721b555-911d-4079-a026-e761a752deb8	CD77	TRUE	G00059MO	2	1	CD77	Galα1-4Galβ1-4Glc		Cluster of Differentiation	SRC:EOG_VARKI_4E|CD77; SRC:GSD_GLYGEN_V0|CD77			
GSD:1631d080-5dbb-5950-a0da-474aeb12d32d	cellobiose	TRUE	G55560AP	4	2	Cellobiose; cellobiose	cellobiose units		Polysaccharide Repeating Unit	SRC:EOG_VARKI_4E|cellobiose; SRC:PUBDICTIONARIES-GLYCAN-IMAGE|cellobiose; SRC:PUBDICT_GLYCONAVI_NAME|Cellobiose; SRC:PUBDICT_GLYCOSMOS|cellobiose			
GSD:4e6d2a6d-f729-4387-a94e-9997490ce215	cellotriose	TRUE	G50026IZ	3	2	Cellotriose; cellotriose				SRC:PUBDICTIONARIES-GLYCAN-IMAGE|cellotriose; SRC:PUBDICT_GLYCONAVI_NAME|Cellotriose; SRC:PUBDICT_GLYCOSMOS|cellotriose			
GSD:c7381b2b-a6b8-53b0-9ccd-02d2e5f775f7	cellulose	TRUE	G00025MO	2	2	Cellulose; cellulose			Polysaccharide	SRC:EOG_VARKI_4E|cellulose; SRC:PUBDICT_MOTIF_GTC|Cellulose			
GSD:47e8cd16-fe60-43f2-9d8e-91c0bf3d3b17	Cellulose like Glc(1-4)n	TRUE	G00025MO	1	1	Cellulose like Glc(1-4)n				SRC:PUBDICT_GLYCAN_MOTIF|Cellulose like Glc(1-4)n			
GSD:054bf2b0-7e12-4db2-ad82-3f65435eeb78	ceramide dihexosyl sulfate	TRUE	G04416BG; G20044TD; G50926NK; G98482BC	8	4	Ceramide dihexosyl sulfate; ceramide dihexosyl sulfate; Lactosylsulfatide; Sulf-lactosylceramide		A sulfatide with two hexose moieties (glucose and galactose) has been isolated from human kidney (Martensson E, Acta Chem Scand 1963, 17, 1174). Equimolar amounts of ceramide, glucose, galactose, and sulfate are found in the molecule. The sulfate group is esterified, as in sulfatides, with carbon 3 of the galactose moiety. The linkage between galactose and glucose is identical to lactose (b-1-4...	Glycosphingolipid	SRC:CUMMINGS|Ceramide dihexosyl sulfate; SRC:GLYCOMOTIF_CCRC|Ceramide dihexosyl sulfate; SRC:GLYCOMOTIF_GDV|Ceramide dihexosyl sulfate; SRC:GLYCOMOTIF_GGM|Ceramide dihexosyl sulfate; SRC:GSD_GLYGEN_V0|ceramide dihexosyl sulfate; SRC:PUBDICT_GLYCAN_MOTIF|Ceramide dihexosyl sulfate; SRC:SUGARBIND|Lactosylsulfatide; SRC:SUGARBIND|Sulf-lactosylceramide			
GSD:c6c70d5f-d598-45d7-941c-191a729a610e	Chacotriose	TRUE		1	1	Chacotriose				SRC:PUBDICT_GLYCONAVI_NAME|Chacotriose			
GSD:b2796d0a-c83c-40b5-9ec3-6c5327187198	Chalcose	TRUE		1	1	Chalcose				SRC:PUBDICT_GLYCONAVI_NAME|Chalcose			
GSD:87cba7f2-dfd0-5338-a6bb-0100197ad8ad	chitin	TRUE	G97099AY	3	1	chitin	1-4-linked β-D-GlcNAc		Polysaccharide	SRC:EOG_VARKI_4E|chitin; SRC:PUBDICTIONARIES-GLYCAN-IMAGE|chitin; SRC:PUBDICT_GLYCOSMOS|chitin			
GSD:8756b00b-9dcc-514c-a965-d339f8ec93b2	chitobiose	TRUE	G07982RO	3	2	Chitobios; chitobiose	chito-motif		Named Functional Motif	SRC:EOG_VARKI_4E|chitobiose; SRC:PUBDICT_GLYCAN_MOTIF|Chitobios; SRC:SUGARBIND|Chitobios			
GSD:871cc8a5-95c9-45e8-95af-b6fdfbc22f9a	Chitohexose	TRUE		2	2	Chitohexaose; Chitohexose			Miscellaneous (Chitin oligosaccharides)	SRC:BIOOLIGO|Chitohexaose; SRC:BIOOLIGO|Chitohexose			
GSD:6e561d58-b391-4d90-b748-04221d92fb00	Chitopentose	TRUE		2	2	Chitopentaose; Chitopentose			Miscellaneous (Chitin oligosaccharides)	SRC:BIOOLIGO|Chitopentaose; SRC:BIOOLIGO|Chitopentose			
GSD:503b0375-3ec3-47fa-977d-2d15a1f6acd6	Chitotetraose	TRUE		1	1	Chitotetraose			Miscellaneous (Chitin oligosaccharides)	SRC:BIOOLIGO|Chitotetraose			
GSD:7827b41c-4be6-48b2-9691-9ded2114b21a	Chitotriose	TRUE		1	1	Chitotriose			Miscellaneous (Chitin oligosaccharides)	SRC:BIOOLIGO|Chitotriose			
GSD:c0561c11-1067-5e5a-ba4b-43ad894ccf41	chondroitin	TRUE	G43702JT; G00018MO	6	2	Chondroitin; chondroitin			Polysaccharide	SRC:EOG_VARKI_4E|chondroitin; SRC:GLYCOEPITOPE|Chondroitin; SRC:PUBDICTIONARIES-GLYCAN-IMAGE|chondroitin; SRC:PUBDICT_GLYCAN_MOTIF|Chondroitin; SRC:PUBDICT_GLYCOSMOS|Chondroitin; SRC:PUBDICT_MOTIF_GTC|Chondroitin			
GSD:3d250b8c-6c0f-5d52-9fd3-1a58a7660e1d	chondroitin sulfate	TRUE	G00018MO	3	2	Chondroitin sulfate; chondroitin sulfate	chondroitin polysulfate; chondroitin sulfate; chondroitin sulfates; chondroitin sulfuric acid; chondroitin sulphate; Chondroitinsulfate; chondroitin sulfate chain	Any of a class of 10‚Äî60 kDa glycosaminoglycan sulfates, widely distributed in cartilage and other mammalian connective tissues.[CHEBI:37397]	Polysaccharide	SRC:EOG_VARKI_4E|chondroitin sulfate; SRC:GSD_GLYGEN_V0|chondroitin sulfate; SRC:PUBDICT_MOTIF_GTC|Chondroitin sulfate			
GSD:0a5b0166-1241-5a4a-a0d8-d7d1970792c6	chondroitin sulfate A	TRUE		2	1	chondroitin sulfate A			Polysaccharide	SRC:EOG_VARKI_4E|chondroitin sulfate A; SRC:GSD_GLYGEN_V0|chondroitin sulfate A			
GSD:37210836-4c03-58ec-ae10-befc14eacc9e	chondroitin sulfate B	TRUE		2	1	chondroitin sulfate B			Polysaccharide	SRC:EOG_VARKI_4E|chondroitin sulfate B; SRC:GSD_GLYGEN_V0|chondroitin sulfate B			
GSD:0d5ea83b-21ec-59e0-a01e-35fb322984f4	chondroitin sulfate C	TRUE		2	1	chondroitin sulfate C			Polysaccharide	SRC:EOG_VARKI_4E|chondroitin sulfate C; SRC:GSD_GLYGEN_V0|chondroitin sulfate C			
GSD:5529f60d-2731-4786-9388-ceecabb6bbee	chondroitin sulfate D	TRUE	G46732TY	5	3	Chindroitin Sulfate D Unit; Chodroitin Sulfate D Unit; chondroitin sulfate D				SRC:GLYCOEPITOPE|Chindroitin Sulfate D Unit; SRC:PUBDICTIONARIES-GLYCAN-IMAGE|chondroitin sulfate D; SRC:PUBDICT_GLYCAN_MOTIF|Chindroitin Sulfate D Unit; SRC:PUBDICT_GLYCAN_MOTIF|Chodroitin Sulfate D Unit; SRC:PUBDICT_GLYCOSMOS|Chindroitin Sulfate D Unit			
GSD:7b7c9b97-5851-432f-b9ab-d0b64beb2d6e	chondroitin sulfate/dermatan sulfate	TRUE		1	1	chondroitin sulfate/dermatan sulfate	CS/DS; chondroitin/dermatan sulfate			SRC:GSD_GLYGEN_V0|chondroitin sulfate/dermatan sulfate			
GSD:42ff6ce1-17f1-4b4c-906e-f0b12631c1cf	Chondroitin tetrasaccharide	TRUE		1	1	Chondroitin tetrasaccharide			GAGs	SRC:BIOOLIGO|Chondroitin tetrasaccharide			
GSD:5c444dc8-d458-53df-88a8-65344b643df1	chondroitin-4-sulfate	TRUE	G19059PI; G00018MO	6	3	Chondroitin 4S; Chondroitin-4-Sulfate; chondroitin-4-sulfate	4-sulfated chondroitin sulfate		Polysaccharide	SRC:EOG_VARKI_4E|chondroitin-4-sulfate; SRC:GLYCOEPITOPE|Chondroitin-4-Sulfate; SRC:PUBDICTIONARIES-GLYCAN-IMAGE|chondroitin-4-sulfate; SRC:PUBDICT_GLYCAN_MOTIF|Chondroitin 4S; SRC:PUBDICT_GLYCAN_MOTIF|Chondroitin-4-Sulfate; SRC:PUBDICT_GLYCOSMOS|Chondroitin-4-Sulfate			
GSD:38b53e04-c595-43d5-84ce-be2c1b8ff768	chondroitin-6-sulfate	TRUE	G34992DF	4	2	Chondroitin-6-Sulfate; chondroitin-6-sulfate	6-sulfated chondroitin sulfate			SRC:GLYCOEPITOPE|Chondroitin-6-Sulfate; SRC:PUBDICTIONARIES-GLYCAN-IMAGE|chondroitin-6-sulfate; SRC:PUBDICT_GLYCAN_MOTIF|Chondroitin-6-Sulfate; SRC:PUBDICT_GLYCOSMOS|Chondroitin-6-Sulfate			
GSD:2815cc13-f565-4868-9cf2-9e7800568658	cisGM1	TRUE	G03277YI; G14633CL	10	4	cisGM1; cisGM1 (GM1b); GM1; GM1b	GM1b	A member of the class of neuraminic acids that is neuraminic acid attached in sequence to β-D-galactopyranosyl, 2-acetamido-2-deoxy-β-D-galactopyranosyl, β-D-galactopyranosyl, and β-D-glucoopyranose units by (2→3), (1→3), (1→4), and (1→4) glycosidic linkages, respectively. It corresponds to the carbohydrate portion of ganglioside GM1b.[CHEBI:145580]	Glycosphingolipid	SRC:CUMMINGS|cisGM1; SRC:GLYCOMOTIF_CCRC|cisGM1; SRC:GLYCOMOTIF_GDV|cisGM1 (GM1b); SRC:GLYCOMOTIF_GGM|cisGM1; SRC:GSD_GLYGEN_V0|cisGM1; SRC:PUBDICT_GLYCAN_MOTIF|GM1b; SRC:PUBDICT_GLYCAN_MOTIF|cisGM1; SRC:PUBDICT_GLYCAN_MOTIF|cisGM1 (GM1b); SRC:PUBDICT_GLYCOSMOS|GM1b; SRC:SUGARBIND|GM1			
GSD:0a987ff8-c6dc-4955-984a-5a423c7d06b2	Cladinose	TRUE		1	1	Cladinose				SRC:PUBDICT_GLYCONAVI_NAME|Cladinose			
GSD:aa2b51d9-7149-48df-8857-6b6db65c30b7	Colitose	TRUE		1	1	Colitose				SRC:PUBDICT_GLYCONAVI_NAME|Colitose			
GSD:83407b75-f351-5941-a80f-f5f3e662a358	complex ganglioside	TRUE		1	1	complex ganglioside			Glycolipid	SRC:EOG_VARKI_4E|complex ganglioside			
GSD:918a1972-40ae-5a6e-9066-0b3b1c6fc5cf	complex glycan	TRUE		1	1	complex glycan	complex oligosaccharides		N-Linked Type	SRC:EOG_VARKI_4E|complex glycan			
GSD:01252e39-1f93-59e0-a64c-0655bfa4d620	complex glycolipid	TRUE		1	1	complex glycolipid			Glycolipid	SRC:EOG_VARKI_4E|complex glycolipid			
GSD:ebb26565-ed41-5f38-b9a5-a436515b2e86	complex O-glycan	TRUE		1	1	complex O-glycan			Others	SRC:EOG_VARKI_4E|complex O-glycan			
GSD:8898cfbc-b227-5381-aa3b-2d6e8f5c855c	complex-type N-glycan	TRUE	G00030MO; G35698AZ	5	2	complex-type N-glycan; N-Glycan complex	complex-type glycan; complex N-glycan; complex N-linked glycan	Type of N-linked glycan in which at least two antenna are present on the trimannosyl core, each initiated by GlcNAc additions catalyzed by position-specific N-acetylglucosaminyltransferases (GlcNAcTs). Each antenna can be exteneded or capped with HexNAc, deoxyHex, Hex, or sialic acid residues.	N-Linked Type	SRC:EOG_VARKI_4E|complex-type N-glycan; SRC:GLYCOMOTIF_GGM|N-Glycan complex; SRC:GSD_GLYGEN_V0|complex-type N-glycan; SRC:PUBDICT_GLYCAN_MOTIF|N-Glycan complex; SRC:PUBDICT_MOTIF_GTC|N-Glycan complex			
GSD:2387cdad-43b9-4c41-9c47-60f66326267c	core 0	TRUE	G57321FI	2	1	core 0				SRC:PUBDICTIONARIES-GLYCAN-IMAGE|core 0; SRC:PUBDICT_GLYCOSMOS|core 0			
GSD:d30c0796-5386-5d5a-b374-96d79431db98	core 1 O-glycan	TRUE	G00031MO	8	5	Core 1; core 1; core 1 O-glycan; Core type 1 triose; O-Glycan core 1	C1G; core 1; core 1 O-GalNAc glycan; Galβ1-3GalNAcαS/T		O-Linked Core	SRC:BIOOLIGO|Core type 1 triose; SRC:EOG_VARKI_4E|core 1 O-glycan; SRC:GLYCOMOTIF_GGM|O-Glycan core 1; SRC:GSD_GLYGEN_V0|core 1 O-glycan; SRC:PUBDICTIONARIES-GLYCAN-IMAGE|core 1; SRC:PUBDICT_GLYCAN_MOTIF|Core 1; SRC:PUBDICT_GLYCAN_MOTIF|O-Glycan core 1; SRC:PUBDICT_GLYCOSMOS|core 1			
GSD:84263c50-3256-5701-b917-3856baedd01f	core 2 O-glycan	TRUE	G00033MO; G00034MO	9	5	Core 2; core 2; core 2 O-glycan; Core type 2 triose; O-Glycan core 2	core 2; core 2 O-GalNAc glycan	The trisaccharide β-D-Gal-(1→3)-[β-D-GlcNAc-(1→6)]-D-GalNAc with α configuration at the anomeric centre of the N-acetylglucosamine residue at the reducing end.[CHEBI:62158]	O-Linked Core	SRC:BIOOLIGO|Core 2; SRC:BIOOLIGO|Core type 2 triose; SRC:EOG_VARKI_4E|core 2 O-glycan; SRC:GLYCOMOTIF_GGM|O-Glycan core 2; SRC:GSD_GLYGEN_V0|core 2 O-glycan; SRC:PUBDICTIONARIES-GLYCAN-IMAGE|core 2; SRC:PUBDICT_GLYCAN_MOTIF|O-Glycan core 2; SRC:PUBDICT_GLYCOSMOS|core 2; SRC:PUBDICT_MOTIF_GTC|O-Glycan core 2			
GSD:0bdf4f51-9378-5d0c-a017-220cfd707bbe	core 3 O-glycan	TRUE	G00035MO; G00036MO	9	4	core 3; core 3 O-glycan; O-Glycan core 3; O-Glycan core 3 fuzzy	core 3; core 3 O-GalNAc glycan	An amino disaccharide comprising an N-acetyl-β-D-glucosamine residue linked (1→3) to an N-acetyl-β-D-galactosamine residue at the reducing end.[CHEBI:71344]	O-Linked Core	SRC:EOG_VARKI_4E|core 3 O-glycan; SRC:GLYCOMOTIF_GGM|O-Glycan core 3; SRC:GLYCOMOTIF_GGM|O-Glycan core 3 fuzzy; SRC:GSD_GLYGEN_V0|core 3 O-glycan; SRC:PUBDICTIONARIES-GLYCAN-IMAGE|core 3; SRC:PUBDICT_GLYCAN_MOTIF|O-Glycan core 3; SRC:PUBDICT_GLYCAN_MOTIF|O-Glycan core 3 fuzzy; SRC:PUBDICT_GLYCOSMOS|core 3; SRC:PUBDICT_MOTIF_GTC|O-Glycan core 3			
GSD:380c3655-bfc9-5931-977b-294df335f2c3	core 4 O-glycan	TRUE	G00037MO; G00038MO	11	6	Core 4; core 4; core 4 O-glycan; Core type 4 (Elicityl); O-Glycan core 4; O-Glycan core 4 fuzzy	core 4; core 4 O-GalNAc glycan	A branched amino trisaccharide comprising an N -acetyl-α-D-galactosamine residue at the reducing end, to which are (1→3)- and (1→6)-linked two N -acetyl-α-D-glucosamine residues.[CHEBI:71341]	O-Linked Core	SRC:BIOOLIGO|Core 4; SRC:BIOOLIGO|Core type 4 (Elicityl); SRC:EOG_VARKI_4E|core 4 O-glycan; SRC:GLYCOMOTIF_GGM|O-Glycan core 4; SRC:GLYCOMOTIF_GGM|O-Glycan core 4 fuzzy; SRC:GSD_GLYGEN_V0|core 4 O-glycan; SRC:PUBDICTIONARIES-GLYCAN-IMAGE|core 4; SRC:PUBDICT_GLYCAN_MOTIF|O-Glycan core 4; SRC:PUBDICT_GLYCAN_MOTIF|O-Glycan core 4 fuzzy; SRC:PUBDICT_GLYCOSMOS|core 4; SRC:PUBDICT_MOTIF_GTC|O-Glycan core 4			
GSD:0232300a-a001-4f35-a1b6-f3a3deb18ed9	core 5	TRUE	G00039MO	2	1	core 5				SRC:PUBDICTIONARIES-GLYCAN-IMAGE|core 5; SRC:PUBDICT_GLYCOSMOS|core 5			
GSD:3e753d46-1782-4e9d-9f42-9dd0a5e8e884	core 6	TRUE	G00041MO	2	1	core 6				SRC:PUBDICTIONARIES-GLYCAN-IMAGE|core 6; SRC:PUBDICT_GLYCOSMOS|core 6			
GSD:49dd0450-0151-425e-99df-1c389e492835	core 7	TRUE	G00043MO	2	1	core 7				SRC:PUBDICTIONARIES-GLYCAN-IMAGE|core 7; SRC:PUBDICT_GLYCOSMOS|core 7			
GSD:c201b527-626e-42df-9712-33a3cfdfbe05	core 8	TRUE	G76355TG	2	1	core 8				SRC:PUBDICTIONARIES-GLYCAN-IMAGE|core 8; SRC:PUBDICT_GLYCOSMOS|core 8			
GSD:d8e7f221-faf6-5ef2-8636-480671b984df	core M1 O-mannose glycan	TRUE	G85856KC	3	3	core M1; core m1; core M1 O-mannose glycan	core M1; M1		O-Linked Core	SRC:EOG_VARKI_4E|core M1 O-mannose glycan; SRC:PUBDICTIONARIES-GLYCAN-IMAGE|core M1; SRC:PUBDICT_GLYCOSMOS|core m1			
GSD:9a0d5141-888d-51f3-b8b5-30b5a6456aa8	core M2 O-mannose glycan	TRUE	G56868BH	3	3	core M2; core m2; core M2 O-mannose glycan	core M2; M2		O-Linked Core	SRC:EOG_VARKI_4E|core M2 O-mannose glycan; SRC:PUBDICTIONARIES-GLYCAN-IMAGE|core M2; SRC:PUBDICT_GLYCOSMOS|core m2			
GSD:67c80166-8447-5f77-b32c-17101f58e923	core M3 O-mannose glycan	TRUE	G97041TX	3	3	core M3; core m3; core M3 O-mannose glycan	core M3; M3		O-Linked Core	SRC:EOG_VARKI_4E|core M3 O-mannose glycan; SRC:PUBDICTIONARIES-GLYCAN-IMAGE|core M3; SRC:PUBDICT_GLYCOSMOS|core m3			
GSD:50d1be21-660a-5e10-a72d-f832009f71db	core-fucose	TRUE	G78059CC	2	2	core fucose; core-fucose	Core Fuc; 6-linked Fuc; Fuca6 to chitobiose core; a6-linked Fuc; a1-6 Fuc; Fuca6 to chitobiose core; Fuc a1-6 to chitobiose core; Fuca6 to internal GlcNAc; Fuc a1-6 to internal GlcNAc	Modification of the N-glycan core structure with fucose moiety attached at the innermost GlcNAc by FUT8 enzyme. Core Fuc is found on paucimannose, hybrid and complex type N-glycans. [https://doi.org/10.1016/bs.acr.2014.11.006].	Named Functional Motif	SRC:EOG_VARKI_4E|core fucose; SRC:GSD_GLYGEN_V0|core-fucose			
GSD:afe9c1b5-d40d-478a-832e-a4147447e01b	core-fucosylated biantennary complex-type N-glycan	TRUE	G78059CC	1	1	core-fucosylated biantennary complex-type N-glycan	core fucosylated diantennary complex-type	A biantennary complex glycan with two GlcNAc branches linked to the core and fucosylation on the core GlcNAc.		SRC:GSD_GLYGEN_V0|core-fucosylated biantennary complex-type N-glycan			
GSD:38063ec7-c1bc-4a6a-8a19-d2a1e317f1cf	core-fucosylated biantennary N-glycan	TRUE	G78059CC	1	1	core-fucosylated biantennary N-glycan	core-fucosylated diantennary	A biantennary glycan with two GlcNAc branches linked to the core and fucosylation on the core GlcNAc.		SRC:GSD_GLYGEN_V0|core-fucosylated biantennary N-glycan			
GSD:f9c67ff8-e0cd-4772-a4c7-35b24484fd05	cyclic sialyl 6-sulfo Lewis x	TRUE	G11148DZ; G23322RK; G53231FE; G80722US	8	4	Cyclic Sialyl 6-Sulfo Lewis x; Cyclic sialyl 6-sulfo Lewis x; cyclic sialyl 6-sulfo Lewis X; cyclic sialyl 6-sulfo Lewis x			GlycoMotif GDV motif	SRC:CUMMINGS|Cyclic sialyl 6-sulfo Lewis x; SRC:GLYCOEPITOPE|Cyclic Sialyl 6-Sulfo Lewis x; SRC:GLYCOMOTIF_CCRC|Cyclic sialyl 6-sulfo Lewis x; SRC:GLYCOMOTIF_GDV|Cyclic sialyl 6-sulfo Lewis x; SRC:GSD_GLYGEN_V0|cyclic sialyl 6-sulfo Lewis x; SRC:PUBDICTIONARIES-GLYCAN-IMAGE|cyclic sialyl 6-sulfo Lewis X; SRC:PUBDICT_GLYCAN_MOTIF|Cyclic Sialyl 6-Sulfo Lewis x; SRC:PUBDICT_GLYCOSMOS|Cyclic Sialyl 6-Sulfo Lewis x			
GSD:812d8fe6-24aa-5c10-afab-b0f3523c1d49	cyclic β1-2 glucan	TRUE		1	1	cyclic β1-2 glucan	cyclic glucan		Polysaccharide	SRC:EOG_VARKI_4E|cyclic β1-2 glucan			
GSD:8949c8f4-dfbb-49b7-8de5-bfaed5f5f706	Cymarose	TRUE		1	1	Cymarose				SRC:PUBDICT_GLYCONAVI_NAME|Cymarose			
GSD:4f568f2a-42af-4cf8-8cb8-0beaaffed216	cytolipin K	TRUE	G00061MO	1	1	cytolipin K		An amino tetrasaccharide consisting of 2-acetamido-2-deoxy-β-D-galactopyranosyl, α-D-galactopyranosyl, β-D-galactopyranosyl, and β-D-glucopyranose units joined together in sequence by (1→3), (1→4), and (1→4) glycosidic linkages, respectively.[CHEBI:145578]		SRC:GSD_GLYGEN_V0|cytolipin K			
GSD:b3ecdd11-4db0-453a-aa7e-0d2545bca353	Cytolipin R	TRUE	G57710SU; G19926LY	6	1	Cytolipin R		A ceramide tetrahexoside isolated from rat lymphosarcoma. The structure of cytolipin R to be N-acetylgalactosaminyl(beta1--&gt;3)galactosyl(alpha1--&gt;3) galactosyl(beta1--&gt;4)glucosyl ceramide.[PMID:5068000]	GlycoMotif GGM motif	SRC:CUMMINGS|Cytolipin R; SRC:GLYCOMOTIF_CCRC|Cytolipin R; SRC:GLYCOMOTIF_GDV|Cytolipin R; SRC:GLYCOMOTIF_GGM|Cytolipin R; SRC:GSD_GLYGEN_V0|Cytolipin R; SRC:PUBDICT_GLYCAN_MOTIF|Cytolipin R			
GSD:3a67f9de-cb01-4468-b3b1-24f0757ab1be	D-Fucitol	TRUE		1	1	D-Fucitol				SRC:PUBDICT_GLYCONAVI_NAME|D-Fucitol			
GSD:dad2231f-449b-400d-96c4-48c51e1b03e5	D-Galactosaminitol	TRUE		1	1	D-Galactosaminitol				SRC:PUBDICT_GLYCONAVI_NAME|D-Galactosaminitol			
GSD:a0edff52-a26c-458b-a31c-9d8e46be51a7	Daunosamine	TRUE		1	1	Daunosamine				SRC:PUBDICT_GLYCONAVI_NAME|Daunosamine			
GSD:8e5f1276-7205-4834-9d26-73c598c67828	delta-heparan sulfate	TRUE	G25575JK; G17927IW	4	2	Delta-Heparan Sulfate; delta-heparan sulfate				SRC:GLYCOEPITOPE|Delta-Heparan Sulfate; SRC:PUBDICTIONARIES-GLYCAN-IMAGE|delta-heparan sulfate; SRC:PUBDICT_GLYCAN_MOTIF|Delta-Heparan Sulfate; SRC:PUBDICT_GLYCOSMOS|Delta-Heparan Sulfate			
GSD:50ec967c-be24-43a5-91e5-6e5e8ca7eb16	deoxy Chitotetraose	TRUE		1	1	deoxy Chitotetraose			Miscellaneous	SRC:BIOOLIGO|deoxy Chitotetraose			
GSD:052dddfa-2934-4db2-a5f9-d10dfa68bff6	deoxy Chitotriose	TRUE		1	1	deoxy Chitotriose			Miscellaneous	SRC:BIOOLIGO|deoxy Chitotriose			
GSD:35e44d21-515f-412c-9a89-f5afd2c34211	deoxy-3′SLN	TRUE		1	1	deoxy-3′SLN			Sialylated oligosaccharide (Type 2)	SRC:BIOOLIGO|deoxy-3′SLN			
GSD:5cdb6216-da26-49f4-8e73-a950f9e663b9	deoxy-6′SLN	TRUE		1	1	deoxy-6′SLN			Sialylated oligosaccharide (Type 2)	SRC:BIOOLIGO|deoxy-6′SLN			
GSD:bb993721-03ec-4f45-8435-ec9d0aedcf4b	deoxy-GlcA b1-3 GalNAc [4S] b1-4 GlcA b1-3 GalNAc [4S]	TRUE		1	1	deoxy-GlcA b1-3 GalNAc [4S] b1-4 GlcA b1-3 GalNAc [4S]			GAGs	SRC:BIOOLIGO|deoxy-GlcA b1-3 GalNAc [4S] b1-4 GlcA b1-3 GalNAc [4S]			
GSD:0ef0d5e3-6dad-54e6-9bde-79eec7ce6000	dermatan sulfate	TRUE	G00019MO	4	3	Dermatan sulfate; dermatan sulfate; Dermatansulfate	beta-Heparin; Dermatan L-iduronate	Any of a group of glycosaminoglycans with repeating units consisting of variously sulfated β1→4-linked L-iduronyl-(α1→3)-N-acetyl-D-galactosamine units.[CHEBI:18376]	Polysaccharide	SRC:EOG_VARKI_4E|dermatan sulfate; SRC:GSD_GLYGEN_V0|dermatan sulfate; SRC:PUBDICT_GLYCAN_MOTIF|Dermatansulfate; SRC:PUBDICT_MOTIF_GTC|Dermatan sulfate			
GSD:6862c102-0fcf-4a4e-b188-7094e1e0b892	desialylated glycan	TRUE		1	1	desialylated glycan		A glycan from which sialyl groups have been removed. [https://en.wiktionary.org/wiki/desialylated]		SRC:GSD_GLYGEN_V0|desialylated glycan			
GSD:9e9564a9-75f8-4287-81be-cd8d851cdc5c	Desosamine	TRUE		1	1	Desosamine				SRC:PUBDICT_GLYCONAVI_NAME|Desosamine			
GSD:1fb3e01a-50ec-56fb-ab50-f6f757d82d96	dextran	TRUE		1	1	dextran			Polysaccharide	SRC:EOG_VARKI_4E|dextran			
GSD:4a3ed001-dd22-4eb6-bd1b-b65bdc93d2ba	di-Lewis x b1-4 Lewis x [di-Lewis x]	TRUE		1	1	di-Lewis x b1-4 Lewis x [di-Lewis x]			Lewis antigens	SRC:BIOOLIGO|di-Lewis x b1-4 Lewis x [di-Lewis x]			
GSD:47384701-e51b-46f7-8ead-d11f68ec63d6	Di-Lex	TRUE		1	1	Di-Lex				SRC:PUBDICT_GLYCONAVI_ABBREV|Di-Lex			
GSD:3c6903a4-4ea4-4ca2-bee5-796cb608c59b	Di-LN	TRUE		2	1	Di-LN				SRC:PUBDICT_GLYCONAVI_ABBREV|Di-LN; SRC:PUBDICT_GLYCONAVI_NAME|Di-LN			
GSD:6f1bee5a-4792-5ca8-b631-f32c4052b8c5	di-N-acetylbacillosamine	TRUE		2	2	Bacillosamine; di-N-acetylbacillosamine	diNAcBac		Monosaccharide	SRC:EOG_VARKI_4E|di-N-acetylbacillosamine; SRC:PUBDICT_GLYCONAVI_NAME|Bacillosamine			
GSD:94964c0e-2f2f-473f-a86f-170884e2800f	di-sialylated N-glycan from porcine fibrinogen	TRUE		1	1	di-sialylated N-glycan from porcine fibrinogen			Miscellaneous (Fibriniogen related oligosaccharides)	SRC:BIOOLIGO|di-sialylated N-glycan from porcine fibrinogen			
GSD:9affda3c-0fcc-4a74-8476-9b9bb7506499	difucosylated tetraantennary N-glycan	TRUE		1	1	difucosylated tetraantennary N-glycan		The tetra-antennary N-linked glycans that have four GlcNAc branches linked to the core and two fucose added.		SRC:GSD_GLYGEN_V0|difucosylated tetraantennary N-glycan			
GSD:eed93e54-f598-4df4-a3ba-45c90ac903fd	Difucosyllactose	TRUE		1	1	Difucosyllactose			Fucosylated oligosaccharides (Lacto-Series)	SRC:BIOOLIGO|Difucosyllactose			
GSD:01861450-9403-4fbb-a442-b8f540379b88	Diginose	TRUE		1	1	Diginose				SRC:PUBDICT_GLYCONAVI_NAME|Diginose			
GSD:c4e251fe-8cc3-4669-9125-e140a2834618	Digitalose	TRUE		1	1	Digitalose				SRC:PUBDICT_GLYCONAVI_NAME|Digitalose			
GSD:d643d4a0-b98c-4508-b1bf-0e90bbe440e2	Digitoxose	TRUE		1	1	Digitoxose				SRC:PUBDICT_GLYCONAVI_NAME|Digitoxose			
GSD:586e36e8-3c9a-4fca-951f-65c34a7ddd08	dimeric Lewis a	TRUE	G21808VY; G06148DR; G82106UN	10	4	Di-LeA; Dimeric Lea; Dimeric Lewis a; dimeric Lewis a			GlycoMotif GDV motif	SRC:CUMMINGS|Dimeric Lea; SRC:GLYCOEPITOPE|Dimeric Lewis a; SRC:GLYCOMOTIF_CCRC|Dimeric Lea; SRC:GLYCOMOTIF_GDV|Dimeric Lewis a; SRC:PUBDICTIONARIES-GLYCAN-IMAGE|dimeric Lewis a; SRC:PUBDICT_GLYCAN_MOTIF|Dimeric Lea; SRC:PUBDICT_GLYCAN_MOTIF|Dimeric Lewis a; SRC:PUBDICT_GLYCONAVI_ABBREV|Di-LeA; SRC:PUBDICT_GLYCONAVI_NAME|Di-LeA; SRC:PUBDICT_GLYCOSMOS|Dimeric Lewis a			
GSD:980d0f39-e1ff-430f-bf65-3008c9cc2fd9	dimeric Lewis x	TRUE	G79535HZ; G45673KX	14	8	Dimeric Lewis x; dimeric Lewis x; Lec-LeX; Lewis X hexaose (also Lacto-N-neodifucohexaose, LeX-LeX); Lewis X_Lewis X; Lewis X–Lewis X; Lex-Lex; Lex–Lex	DimLex^x; dimeric Le(x); Lex-Lex; diLe(x); Lewisx-Lewisx; Le^x-Le^x	A six-membered glucosamine oligosaccharide consisting of two repeating units of β-D-Gal-(1→4)-[α-L-Fuc-(1→3)]-β-D-GlcNAc joined by a (1→3)-linkage.[CHEBI:61325]	Lewis antigens	SRC:BIOOLIGO|Lewis X hexaose (also Lacto-N-neodifucohexaose, LeX-LeX); SRC:CUMMINGS|Lex–Lex; SRC:GLYCOEPITOPE|Dimeric Lewis x; SRC:GLYCOMOTIF_CCRC|Lex–Lex; SRC:GLYCOMOTIF_GDV|Lewis X–Lewis X; SRC:GLYCOMOTIF_GGM|Lex-Lex; SRC:GSD_GLYGEN_V0|dimeric Lewis x; SRC:PUBDICTIONARIES-GLYCAN-IMAGE|dimeric Lewis x; SRC:PUBDICT_GLYCAN_MOTIF|Dimeric Lewis x; SRC:PUBDICT_GLYCAN_MOTIF|Lewis X_Lewis X; SRC:PUBDICT_GLYCAN_MOTIF|Lex-Lex; SRC:PUBDICT_GLYCONAVI_ABBREV|Lec-LeX; SRC:PUBDICT_GLYCONAVI_NAME|Lec-LeX; SRC:PUBDICT_GLYCOSMOS|Dimeric Lewis x			
GSD:85895dff-5b70-499b-8726-33dc83b66175	diphosphorylated Man6	TRUE	G54792LL; G10907PF	3	2	Diphosphorylated Man6; diphosphorylated Man6	Diphosphorylated Man_6		GlycoMotif GGM motif	SRC:CUMMINGS|Diphosphorylated Man6; SRC:GLYCOMOTIF_GGM|Diphosphorylated Man6; SRC:GSD_GLYGEN_V0|diphosphorylated Man6			
GSD:ebd8d749-43a1-4b87-9c3b-7fadd6b27aff	Disialogangliotetraosylceramide	TRUE	G37184KW; G46677TE	1	1	Disialogangliotetraosylceramide				SRC:PUBDICT_GLYCAN_MOTIF|Disialogangliotetraosylceramide			
GSD:068e7d8b-8192-4ae8-a4f4-8e5c8c5a2832	disialosyl globopentaosylceramide	TRUE	G97932OH; G75814EP	8	3	Disialosyl galactosyl globoside; Disialosyl globopentaosylceramide; disialosyl globopentaosylceramide	DSGb5; Disialosyl Gb5; V3NeuAcIV6NeuAc-Gb5Cer; Disialosylgalactosylgloboside; DSGG	Disialosyl globopentaosylceramide (DSGb5) is a ganglioside originally isolated from tissue extracts of renal cell carcinoma (RCC) with metastasis.[PMID:28205070]	Glycosphingolipid	SRC:CUMMINGS|Disialosyl globopentaosylceramide; SRC:GLYCOMOTIF_CCRC|Disialosyl globopentaosylceramide; SRC:GLYCOMOTIF_GDV|Disialosyl globopentaosylceramide; SRC:GLYCOMOTIF_GGM|Disialosyl globopentaosylceramide; SRC:GSD_GLYGEN_V0|disialosyl globopentaosylceramide; SRC:PUBDICT_GLYCAN_MOTIF|Disialosyl galactosyl globoside; SRC:PUBDICT_GLYCAN_MOTIF|Disialosyl globopentaosylceramide; SRC:SUGARBIND|Disialosyl galactosyl globoside			
GSD:7be740e5-da97-4dc1-a678-949fd7691c6b	Disialosylpentaose	TRUE		1	1	Disialosylpentaose			Miscellaneous (Trehalose-like sugars)	SRC:BIOOLIGO|Disialosylpentaose			
GSD:d6aa2e1a-308e-4a14-86d1-eae7677e50d2	disialyl Core 2	TRUE	G54937EM	4	2	disialyl Core 2; Disialyl-branched Type 2			Core structures (Type 2)	SRC:BIOOLIGO|disialyl Core 2; SRC:CUMMINGS|Disialyl-branched Type 2; SRC:GLYCOMOTIF_GDV|Disialyl-branched Type 2; SRC:PUBDICT_GLYCAN_MOTIF|Disialyl-branched Type 2			
GSD:93980f57-6c56-4826-997f-414a764c1da5	disialyl Core 2 with sLex on Core 2	TRUE		1	1	disialyl Core 2 with sLex on Core 2			Core structures (Type 2)	SRC:BIOOLIGO|disialyl Core 2 with sLex on Core 2			
GSD:7e394a4e-6c54-41e5-8225-85a90636f0d1	disialyl Gb5	TRUE	G97932OH	5	2	Disialyl Gb5; disialyl Gb5	disialosyl Gn5			SRC:GLYCOEPITOPE|Disialyl Gb5; SRC:GSD_GLYGEN_V0|disialyl Gb5; SRC:PUBDICTIONARIES-GLYCAN-IMAGE|disialyl Gb5; SRC:PUBDICT_GLYCAN_MOTIF|Disialyl Gb5; SRC:PUBDICT_GLYCOSMOS|Disialyl Gb5			
GSD:6992f144-8ef9-40aa-a942-8d55e3b98803	disialyl I antigen	TRUE	G54937EM	5	2	Disialyl I; disialyl I antigen	disialyl I			SRC:GLYCOEPITOPE|Disialyl I; SRC:GSD_GLYGEN_V0|disialyl I antigen; SRC:PUBDICTIONARIES-GLYCAN-IMAGE|disialyl I antigen; SRC:PUBDICT_GLYCAN_MOTIF|Disialyl I; SRC:PUBDICT_GLYCOSMOS|Disialyl I			
GSD:2c92929a-4f34-5166-a815-b20e3decb896	disialyl Lewis a	TRUE	G93400AK	6	2	Disialyl Lewis a; disialyl Lewis a	disialyl Lea; disialyl-Lewis a	Disialyl Lewis is a sialyl Lewis a with an additional sialic acid attached at the C-6 position of penultimate GlcNAc. [PMID:15231659]	Named Functional Motif	SRC:EOG_VARKI_4E|disialyl Lewis a; SRC:GLYCOEPITOPE|Disialyl Lewis a; SRC:GSD_GLYGEN_V0|disialyl Lewis a; SRC:PUBDICTIONARIES-GLYCAN-IMAGE|disialyl Lewis a; SRC:PUBDICT_GLYCAN_MOTIF|Disialyl Lewis a; SRC:PUBDICT_GLYCOSMOS|Disialyl Lewis a			
GSD:7a12fbed-8d5b-4843-a42a-fe3d68618294	disialyl Lewis c	TRUE	G14000ZZ	4	2	Disialyl Lewis c; disialyl Lewis c				SRC:GLYCOEPITOPE|Disialyl Lewis c; SRC:PUBDICTIONARIES-GLYCAN-IMAGE|disialyl Lewis c; SRC:PUBDICT_GLYCAN_MOTIF|Disialyl Lewis c; SRC:PUBDICT_GLYCOSMOS|Disialyl Lewis c			
GSD:b9e8ce59-d573-4456-b8ad-9918d317a450	disialyl T antigen	TRUE	G01614ZM; G65191ST; G84906ML	10	3	Di-sialyl T antigen; Disialyl T Antigen; disialyl T antigen	di-sialyl T antigen; disialyl-T antigen; disialylated T-antigen	α-Neup5Ac-(2→6)-[α-Neup5Ac-(2→3)-β-D-Galp-(1→3)]-α-D-GalpNAc in which the anomeric configuration of the reducing-end N-acetyl-D-glucosamine residue is α.[CHEBI:71602]	GlycoMotif GGM motif	SRC:CUMMINGS|Di-sialyl T antigen; SRC:GLYCOEPITOPE|Disialyl T Antigen; SRC:GLYCOMOTIF_CCRC|Di-sialyl T antigen; SRC:GLYCOMOTIF_GDV|Di-sialyl T antigen; SRC:GLYCOMOTIF_GGM|Di-sialyl T antigen; SRC:GSD_GLYGEN_V0|disialyl T antigen; SRC:PUBDICTIONARIES-GLYCAN-IMAGE|disialyl T antigen; SRC:PUBDICT_GLYCAN_MOTIF|Di-sialyl T antigen; SRC:PUBDICT_GLYCAN_MOTIF|Disialyl T Antigen; SRC:PUBDICT_GLYCOSMOS|Disialyl T Antigen			
GSD:e09f7934-a530-4b77-848e-e5918df21a5c	Disialylactose	TRUE	G97569KL	2	1	Disialylactose	DiSai			SRC:PUBDICT_GLYCAN_MOTIF|Disialylactose; SRC:SUGARBIND|Disialylactose			
GSD:f8aa2eec-0523-496e-aeb9-ff9492c072dd	disialylated biantennary complex-type N-glycan	TRUE		1	1	disialylated biantennary complex-type N-glycan		A biantennary complex glycan with two GlcNAc branches linked to the core and the addition of two sialic acid residues.		SRC:GSD_GLYGEN_V0|disialylated biantennary complex-type N-glycan			
GSD:3c655cb1-316b-4790-83a6-9ee427fad7d5	disialylated biantennary N-glycan	TRUE		1	1	disialylated biantennary N-glycan		A biantennary glycan with two GlcNAc branches linked to the core and the addition of two sialic acid residues.		SRC:GSD_GLYGEN_V0|disialylated biantennary N-glycan			
GSD:877a19d2-fc97-47d9-87b2-2bb658660f4b	disialylated fucosylated glycan	TRUE		1	1	disialylated fucosylated glycan		A fucosylated glycan with two sialic acid components.		SRC:GSD_GLYGEN_V0|disialylated fucosylated glycan			
GSD:1c312282-bb09-46c6-8f3c-d536e146d4e4	Disialylated pentaose type 1	TRUE		1	1	Disialylated pentaose type 1			Sialylated oligosaccharide (Type 1)	SRC:BIOOLIGO|Disialylated pentaose type 1			
GSD:d36af62d-c2ed-4e27-80ac-9df1fd333aa5	Disialylated tetraose type 1	TRUE		1	1	Disialylated tetraose type 1			Sialylated oligosaccharide (Type 1)	SRC:BIOOLIGO|Disialylated tetraose type 1			
GSD:af2648b9-a6c7-4912-a285-a7b4ca6a005a	Disialylated tetraose type 2	TRUE		1	1	Disialylated tetraose type 2			Sialylated oligosaccharide (Type 2)	SRC:BIOOLIGO|Disialylated tetraose type 2			
GSD:12b1eda8-077d-4cee-a405-f9dccaec8db5	Erythrose	TRUE		1	1	Erythrose				SRC:PUBDICT_GLYCONAVI_NAME|Erythrose			
GSD:8937476c-157b-4eca-ad8e-0c9d9b157c3e	Erythrulose	TRUE		1	1	Erythrulose				SRC:PUBDICT_GLYCONAVI_NAME|Erythrulose			
GSD:b3a9a7da-ffee-4d18-8158-0003e619152e	Evalose	TRUE		1	1	Evalose				SRC:PUBDICT_GLYCONAVI_NAME|Evalose			
GSD:e5555b08-d5bd-4053-898e-08056ebfb17f	Evernitrose	TRUE		1	1	Evernitrose				SRC:PUBDICT_GLYCONAVI_NAME|Evernitrose			
GSD:fc360443-5e52-5286-9023-5a450d05986c	extended core-1 O-glycan	TRUE		1	1	extended core-1 O-glycan			O-Linked Core	SRC:EOG_VARKI_4E|extended core-1 O-glycan			
GSD:3ea43087-f938-4d98-96bc-60e0088ac78e	Extended tetrafucosyl-Leb	TRUE	G75811PV; G57142PA	5	3	Extended tetrafucosyl-Le; Extended tetrafucosyl-Leb; Extended tetrafucosyl-Leb338			GlycoMotif GDV motif	SRC:CUMMINGS|Extended tetrafucosyl-Leb; SRC:GLYCOMOTIF_CCRC|Extended tetrafucosyl-Leb338; SRC:GLYCOMOTIF_GDV|Extended tetrafucosyl-Le; SRC:PUBDICT_GLYCAN_MOTIF|Extended tetrafucosyl-Le; SRC:PUBDICT_GLYCAN_MOTIF|Extended tetrafucosyl-Leb338			
GSD:83282a28-b2d1-408a-bdc5-ef6eb7a23556	Extended trifucosyl-Leb	TRUE		1	1	Extended trifucosyl-Leb				SRC:CUMMINGS|Extended trifucosyl-Leb			
GSD:e1288740-84b8-4762-980b-3f51b48d3a5f	F1 alpha	TRUE	G61730RY; G21312EA	4	2	F1 Alpha; F1 alpha				SRC:GLYCOEPITOPE|F1 Alpha; SRC:PUBDICTIONARIES-GLYCAN-IMAGE|F1 alpha; SRC:PUBDICT_GLYCAN_MOTIF|F1 Alpha; SRC:PUBDICT_GLYCOSMOS|F1 Alpha			
GSD:1463378a-685e-4580-bada-bf5110f7f80a	FA1	TRUE		1	1	FA1			Oxford notation	SRC:GLYGEN_CURATORS_NCOMPO|FA1			
GSD:9c5f7f2b-a42a-46c4-a5fb-5f30aa680700	FA1G1	TRUE		1	1	FA1G1			Oxford notation	SRC:GLYGEN_CURATORS_NCOMPO|FA1G1			
GSD:aeebc5be-14f5-4c03-b61f-a2936330a37e	FA2	TRUE		1	1	FA2			Oxford notation	SRC:GLYGEN_CURATORS_NCOMPO|FA2			
GSD:32681f4f-b6e5-481b-b210-a244a5c73378	FA2[3]BG1	TRUE		1	1	FA2[3]BG1			Oxford notation	SRC:GLYGEN_CURATORS_NCOMPO|FA2[3]BG1			
GSD:adef3db2-d128-42a0-86af-2fe9fdaa6719	FA2[3]G1	TRUE		1	1	FA2[3]G1			Oxford notation	SRC:GLYGEN_CURATORS_NCOMPO|FA2[3]G1			
GSD:cd4a7669-b13d-4938-81ca-5dc9bcc7a57f	FA2[3]G1S1	TRUE		1	1	FA2[3]G1S1			Oxford notation	SRC:GLYGEN_CURATORS_NCOMPO|FA2[3]G1S1			
GSD:cc1bd28d-2cda-4819-9902-ded2eb2bf47d	FA2[6]BG1	TRUE		1	1	FA2[6]BG1			Oxford notation	SRC:GLYGEN_CURATORS_NCOMPO|FA2[6]BG1			
GSD:165e2c8c-4213-4d96-a40e-1fa770c78410	FA2[6]G1	TRUE		1	1	FA2[6]G1			Oxford notation	SRC:GLYGEN_CURATORS_NCOMPO|FA2[6]G1			
GSD:0f6dff69-e331-4e34-9d72-7bbb67a604b5	FA2B	TRUE		1	1	FA2B			Oxford notation	SRC:GLYGEN_CURATORS_NCOMPO|FA2B			
GSD:641038a1-7fd3-4b65-9ace-1d4fc9e650eb	FA2BG2	TRUE		1	1	FA2BG2			Oxford notation	SRC:GLYGEN_CURATORS_NCOMPO|FA2BG2			
GSD:af920d36-243b-4016-834e-deec53c77d1e	FA2BG2S1	TRUE		1	1	FA2BG2S1			Oxford notation	SRC:GLYGEN_CURATORS_NCOMPO|FA2BG2S1			
GSD:1fda2059-3956-45c5-8d62-9af6d225be60	FA2BG2S2	TRUE		1	1	FA2BG2S2			Oxford notation	SRC:GLYGEN_CURATORS_NCOMPO|FA2BG2S2			
GSD:fb845bf6-917c-4d4f-8176-b66eaa9b31a8	FA2F1G2S2	TRUE		1	1	FA2F1G2S2			Oxford notation	SRC:GLYGEN_CURATORS_NCOMPO|FA2F1G2S2			
GSD:4263014e-957d-44f1-b733-12302704fc09	FA2G1	TRUE		1	1	FA2G1			Oxford notation	SRC:GLYGEN_CURATORS_NCOMPO|FA2G1			
GSD:5d225294-62f8-4d1e-a112-d8a1192c29ab	FA2G1S1	TRUE		1	1	FA2G1S1			Oxford notation	SRC:GLYGEN_CURATORS_NCOMPO|FA2G1S1			
GSD:7bf91264-a639-48f4-a992-f1ad65f6d1e5	FA2G2	TRUE		1	1	FA2G2			Oxford notation	SRC:GLYGEN_CURATORS_NCOMPO|FA2G2			
GSD:2e04d1a2-3da5-458f-8573-39514b94b7b7	FA2G2S1	TRUE		1	1	FA2G2S1			Oxford notation	SRC:GLYGEN_CURATORS_NCOMPO|FA2G2S1			
GSD:54235f94-c902-44d0-994d-9235d7dc6fb7	FA2G2S2	TRUE		1	1	FA2G2S2			Oxford notation	SRC:GLYGEN_CURATORS_NCOMPO|FA2G2S2			
GSD:0fb25052-9b14-41b5-ab91-4062f7031941	FA3	TRUE		1	1	FA3			Oxford notation	SRC:GLYGEN_CURATORS_NCOMPO|FA3			
GSD:a4af7308-5106-450f-961c-f555980b279d	FA3B	TRUE		1	1	FA3B			Oxford notation	SRC:GLYGEN_CURATORS_NCOMPO|FA3B			
GSD:058efd1f-f654-479e-824e-bbda5ff6b69a	FA3F1G3S3	TRUE		1	1	FA3F1G3S3			Oxford notation	SRC:GLYGEN_CURATORS_NCOMPO|FA3F1G3S3			
GSD:556417e6-2691-4e4e-bd70-8e311d17c9c3	FA3G3	TRUE		1	1	FA3G3			Oxford notation	SRC:GLYGEN_CURATORS_NCOMPO|FA3G3			
GSD:c3874249-f0e6-45e8-ac6e-a12224f0ff64	FA3G3S3	TRUE		1	1	FA3G3S3			Oxford notation	SRC:GLYGEN_CURATORS_NCOMPO|FA3G3S3			
GSD:57f7f432-089d-4fb4-889f-e6393b0d4d19	FA4	TRUE		1	1	FA4			Oxford notation	SRC:GLYGEN_CURATORS_NCOMPO|FA4			
GSD:d802f979-8882-4c39-945a-92a0531cd269	FA4F1G4S4	TRUE		1	1	FA4F1G4S4			Oxford notation	SRC:GLYGEN_CURATORS_NCOMPO|FA4F1G4S4			
GSD:2d1e1acb-8613-48c5-a166-dc30d456f389	FA4G4	TRUE		1	1	FA4G4			Oxford notation	SRC:GLYGEN_CURATORS_NCOMPO|FA4G4			
GSD:8998868d-539a-4c2c-87ef-28d8ba2d31b6	FA4G4S4	TRUE		1	1	FA4G4S4			Oxford notation	SRC:GLYGEN_CURATORS_NCOMPO|FA4G4S4			
GSD:14d2a691-6de1-4803-918d-8ac78e8c64a2	Forosamine	TRUE		1	1	Forosamine				SRC:PUBDICT_GLYCONAVI_NAME|Forosamine			
GSD:2436d14a-7e6b-4999-b356-0d6bb0c091d9	Forssman glycolipid	TRUE	G80062GG; G72565QB; G00064MO	14	5	Forssman; Forssman Antigen; Forssman antigen; Forssman glycolipid; Forssmann	Forssman antigen; Globopentosylceramide	A linear amino pentasaccharide comprising N-acetyl-α-D-galactosamine, N-acetyl-β-D-galactosamine, α-D-galactose, β-D-galactose and β-D-glucose residues linked sequentially (1→3), (1→3), (1→4) and (1→4).[CHEBI:85789]	Glycosphingolipid	SRC:CUMMINGS|Forssman glycolipid; SRC:GLYCOEPITOPE|Forssman Antigen; SRC:GLYCOMOTIF_CCRC|Forssman glycolipid; SRC:GLYCOMOTIF_GDV|Forssman glycolipid; SRC:GLYCOMOTIF_GGM|Forssman glycolipid; SRC:GSD_GLYGEN_V0|Forssman glycolipid; SRC:PUBDICTIONARIES-GLYCAN-IMAGE|Forssman antigen; SRC:PUBDICT_GLYCAN_MOTIF|Forssman Antigen; SRC:PUBDICT_GLYCAN_MOTIF|Forssman glycolipid; SRC:PUBDICT_GLYCAN_MOTIF|Forssmann; SRC:PUBDICT_GLYCOSMOS|Forssman Antigen; SRC:PUBDICT_MOTIF_GTC|Forssmann; SRC:SUGARBIND|Forssman; SRC:SUGARBIND|Forssman glycolipid			
GSD:d5eb4aa0-0881-5a7f-8b55-4027c9e0d7df	fructans	TRUE		1	1	fructans			Polysaccharide	SRC:EOG_VARKI_4E|fructans			
GSD:ec626694-b7a6-4085-9053-e79505deddb1	Fructose	TRUE		1	1	Fructose				SRC:PUBDICT_GLYCONAVI_NAME|Fructose			
GSD:ade8a5a9-57d3-4ff5-865b-88780709dfaf	Fuc(a1-3)GalNAc(b1)	TRUE	G57709BH	4	2	Fuc(a1-3)GalNAc(b1); Fuc(a1-3)GalNac(b1)				SRC:GLYCOEPITOPE|Fuc(a1-3)GalNAc(b1); SRC:PUBDICTIONARIES-GLYCAN-IMAGE|Fuc(a1-3)GalNAc(b1); SRC:PUBDICT_GLYCAN_MOTIF|Fuc(a1-3)GalNac(b1); SRC:PUBDICT_GLYCOSMOS|Fuc(a1-3)GalNAc(b1)			
GSD:bbb7e862-eb5f-4ab7-ad5e-cfd01b50c91c	Fuc-(GlcNAc-Man-(Gal-GlcNAc-Man)-Man-GlcNAc)-GlcNAc	TRUE		1	1	Fuc-(GlcNAc-Man-(Gal-GlcNAc-Man)-Man-GlcNAc)-GlcNAc			Fucosylated oligosaccharides	SRC:BIOOLIGO|Fuc-(GlcNAc-Man-(Gal-GlcNAc-Man)-Man-GlcNAc)-GlcNAc			
GSD:f83febb2-c829-48a8-b3ab-4d32517e6ba4	Fuc-Gal-Xyl	TRUE		1	1	Fuc-Gal-Xyl			Miscellaneous	SRC:BIOOLIGO|Fuc-Gal-Xyl			
GSD:7872d6ff-49c2-4358-85b4-1d3799f6a153	Fuc-gangliotetraosylceramide	TRUE	G57920AK	2	1	Fuc-gangliotetraosylceramide	H-5-ganglio; Fuc-GgO4		Glycosphingolipid	SRC:PUBDICT_GLYCAN_MOTIF|Fuc-gangliotetraosylceramide; SRC:SUGARBIND|Fuc-gangliotetraosylceramide			
GSD:d437d34e-537b-57ce-8704-433177d46d46	fucoidans	TRUE		1	1	fucoidans			Polysaccharide	SRC:EOG_VARKI_4E|fucoidans			
GSD:4d262739-d30b-4d32-9d39-c552fc923ae2	Fucosamine	TRUE		1	1	Fucosamine				SRC:PUBDICT_GLYCONAVI_NAME|Fucosamine			
GSD:d6dd0b36-a403-4d10-bbae-f7597e48bbe1	Fucose	TRUE	G82576YO	2	2	Fucose; O-Fucose				SRC:PUBDICT_GLYCAN_MOTIF|Fucose; SRC:PUBDICT_GLYCAN_MOTIF|O-Fucose			
GSD:f582329a-549c-4b57-88d2-a51aafe4f271	Fucose	TRUE	G82576YO	2	1	Fucose	Fuc; L-Fucose			SRC:PUBDICT_GLYCONAVI_NAME|Fucose; SRC:SUGARBIND|Fucose			
GSD:8014d96b-dd47-4d24-909b-ae92f36ed710	fucosyl asialo-GM1	TRUE	G57920AK	4	2	Fucosyl Asialo-GM1; fucosyl asialo-GM1				SRC:GLYCOEPITOPE|Fucosyl Asialo-GM1; SRC:PUBDICTIONARIES-GLYCAN-IMAGE|fucosyl asialo-GM1; SRC:PUBDICT_GLYCAN_MOTIF|Fucosyl Asialo-GM1; SRC:PUBDICT_GLYCOSMOS|Fucosyl Asialo-GM1			
GSD:2a6ed1d0-e04a-49d1-9fd1-9ad05e9a9d1d	Fucosylated A antigen type 5	TRUE		1	1	Fucosylated A antigen type 5			Miscellaneous (Blood group-related oligosaccharides)	SRC:BIOOLIGO|Fucosylated A antigen type 5			
GSD:d38f6ccf-3575-4e17-b5db-17d3abc498bb	fucosylated asialo-biantennary N-glycan	TRUE		1	1	fucosylated asialo-biantennary N-glycan	fucosylated asialo-diantennary	Describing a biantennary oligosaccharide that has no sialic acid component but has fucose.		SRC:GSD_GLYGEN_V0|fucosylated asialo-biantennary N-glycan			
GSD:73b79304-0089-48fc-afd4-82b84a0c1e53	fucosylated biantennary N-glycan	TRUE		1	1	fucosylated biantennary N-glycan	fucosylated bisialo-diantennary	a biantennary glycan with two GlcNAc branches linked to the core and the addition of fucose.		SRC:GSD_GLYGEN_V0|fucosylated biantennary N-glycan			
GSD:866054d3-8ca5-45cc-b742-d8bd1bd25a03	fucosylated disialylated biantennary N-glycan	TRUE		1	1	fucosylated disialylated biantennary N-glycan	fucosylated disialo-biantennary	Describing a biantennary oligosaccharide that has two sialic acid component and fucose added.		SRC:GSD_GLYGEN_V0|fucosylated disialylated biantennary N-glycan			
GSD:48b33e4c-bedf-5af1-ba2a-8730ba59a999	fucosylated glycans	TRUE		1	1	fucosylated glycans			Others	SRC:EOG_VARKI_4E|fucosylated glycans			
GSD:b7812d76-e661-481a-bc07-21470f1c5f7f	fucosylated lacdiNAc	TRUE	G02240AO	13	6	Fuc a(1-3) Lac-di-Nac; fucosylated lacdiNAc; Fucosylated LDN; Fucosylated LDN (LDNF); LDN-F; LDNF	LDNF; Fucosylated lacdiNAc; LDN-F; (GalNAc)1 (GlcNAc)1 (LFuc)1; fucosylated LacdiNAc	An amino trisaccharide comprising an acetamido-β-D-galactose and an α-L-fucose attached to an acetamidoglucose by 1→4 and 1→3 linkages, respectively.[CHEBI:61864]	Miscellaneous (LDN-related oligosaccharides)	SRC:BIOOLIGO|Fuc a(1-3) Lac-di-Nac; SRC:CUMMINGS|Fucosylated LDN; SRC:GLYCOEPITOPE|LDN-F; SRC:GLYCOMOTIF_CCRC|Fucosylated LDN; SRC:GLYCOMOTIF_GDV|Fucosylated LDN (LDNF); SRC:GLYCOMOTIF_GGM|Fucosylated LDN; SRC:GSD_GLYGEN_V0|fucosylated lacdiNAc; SRC:PUBDICTIONARIES-GLYCAN-IMAGE|LDN-F; SRC:PUBDICT_GLYCAN_MOTIF|Fucosylated LDN; SRC:PUBDICT_GLYCAN_MOTIF|Fucosylated LDN (LDNF); SRC:PUBDICT_GLYCAN_MOTIF|LDN-F; SRC:PUBDICT_GLYCAN_MOTIF|LDNF; SRC:PUBDICT_GLYCOSMOS|LDN-F			
GSD:513ef5dc-3e7b-5d21-9757-fd24642c2e46	fucosylated N-glycan	TRUE		2	1	fucosylated N-glycan		The fucose from GDP-fucose is transferred to N-linked glycans.	N-Linked Type	SRC:EOG_VARKI_4E|fucosylated N-glycan; SRC:GSD_GLYGEN_V0|fucosylated N-glycan			
GSD:5b125ad0-374d-4de2-96dd-0c3ac0133556	fucosylated tetraantennary N-glycan	TRUE		1	1	fucosylated tetraantennary N-glycan		A tetraantennary glycan with four GlcNAc branches linked to the core and the addition of fucose.		SRC:GSD_GLYGEN_V0|fucosylated tetraantennary N-glycan			
GSD:b209bf99-fab6-4875-aaad-65c95d126517	fucosylated triantennary N-glycan	TRUE		1	1	fucosylated triantennary N-glycan		A triantennary glycan with three GlcNAc branches linked to the core and the addition of fucose.		SRC:GSD_GLYGEN_V0|fucosylated triantennary N-glycan			
GSD:569eebe7-730f-4e21-8029-7101bad0fbe9	fucosylated trisialylated triantennary N-glycan	TRUE		1	1	fucosylated trisialylated triantennary N-glycan		A triantennary glycan with three GlcNAc branches linked to the core and the addition of three sialic acid residues and fucose added.		SRC:GSD_GLYGEN_V0|fucosylated trisialylated triantennary N-glycan			
GSD:04968aef-3b4e-5f07-8352-79ac445ab345	Fucα1-2Gal	TRUE		1	1	Fucα1-2Gal			IUPAC String	SRC:EOG_VARKI_4E|Fucα1-2Gal			
GSD:bf0e78e7-7656-5f66-8677-a96d59743cfe	G0	TRUE	G36191CD	2	1	G0	G0		N-Glycan Code	SRC:EOG_VARKI_4E|G0; SRC:GLYGEN_CURATORS_NCOMPO|G0			
GSD:3eac30ef-5494-45c6-bdf5-108a05cf1890	G0-N	TRUE	G61751GZ	1	1	G0-N			IgG notation	SRC:GLYGEN_CURATORS_NCOMPO|G0-N			
GSD:6fb1b3d1-7810-41fc-917e-44634e577d3c	G0B	TRUE	G59471TH	1	1	G0B			IgG notation	SRC:GLYGEN_CURATORS_NCOMPO|G0B			
GSD:e2868821-1995-4872-983f-4231e9fd8faf	G0F	TRUE		1	1	G0F			IgG notation	SRC:GLYGEN_CURATORS_NCOMPO|G0F			
GSD:e2aedcf6-3412-4ce7-8768-970fff170c92	G0FB	TRUE		1	1	G0FB			IgG notation	SRC:GLYGEN_CURATORS_NCOMPO|G0FB			
GSD:e09b35de-0e6a-4fdd-a9b2-ad015b788603	G1	TRUE	G66937TJ	1	1	G1			IgG notation	SRC:GLYGEN_CURATORS_NCOMPO|G1			
GSD:aeeaceb1-5530-4598-b828-31015aceeaa0	G1F	TRUE		1	1	G1F			IgG notation	SRC:GLYGEN_CURATORS_NCOMPO|G1F			
GSD:27e8bdda-e653-437d-a0b4-7806b6892790	G1M9	TRUE		1	1	G1M9			Oxford notation	SRC:GLYGEN_CURATORS_NCOMPO|G1M9			
GSD:a9dc8b21-25a3-4a48-8943-0c8e852ff46c	G2	TRUE	G36191CD	1	1	G2			IgG notation	SRC:GLYGEN_CURATORS_NCOMPO|G2			
GSD:c979ed9e-e4e2-4ec6-ae30-da5a7ad21b32	G2F	TRUE		1	1	G2F			IgG notation	SRC:GLYGEN_CURATORS_NCOMPO|G2F			
GSD:06a32dd0-c657-491d-bcf9-c719061df840	G2FS1	TRUE		1	1	G2FS1			IgG notation	SRC:GLYGEN_CURATORS_NCOMPO|G2FS1			
GSD:5750e9ec-7e77-491e-a140-3b90e2b0df83	G2FS2	TRUE		1	1	G2FS2			IgG notation	SRC:GLYGEN_CURATORS_NCOMPO|G2FS2			
GSD:a695785e-9e88-4f37-91f5-f38fc81a3448	G2M9	TRUE		1	1	G2M9			Oxford notation	SRC:GLYGEN_CURATORS_NCOMPO|G2M9			
GSD:af9c25fd-50f3-40e8-885f-22f1389d2ef8	G9-B	TRUE	G08855PJ	1	1	G9-B			Glycosphingolipid	SRC:SUGARBIND|G9-B			
GSD:a7868da4-a6c2-4825-97b9-c86700b1c213	GA1	TRUE	G21856LC	2	1	GA1	ganglioside GA1		Ganglio-series asialylated	SRC:EOG_VARKI_4E|GA1; SRC:GSD_GLYGEN_V0|GA1			
GSD:bdfe6cb3-6982-419f-b8b2-a6b7a463749a	GA1 (aGM1)	TRUE	G21856LC	2	2	AGM1; GA1 (aGM1)			Ganglioside sugars	SRC:BIOOLIGO|GA1 (aGM1); SRC:PUBDICT_GLYCOSMOS|AGM1			
GSD:c32609b5-fb10-4da5-9846-18edce240bd8	GA2	TRUE	G90562PB	2	1	GA2				SRC:PUBDICTIONARIES-GLYCAN-IMAGE|GA2; SRC:PUBDICT_GLYCOSMOS|GA2			
GSD:2e03e5ca-fdd5-433f-9797-f0e6e0c20e20	GAG Core 1a	TRUE	G24334HE	1	1	GAG Core 1a			GlycoMotif GGM motif	SRC:GLYCOMOTIF_GGM|GAG Core 1a			
GSD:3f0f903b-a2e0-4996-9e12-0f3834558dad	GAG Core 1b	TRUE	G68167JE	1	1	GAG Core 1b			GlycoMotif GGM motif	SRC:GLYCOMOTIF_GGM|GAG Core 1b			
GSD:7fd9007d-65c9-4c31-9e69-dc8d7a2b62e6	GAG Core 2a	TRUE	G47726BP	1	1	GAG Core 2a			GlycoMotif GGM motif	SRC:GLYCOMOTIF_GGM|GAG Core 2a			
GSD:91d1185b-383c-491f-9690-a5487aff3524	GAG Core 2b	TRUE	G99404VQ	1	1	GAG Core 2b			GlycoMotif GGM motif	SRC:GLYCOMOTIF_GGM|GAG Core 2b			
GSD:dbfc3a68-0746-4a3e-a399-3fc3670d6323	GAG Core 3a	TRUE	G71799OV	1	1	GAG Core 3a			GlycoMotif GGM motif	SRC:GLYCOMOTIF_GGM|GAG Core 3a			
GSD:a5079941-019c-4fa3-9545-27d232417332	GAG Core 3b	TRUE	G17755DI	1	1	GAG Core 3b			GlycoMotif GGM motif	SRC:GLYCOMOTIF_GGM|GAG Core 3b			
GSD:6b8cbf6a-4c3e-47be-9830-0d92bfdb425b	GAG Core 4a	TRUE	G20313XP	1	1	GAG Core 4a			GlycoMotif GGM motif	SRC:GLYCOMOTIF_GGM|GAG Core 4a			
GSD:48a22b96-00cf-4b5f-a078-36078978b5aa	GAG Core 4b	TRUE	G35577IC	1	1	GAG Core 4b			GlycoMotif GGM motif	SRC:GLYCOMOTIF_GGM|GAG Core 4b			
GSD:44a9d8e4-2ff6-476d-913d-5762b3c253e8	GAG Core 5a	TRUE	G83003HU	1	1	GAG Core 5a			GlycoMotif GGM motif	SRC:GLYCOMOTIF_GGM|GAG Core 5a			
GSD:0453684c-677d-47b2-98fe-fd9e4588372b	GAG Core 5b	TRUE	G09365IF	1	1	GAG Core 5b			GlycoMotif GGM motif	SRC:GLYCOMOTIF_GGM|GAG Core 5b			
GSD:d3b12a2c-f15e-4bac-8923-6fd45c6db6a7	GAG Core 6a	TRUE	G40737XM	1	1	GAG Core 6a			GlycoMotif GGM motif	SRC:GLYCOMOTIF_GGM|GAG Core 6a			
GSD:0da788e3-0d3d-4199-9b9a-8cb5bdba3256	GAG Core 6b	TRUE	G01966AZ	1	1	GAG Core 6b			GlycoMotif GGM motif	SRC:GLYCOMOTIF_GGM|GAG Core 6b			
GSD:c1b8d9ad-adbb-4f66-bacf-4624abefbe3c	GAG Core 7a	TRUE	G81019IW	1	1	GAG Core 7a			GlycoMotif GGM motif	SRC:GLYCOMOTIF_GGM|GAG Core 7a			
GSD:a4b61b0e-72a4-45d8-82e5-cd0272286f0e	GAG Core 7b	TRUE	G58965WY	1	1	GAG Core 7b			GlycoMotif GGM motif	SRC:GLYCOMOTIF_GGM|GAG Core 7b			
GSD:4aa3b6ac-d6cd-4245-a761-a9e4e0ea0614	Gal	TRUE	G99053DY	2	2	Gal; Gal(b1-3) globoside	b1-3) globoside (SSEA-3; Stage-specific embryonic antigen-3		Glycosphingolipid	SRC:PUBDICT_GLYCAN_MOTIF|Gal(b1-3) globoside; SRC:SUGARBIND|Gal			
GSD:0760677b-01a5-4471-9948-cd18f5ec7681	Gal a(1-3′) LacNAc	TRUE		1	1	Gal a(1-3′) LacNAc			Miscellaneous	SRC:BIOOLIGO|Gal a(1-3′) LacNAc			
GSD:70498a89-4a25-4176-8703-f7d31e495159	Gal b1-4 GalNAc b1-4 Gal b1-4 Glc b	TRUE		2	2	Gal b1-4 GalNAc b1-4 Gal b1-4 Glc; Gal b1-4 GalNAc b1-4 Gal b1-4 Glc b			Miscellaneous	SRC:BIOOLIGO|Gal b1-4 GalNAc b1-4 Gal b1-4 Glc; SRC:BIOOLIGO|Gal b1-4 GalNAc b1-4 Gal b1-4 Glc b			
GSD:9e14b0e8-3569-48e4-af19-f86179c64dfc	Gal(b1-3)GalNAc	TRUE	G78436BB; G58645HA	4	1	Gal(b1-3)GalNAc				SRC:GLYCOEPITOPE|Gal(b1-3)GalNAc; SRC:PUBDICTIONARIES-GLYCAN-IMAGE|Gal(b1-3)GalNAc; SRC:PUBDICT_GLYCAN_MOTIF|Gal(b1-3)GalNAc; SRC:PUBDICT_GLYCOSMOS|Gal(b1-3)GalNAc			
GSD:6b2a64e9-4797-48ca-bcf2-292cbc93bce9	Gal(b1-4)[Fuc(a1-3)]Glc(b1)	TRUE	G57548NB; G41323BT	3	1	Gal(b1-4)[Fuc(a1-3)]Glc(b1)				SRC:GLYCOEPITOPE|Gal(b1-4)[Fuc(a1-3)]Glc(b1); SRC:PUBDICTIONARIES-GLYCAN-IMAGE|Gal(b1-4)[Fuc(a1-3)]Glc(b1); SRC:PUBDICT_GLYCAN_MOTIF|Gal(b1-4)[Fuc(a1-3)]Glc(b1)			
GSD:ad4bebac-b1ff-46bd-bc46-1f0a0d1e48f2	Gal(b1-4)[Fuc(a1-3)]Glc(b1)	TRUE	G57548NB	1	1	Gal(b1-4)[Fuc(a1-3)]Glc(b1)				SRC:PUBDICT_GLYCOSMOS|Gal(b1-4)[Fuc(a1-3)]Glc(b1)			
GSD:87989b2d-1f15-4fb9-80a6-178de7613a3b	Gal-CTH	TRUE	G91649BT	4	1	Gal-CTH	Gal-ceramide-trihexoside			SRC:GLYCOEPITOPE|Gal-CTH; SRC:PUBDICTIONARIES-GLYCAN-IMAGE|Gal-CTH; SRC:PUBDICT_GLYCAN_MOTIF|Gal-CTH; SRC:PUBDICT_GLYCOSMOS|Gal-CTH			
GSD:3a6da283-3cf5-45d4-8e20-9788c11e78ad	Gal-GlcNAc-(Gal-GlcNAc)-Gal	TRUE		1	1	Gal-GlcNAc-(Gal-GlcNAc)-Gal			Miscellaneous	SRC:BIOOLIGO|Gal-GlcNAc-(Gal-GlcNAc)-Gal			
GSD:a9ce1b26-ecbc-435b-a62f-9a6fd09ffc09	Gal-GlcNAc-Man-(Gal-GlcNAc-Man)-Man-GlcNAc	TRUE		1	1	Gal-GlcNAc-Man-(Gal-GlcNAc-Man)-Man-GlcNAc			N-linked oligos	SRC:BIOOLIGO|Gal-GlcNAc-Man-(Gal-GlcNAc-Man)-Man-GlcNAc			
GSD:85cc7a3b-f25a-4b9c-a974-49f8d602ab37	Gala3Lex	TRUE		2	1	Gala3Lex				SRC:PUBDICT_GLYCONAVI_ABBREV|Gala3Lex; SRC:PUBDICT_GLYCONAVI_NAME|Gala3Lex			
GSD:a2c78d58-1d1e-5488-972e-60788bd92662	galabiose	TRUE	G62763GO	5	2	Galabiose; galabiose	Galα1-4Gal moiety; Galα1-4Gal determinant; Digalactoside; Ga2		Named Functional Motif	SRC:EOG_VARKI_4E|galabiose; SRC:PUBDICT_GLYCAN_MOTIF|Galabiose; SRC:PUBDICT_GLYCONAVI_ABBREV|Galabiose; SRC:PUBDICT_GLYCONAVI_NAME|Galabiose; SRC:SUGARBIND|Galabiose			
GSD:da549328-b83d-479b-99f0-efa14c372db8	galabiosylceramide	TRUE	G67988RO	6	2	Galabiosylceramide; galabiosylceramide	Digalactosylceramide; Galabiosylceramide	A disaccharide consisting of β-D-galactopyranose having a D-galactopyranosyl residue attached at the 4-position via an α-linkage.[CHEBI:59314]	Glycosphingolipid	SRC:GLYCOEPITOPE|Galabiosylceramide; SRC:GSD_GLYGEN_V0|galabiosylceramide; SRC:PUBDICTIONARIES-GLYCAN-IMAGE|galabiosylceramide; SRC:PUBDICT_GLYCAN_MOTIF|Galabiosylceramide; SRC:PUBDICT_GLYCOSMOS|Galabiosylceramide; SRC:SUGARBIND|Galabiosylceramide			
GSD:672c9b68-8cc9-5b73-a41f-4f1912dbe84b	galactan	TRUE		1	1	galactan			Polysaccharide	SRC:EOG_VARKI_4E|galactan			
GSD:053983c4-4c8f-4d26-a07f-4cc296328114	Galactocerebroside (2-hydoxy fatty acid)	TRUE		1	1	Galactocerebroside (2-hydoxy fatty acid)				SRC:PUBDICT_GLYCONAVI_NAME|Galactocerebroside (2-hydoxy fatty acid)			
GSD:a92a3278-eedb-5329-b627-fe354524b4f1	galactolipid	TRUE		1	1	galactolipid			Glycolipid	SRC:EOG_VARKI_4E|galactolipid			
GSD:1d4660e2-b1f4-5dfd-8daa-7b23494e4747	galactomannan	TRUE	G93424OB	5	2	Galactomannan; galactomannan			Polysaccharide	SRC:EOG_VARKI_4E|galactomannan; SRC:GLYCOEPITOPE|Galactomannan; SRC:PUBDICTIONARIES-GLYCAN-IMAGE|galactomannan; SRC:PUBDICT_GLYCAN_MOTIF|Galactomannan; SRC:PUBDICT_GLYCOSMOS|Galactomannan			
GSD:8d2b4fff-8873-47c7-8661-b47dfd7d0024	Galactosamine	TRUE		1	1	Galactosamine				SRC:PUBDICT_GLYCONAVI_NAME|Galactosamine			
GSD:f408d7f0-de85-4b22-8343-4bc3debf1e66	Galactose	TRUE	G68158BT; G65889KE	3	1	Galactose	Gal			SRC:PUBDICT_GLYCAN_MOTIF|Galactose; SRC:PUBDICT_GLYCONAVI_NAME|Galactose; SRC:SUGARBIND|Galactose			
GSD:8a70797f-6d80-4392-9ab8-d0688c6940de	Galactose beta1	TRUE	G68158BT	1	1	Galactose beta1				SRC:PUBDICT_GLYCAN_MOTIF|Galactose beta1			
GSD:0a1fb874-2e4b-58f7-8fd4-4bb308613cb0	galactose-terminated N-glycan branch	TRUE		1	1	galactose-terminated N-glycan branch	galactose terminated branch		Named Functional Motif	SRC:EOG_VARKI_4E|galactose-terminated N-glycan branch			
GSD:55a4bb4b-b87a-4b5d-a596-52f20e763215	Galactosylceramide	TRUE	G65889KE	4	1	Galactosylceramide			GlycoMotif GGM motif	SRC:CUMMINGS|Galactosylceramide; SRC:GLYCOEPITOPE|Galactosylceramide; SRC:GLYCOMOTIF_GDV|Galactosylceramide; SRC:GLYCOMOTIF_GGM|Galactosylceramide			
GSD:7829c0b5-3df6-5e54-baad-fb4c64380426	galactosylceramide	TRUE	G65889KE	7	3	Galactocerebroside (non-hydroxy fatty acid); Galactosylceramide; galactosylceramide	GalCer; Galactocerebroside; LC; galactoceramide; Gal-Cer		Glycolipid	SRC:EOG_VARKI_4E|galactosylceramide; SRC:GSD_GLYGEN_V0|galactosylceramide; SRC:PUBDICTIONARIES-GLYCAN-IMAGE|galactosylceramide; SRC:PUBDICT_GLYCAN_MOTIF|Galactosylceramide; SRC:PUBDICT_GLYCONAVI_NAME|Galactocerebroside (non-hydroxy fatty acid); SRC:PUBDICT_GLYCOSMOS|Galactosylceramide; SRC:SUGARBIND|Galactosylceramide			
GSD:6af29d67-4678-43f2-9c9c-0c3bcf644218	galactosylgloboside	TRUE	G99053DY	4	2	Galactosylgloboside; galactosylgloboside				SRC:GLYCOEPITOPE|Galactosylgloboside; SRC:PUBDICTIONARIES-GLYCAN-IMAGE|galactosylgloboside; SRC:PUBDICT_GLYCAN_MOTIF|Galactosylgloboside; SRC:PUBDICT_GLYCOSMOS|Galactosylgloboside			
GSD:7cb5748e-1e8c-49aa-8482-b18bc3fe0e76	Galili-tri	TRUE		3	1	Galili-tri			Gala-3Gal oligosaccharides (Galili and xeno antigens)	SRC:BIOOLIGO|Galili-tri; SRC:PUBDICT_GLYCONAVI_ABBREV|Galili-tri; SRC:PUBDICT_GLYCONAVI_NAME|Galili-tri			
GSD:c2ace3b6-c5d4-4ac3-8415-ccede17b63f0	GalNAc	TRUE	G39738WL	1	1	GalNAc				SRC:PUBDICT_GLYCOSMOS|GalNAc			
GSD:70d9524d-9de9-4c8e-b739-a432f718e949	GalNAc disialyl Lc4 hexasaccharide	TRUE	G33532XU	6	3	GalNAc Disialyl Lc4; GalNAc Disialyl Lc4 (Hexasaccharide); GalNAc disialyl Lc4 hexasaccharide		(2R,4S,5R,6R)-5-Acetamido-2-[[(2R,3S,4R,5R,6S)-5-acetamido-4-[(2R,3R,4R,5S,6R)-4-[(2S,4S,5R,6R)-5-acetamido-2-carboxy-4-hydroxy-6-[(1R,2R)-1,2,3-trihydroxypropyl]oxan-2-yl]oxy-5-[(2S,3R,4R,5R,6R)-3-acetamido-4,5-dihydroxy-6-(hydroxymethyl)oxan-2-yl]oxy-3-hydroxy-6-(hydroxymethyl)oxan-2-yl]oxy-3-hydroxy-6-[(3R,4S,5S,6R)-2,3,5-trihydroxy-6-(hydroxymethyl)oxan-4-yl]oxyoxan-2-yl]methoxy]-4-hydroxy-...		SRC:GLYCOEPITOPE|GalNAc Disialyl Lc4 (Hexasaccharide); SRC:GSD_GLYGEN_V0|GalNAc disialyl Lc4 hexasaccharide; SRC:PUBDICTIONARIES-GLYCAN-IMAGE|GalNAc disialyl Lc4 hexasaccharide; SRC:PUBDICT_GLYCAN_MOTIF|GalNAc Disialyl Lc4; SRC:PUBDICT_GLYCAN_MOTIF|GalNAc Disialyl Lc4 (Hexasaccharide); SRC:PUBDICT_GLYCOSMOS|GalNAc Disialyl Lc4			
GSD:b15fba9a-268c-4eb9-a971-26c5c06d4e1a	GalNAc(b1-3)Gal(b1-4)GlcNAc	TRUE	G61149BD	4	1	GalNAc(b1-3)Gal(b1-4)GlcNAc				SRC:GLYCOEPITOPE|GalNAc(b1-3)Gal(b1-4)GlcNAc; SRC:PUBDICTIONARIES-GLYCAN-IMAGE|GalNAc(b1-3)Gal(b1-4)GlcNAc; SRC:PUBDICT_GLYCAN_MOTIF|GalNAc(b1-3)Gal(b1-4)GlcNAc; SRC:PUBDICT_GLYCOSMOS|GalNAc(b1-3)Gal(b1-4)GlcNAc			
GSD:fb8e0f86-86c7-40cc-a2fd-328b9f52f003	GalNAc(b1-4)[Neu5Ac(a2-3)]Gal(b1)	TRUE	G45058HZ	4	1	GalNAc(b1-4)[Neu5Ac(a2-3)]Gal(b1)				SRC:GLYCOEPITOPE|GalNAc(b1-4)[Neu5Ac(a2-3)]Gal(b1); SRC:PUBDICTIONARIES-GLYCAN-IMAGE|GalNAc(b1-4)[Neu5Ac(a2-3)]Gal(b1); SRC:PUBDICT_GLYCAN_MOTIF|GalNAc(b1-4)[Neu5Ac(a2-3)]Gal(b1); SRC:PUBDICT_GLYCOSMOS|GalNAc(b1-4)[Neu5Ac(a2-3)]Gal(b1)			
GSD:0aa070e9-6bca-4700-b148-c537b80006a9	GalNAc(b1-4)[Neu5Gc(a2-3)]Gal(b1)	TRUE	G29406SZ; G23581GL	4	1	GalNAc(b1-4)[Neu5Gc(a2-3)]Gal(b1)				SRC:GLYCOEPITOPE|GalNAc(b1-4)[Neu5Gc(a2-3)]Gal(b1); SRC:PUBDICTIONARIES-GLYCAN-IMAGE|GalNAc(b1-4)[Neu5Gc(a2-3)]Gal(b1); SRC:PUBDICT_GLYCAN_MOTIF|GalNAc(b1-4)[Neu5Gc(a2-3)]Gal(b1); SRC:PUBDICT_GLYCOSMOS|GalNAc(b1-4)[Neu5Gc(a2-3)]Gal(b1)			
GSD:c0597b2b-399d-46d8-9bc4-183cac7cbf4c	GalNAc(b1-4)Gal	TRUE	G60859DF	4	1	GalNAc(b1-4)Gal				SRC:GLYCOEPITOPE|GalNAc(b1-4)Gal; SRC:PUBDICTIONARIES-GLYCAN-IMAGE|GalNAc(b1-4)Gal; SRC:PUBDICT_GLYCAN_MOTIF|GalNAc(b1-4)Gal; SRC:PUBDICT_GLYCOSMOS|GalNAc(b1-4)Gal			
GSD:7738800f-7d80-414f-9a52-0b09f4086b60	GalNAc-(Fuc)-Gal-Glc	TRUE		1	1	GalNAc-(Fuc)-Gal-Glc			Miscellaneous	SRC:BIOOLIGO|GalNAc-(Fuc)-Gal-Glc			
GSD:dd3d396c-6ed9-4487-8e19-6449f6519035	GalNAc-GD1a	TRUE	G92175CL	4	1	GalNAc-GD1a				SRC:GLYCOEPITOPE|GalNAc-GD1a; SRC:PUBDICTIONARIES-GLYCAN-IMAGE|GalNAc-GD1a; SRC:PUBDICT_GLYCAN_MOTIF|GalNAc-GD1a; SRC:PUBDICT_GLYCOSMOS|GalNAc-GD1a			
GSD:4dfd069b-a6b4-53af-96b3-b6464421b392	GalNAcα1-3Gal	TRUE		1	1	GalNAcα1-3Gal			IUPAC String	SRC:EOG_VARKI_4E|GalNAcα1-3Gal			
GSD:f38bd421-3733-5f59-a1e6-c07ff71a9298	GalNAcα1-4GalNAcα1-3-diNAcBac	TRUE		1	1	GalNAcα1-4GalNAcα1-3-diNAcBac	GalNAcα1-4GalNAcα1-3-diNAcBac-β1		IUPAC String	SRC:EOG_VARKI_4E|GalNAcα1-4GalNAcα1-3-diNAcBac			
GSD:dc576e33-db61-5a15-beff-20d06f37e944	GalNAcα1-4GalNAcα1-4	TRUE		1	1	GalNAcα1-4GalNAcα1-4			IUPAC String	SRC:EOG_VARKI_4E|GalNAcα1-4GalNAcα1-4			
GSD:e20326f3-93ec-5b08-83c8-4b0fbc04ef9c	Galα1-3GalNAc	TRUE		1	1	Galα1-3GalNAc			IUPAC String	SRC:EOG_VARKI_4E|Galα1-3GalNAc			
GSD:395a4112-0689-5bb3-92fc-a60b2e0cb3a3	Galα1-3Galα	TRUE	G00046MO	5	4	Gala3-type1; Galalpha1-3Gal; Galalpha1-3Gal epitope; Galα1-3Galα			IUPAC String	SRC:EOG_VARKI_4E|Galα1-3Galα; SRC:PUBDICT_GLYCAN_MOTIF|Galalpha1-3Gal epitope; SRC:PUBDICT_GLYCONAVI_ABBREV|Gala3-type1; SRC:PUBDICT_GLYCONAVI_NAME|Gala3-type1; SRC:PUBDICT_MOTIF_GTC|Galalpha1-3Gal			
GSD:b9bc662d-a00d-52c9-8b01-e6483eb298f2	Galα1-3Galβ1-4GlcNAc	TRUE		1	1	Galα1-3Galβ1-4GlcNAc	Galα1-3Galβ1-4GlcNAc-R		IUPAC String	SRC:EOG_VARKI_4E|Galα1-3Galβ1-4GlcNAc			
GSD:69fbdafc-9293-50a2-8401-c788fa54b2fd	Galα1-3Glcα	TRUE		1	1	Galα1-3Glcα	Galα1-3Glcα1- disaccharide		IUPAC String	SRC:EOG_VARKI_4E|Galα1-3Glcα			
GSD:e1fbb8c1-c50d-59a7-97f0-870d83b0601c	Galβ1-3GalNAcβ1-4Gal	TRUE		1	1	Galβ1-3GalNAcβ1-4Gal			IUPAC String	SRC:EOG_VARKI_4E|Galβ1-3GalNAcβ1-4Gal			
GSD:5363637f-5a19-5108-ae9d-02b3e1d7003e	Galβ1-3GlcNAcβ1-3Galβ1-4GlcNAc	TRUE		1	1	Galβ1-3GlcNAcβ1-3Galβ1-4GlcNAc			IUPAC String	SRC:EOG_VARKI_4E|Galβ1-3GlcNAcβ1-3Galβ1-4GlcNAc			
GSD:a3aff756-5cef-4b98-9d95-ce771f86643f	Ganglio	TRUE	G00071MO	1	1	Ganglio				SRC:PUBDICT_MOTIF_GTC|Ganglio			
GSD:cac8e53d-b210-51f2-8b22-4d0f32b77326	ganglio-series glycosphingolipid	TRUE	G00071MO	4	3	ganglio-series glycosphingolipid; Glycosphingolipid Ganglio; Glycosphingolipid Ganglio series	ganglio-series		Glycolipid	SRC:EOG_VARKI_4E|ganglio-series glycosphingolipid; SRC:GLYCOMOTIF_GGM|Glycosphingolipid Ganglio series; SRC:PUBDICT_GLYCAN_MOTIF|Glycosphingolipid Ganglio series; SRC:PUBDICT_MOTIF_GTC|Glycosphingolipid Ganglio			
GSD:7a810b44-8bb6-56ba-b76c-339d66b301d7	ganglioside	TRUE		1	1	ganglioside			Glycolipid	SRC:EOG_VARKI_4E|ganglioside			
GSD:b4e1339f-6bb2-4f93-ac7b-c68c162c4dc6	Gangliotetraose	TRUE		2	1	Gangliotetraose				SRC:PUBDICT_GLYCONAVI_ABBREV|Gangliotetraose; SRC:PUBDICT_GLYCONAVI_NAME|Gangliotetraose			
GSD:37c3a314-7c82-495d-9324-f516de933f2a	Gangliotetraosylceramide	TRUE	G05357CB; G21856LC	1	1	Gangliotetraosylceramide				SRC:PUBDICT_GLYCAN_MOTIF|Gangliotetraosylceramide			
GSD:337b5fb8-3f75-43a1-855f-d2a6af376d9a	Gangliotriaosylceramide	TRUE	G90562PB	2	1	Gangliotriaosylceramide	Gg3; Asialo-GM2; GA2; Asialo-GM2a		Glycosphingolipid	SRC:PUBDICT_GLYCAN_MOTIF|Gangliotriaosylceramide; SRC:SUGARBIND|Gangliotriaosylceramide			
GSD:11ace071-8da4-4b1a-ae75-a28e67eb84b9	Gangliotriose	TRUE		2	1	Gangliotriose				SRC:PUBDICT_GLYCONAVI_ABBREV|Gangliotriose; SRC:PUBDICT_GLYCONAVI_NAME|Gangliotriose			
GSD:2aff3a0f-e006-412f-a345-9a089195d04a	Garosamine	TRUE		1	1	Garosamine				SRC:PUBDICT_GLYCONAVI_NAME|Garosamine			
GSD:b9ba8127-ee6e-4795-bea3-3f86ac27524b	Gb3	TRUE	G00059MO	3	1	Gb3				SRC:GLYCOEPITOPE|Gb3; SRC:PUBDICT_GLYCAN_MOTIF|Gb3; SRC:PUBDICT_GLYCOSMOS|Gb3			
GSD:cb509f2c-8352-571e-987f-6afbb43dd3c5	Gb4	TRUE	G00061MO	5	1	Gb4				SRC:PUBDICTIONARIES-GLYCAN-IMAGE|Gb4; SRC:PUBDICT_GLYCAN_MOTIF|Gb4; SRC:PUBDICT_GLYCONAVI_ABBREV|Gb4; SRC:PUBDICT_GLYCONAVI_NAME|Gb4; SRC:PUBDICT_GLYCOSMOS|Gb4			
GSD:9dfb86b5-0308-4b3e-a9af-0936fdf1f0fb	GD1	TRUE	G81983KG; G24638PB	4	2	GD1; GD1 (GD1c)	GD1c		GlycoMotif GGM motif	SRC:CUMMINGS|GD1; SRC:GLYCOMOTIF_CCRC|GD1; SRC:GLYCOMOTIF_GDV|GD1 (GD1c); SRC:GLYCOMOTIF_GGM|GD1			
GSD:d0c0ead3-30f7-5dbf-97a0-dc0aaf2624c4	GD1	TRUE	G81983KG; G24638PB	5	3	GD1; GD1 (GD1c); GD1c	GD1c; ganglioside GD1		Glycolipid	SRC:EOG_VARKI_4E|GD1; SRC:GSD_GLYGEN_V0|GD1; SRC:PUBDICT_GLYCAN_MOTIF|GD1; SRC:PUBDICT_GLYCAN_MOTIF|GD1 (GD1c); SRC:PUBDICT_GLYCAN_MOTIF|GD1c			
GSD:a24b8a0e-617b-4265-90da-89051f4f6d47	GD1 alpha	TRUE	G07394RV	2	1	GD1 alpha				SRC:PUBDICTIONARIES-GLYCAN-IMAGE|GD1 alpha; SRC:PUBDICT_GLYCOSMOS|GD1 alpha			
GSD:8c9bf9d6-a030-4eeb-9642-3aca39662ac3	GD1 alpha pentasaccharide	TRUE	G45714BQ; G07394RV	4	3	GD1 alpha (pentasaccharide); GD1 alpha pentasaccharide; GD1 alpha(Pentasaccharide)				SRC:GLYCOEPITOPE|GD1 alpha(Pentasaccharide); SRC:PUBDICTIONARIES-GLYCAN-IMAGE|GD1 alpha pentasaccharide; SRC:PUBDICT_GLYCAN_MOTIF|GD1 alpha (pentasaccharide); SRC:PUBDICT_GLYCAN_MOTIF|GD1 alpha(Pentasaccharide)			
GSD:ce08ddcb-1567-5caa-9ad2-9c2209277bcc	GD1a	TRUE	G46677TE; G45714BQ; G69277LC; G13258LA	13	2	GD1a; GD1α	GD1alpha; ganglioside GD1a	A branched amino hexasaccharide consisting of the linear sequence α-Neu5Ac-(2→3)-β-D-Gal-(1→3)-β-D-GalNAc-(1→4)-β-D-Gal-(1→4)-β-D-Glc having a Neu5Ac residue attached to a galactose via an α-(2→3) linkage. The oligosaccharide of ganglioside GD1a.[CHEBI:59209]	Glycolipid	SRC:CUMMINGS|GD1a; SRC:CUMMINGS|GD1α; SRC:EOG_VARKI_4E|GD1a; SRC:GLYCOEPITOPE|GD1a; SRC:GLYCOMOTIF_CCRC|GD1a; SRC:GLYCOMOTIF_GDV|GD1a; SRC:GLYCOMOTIF_GGM|GD1a; SRC:GSD_GLYGEN_V0|GD1a; SRC:PUBDICTIONARIES-GLYCAN-IMAGE|GD1a; SRC:PUBDICT_GLYCAN_MOTIF|GD1a; SRC:PUBDICT_GLYCONAVI_ABBREV|GD1a; SRC:PUBDICT_GLYCONAVI_NAME|GD1a; SRC:PUBDICT_GLYCOSMOS|GD1a			
GSD:e4e3df0d-c881-5a91-97fc-fbe47b595923	GD1b	TRUE	G37184KW; G46677TE; G29966WK; G72557NR; G97612UN	19	3	B-GD1b; Disialogangliotetraosylceramide; GD1b	ganglioside GD1b; NeuAc-GD1b; Disialoganglioside; GD1b; GD1a	A branched amino hexasaccharide comprising a β-D-galactosyl-(1→4)-β-D-glucose disaccharide, the galactosyl residue of which carries β-D-galactosyl-(1→3)-N-acetyl-β-D-galactosaminyl and N-acetyl-α-neuraminyl-(2→8)-N-acetyl-α-neuraminyl disaccharide units through (2→4) and (2→3) linkages respectively. It is the carbohydrate portion of ganglioside GD1b.[CHEBI:59222]	Glycolipid	SRC:BIOOLIGO|GD1b; SRC:CUMMINGS|B-GD1b; SRC:CUMMINGS|GD1b; SRC:EOG_VARKI_4E|GD1b; SRC:GLYCOEPITOPE|GD1b; SRC:GLYCOMOTIF_CCRC|B-GD1b; SRC:GLYCOMOTIF_CCRC|GD1b; SRC:GLYCOMOTIF_GDV|B-GD1b; SRC:GLYCOMOTIF_GDV|GD1b; SRC:GLYCOMOTIF_GGM|B-GD1b; SRC:GLYCOMOTIF_GGM|GD1b; SRC:GSD_GLYGEN_V0|GD1b; SRC:PUBDICTIONARIES-GLYCAN-IMAGE|GD1b; SRC:PUBDICT_GLYCAN_MOTIF|B-GD1b; SRC:PUBDICT_GLYCAN_MOTIF|GD1b; SRC:PUBDICT_GLYCONAVI_ABBREV|GD1b; SRC:PUBDICT_GLYCONAVI_NAME|GD1b; SRC:PUBDICT_GLYCOSMOS|GD1b; SRC:SUGARBIND|Disialogangliotetraosylceramide			
GSD:06872bcd-5545-43c5-8c70-f53410a81c69	GD2	TRUE	G02657AK; G41759HA	7	1	GD2		A branched amino pentasaccharide consisting of a linear sequence of two α-sialyl residues, a β-D-galactosyl residue and an N-acetyl-β-D-glucosamine residue linked respectively (2→8), (2→8) and (1→4), to the galactosyl residue of which is also linked (1→4) an N-acetyl-β-D-glucosaminyl residue. It is the carbohydrate portion of ganglioside GD2.[CHEBI:59218]	GlycoMotif GGM motif	SRC:GLYCOMOTIF_CCRC|GD2; SRC:GLYCOMOTIF_GDV|GD2; SRC:GLYCOMOTIF_GGM|GD2; SRC:GSD_GLYGEN_V0|GD2; SRC:PUBDICTIONARIES-GLYCAN-IMAGE|GD2; SRC:PUBDICT_GLYCAN_MOTIF|GD2; SRC:PUBDICT_GLYCOSMOS|GD2			
GSD:d160ad45-8954-4071-9c42-9b078b99c191	GD2	TRUE	G02657AK	6	1	GD2	NeuAc-GD2		Glycosphingolipid	SRC:BIOOLIGO|GD2; SRC:CUMMINGS|GD2; SRC:GLYCOEPITOPE|GD2; SRC:PUBDICT_GLYCONAVI_ABBREV|GD2; SRC:PUBDICT_GLYCONAVI_NAME|GD2; SRC:SUGARBIND|GD2			
GSD:1962f1ca-4998-4433-9692-49d9e37ac274	GD3	TRUE	G98544DH; G81928IQ	13	2	9-O-Acetyl GD3; GD3		A linear amino tetrasaccharide consisting of two sialyl, one galactose and one glucose residue (at the reducing end) connected by sequential α-(2→8)-, α-(2→3)- and β-(1→4)-linkages. The oligosaccharide of ganglioside GD3.[CHEBI:59210]	Glycosphingolipid	SRC:BIOOLIGO|GD3; SRC:CUMMINGS|GD3; SRC:GLYCOMOTIF_CCRC|GD3; SRC:GLYCOMOTIF_GDV|GD3; SRC:GLYCOMOTIF_GGM|9-O-Acetyl GD3; SRC:GLYCOMOTIF_GGM|GD3; SRC:GSD_GLYGEN_V0|GD3; SRC:PUBDICTIONARIES-GLYCAN-IMAGE|GD3; SRC:PUBDICT_GLYCAN_MOTIF|GD3; SRC:PUBDICT_GLYCONAVI_ABBREV|GD3; SRC:PUBDICT_GLYCONAVI_NAME|GD3; SRC:PUBDICT_GLYCOSMOS|GD3; SRC:SUGARBIND|GD3			
GSD:5d04f9d1-9d56-4056-9b47-2d7a8c0a6ca5	gellan	TRUE	G41181BF	2	1	gellan				SRC:PUBDICTIONARIES-GLYCAN-IMAGE|gellan; SRC:PUBDICT_GLYCOSMOS|gellan			
GSD:d616c769-bdfa-4f2a-9f33-ff7f4b42d724	Gentianose	TRUE		1	1	Gentianose				SRC:PUBDICT_GLYCONAVI_NAME|Gentianose			
GSD:964e6a6f-727b-4a18-bc7b-75437cb819e0	gentiobiose	TRUE	G47329OU	3	2	Gentiobiose; gentiobiose				SRC:PUBDICTIONARIES-GLYCAN-IMAGE|gentiobiose; SRC:PUBDICT_GLYCONAVI_NAME|Gentiobiose; SRC:PUBDICT_GLYCOSMOS|gentiobiose			
GSD:cc49bd2f-ba0c-4ad3-9727-8be4ef2ed4a9	Gg3	TRUE	G90562PB	2	1	Gg3				SRC:PUBDICTIONARIES-GLYCAN-IMAGE|Gg3; SRC:PUBDICT_GLYCOSMOS|Gg3			
GSD:19d06add-13da-49d3-9c6c-55cec93a8981	Gg4	TRUE		1	1	Gg4	ganglioside Gg4		Glycolipid	SRC:EOG_VARKI_4E|Gg4			
GSD:c0b57323-d10a-488f-a3ef-b23151a6b40e	Gg4	TRUE	G21856LC	2	1	Gg4				SRC:PUBDICTIONARIES-GLYCAN-IMAGE|Gg4; SRC:PUBDICT_GLYCOSMOS|Gg4			
GSD:08ae8d1d-be95-43af-8afe-5519207b62be	Gg4Cer II3-sulfate	TRUE	G59508TM	2	1	Gg4Cer II3-sulfate	SM1a		Glycosphingolipid	SRC:PUBDICT_GLYCAN_MOTIF|Gg4Cer II3-sulfate; SRC:SUGARBIND|Gg4Cer II3-sulfate			
GSD:2e90df47-c162-4aeb-bad6-a8d4ef59b00a	Gg5	TRUE	G96834JC	2	1	Gg5				SRC:PUBDICTIONARIES-GLYCAN-IMAGE|Gg5; SRC:PUBDICT_GLYCOSMOS|Gg5			
GSD:909f7ff0-10e6-48ad-8569-49e609a5a1a7	GH1ca	TRUE	G14091MR; G86139YL	4	2	GH1ca; GH1cav			GlycoMotif GDV motif	SRC:GLYCOMOTIF_CCRC|GH1ca; SRC:GLYCOMOTIF_GDV|GH1ca; SRC:PUBDICT_GLYCAN_MOTIF|GH1ca; SRC:PUBDICT_GLYCAN_MOTIF|GH1cav			
GSD:b4f047db-d12c-4583-bff0-9e7c066981dc	GH1cα	TRUE	G14091MR	2	2	GH1ca; GH1cα	GH1calpha		GlycoMotif GGM motif	SRC:CUMMINGS|GH1cα; SRC:GLYCOMOTIF_GGM|GH1ca			
GSD:d8e3208f-7725-4ad7-af34-65e36b6cacd2	GL-II	TRUE	G62971NJ	1	1	GL-II			Glycosphingolipid	SRC:SUGARBIND|GL-II			
GSD:cc06bb89-924b-5d6d-a843-baca062dd6a4	Glc3Man9GlcNAc2	TRUE		1	1	Glc3Man9GlcNAc2			N-Linked Composition	SRC:EOG_VARKI_4E|Glc3Man9GlcNAc2			
GSD:297e2bb5-a492-5cd7-bda2-0b6e10d91868	GlcA-GlcNAc repeating unit	TRUE		1	1	GlcA-GlcNAc repeating unit	GlcA-GlcNAc RUs		Polysaccharide Repeating Unit	SRC:EOG_VARKI_4E|GlcA-GlcNAc repeating unit			
GSD:a5eb4dff-4b85-50db-bbd6-af4b55393241	GlcAβ1-3GalNAc repeating unit	TRUE		1	1	GlcAβ1-3GalNAc repeating unit			Polysaccharide Repeating Unit	SRC:EOG_VARKI_4E|GlcAβ1-3GalNAc repeating unit			
GSD:a2d09e61-b751-50c2-be00-9be4c20148f3	GlcAβ1-3Galβ	TRUE		1	1	GlcAβ1-3Galβ	GlcAβ1-3Galβ-R		IUPAC String	SRC:EOG_VARKI_4E|GlcAβ1-3Galβ			
GSD:03408cba-238e-425a-a8e0-024ea12a4c72	GlcNAc b(1-2′) TF	TRUE		1	1	GlcNAc b(1-2′) TF			Miscellaneous (TF-related oligosaccharides)	SRC:BIOOLIGO|GlcNAc b(1-2′) TF			
GSD:9bb7b217-2022-4752-8ca3-fc59b69f5f0d	GlcNAc b(1-4,6) GalNAc	TRUE		1	1	GlcNAc b(1-4,6) GalNAc			Miscellaneous	SRC:BIOOLIGO|GlcNAc b(1-4,6) GalNAc			
GSD:608124e0-0589-49ef-8de2-a7899e40bad1	GlcNAc(b1-3)Gal	TRUE	G02880JU	4	1	GlcNAc(b1-3)Gal				SRC:GLYCOEPITOPE|GlcNAc(b1-3)Gal; SRC:PUBDICTIONARIES-GLYCAN-IMAGE|GlcNAc(b1-3)Gal; SRC:PUBDICT_GLYCAN_MOTIF|GlcNAc(b1-3)Gal; SRC:PUBDICT_GLYCOSMOS|GlcNAc(b1-3)Gal			
GSD:9d65912f-97d1-4625-9f11-3031f1408e33	GlcNAc(b1-3)Gal(b1-4)GlcNAc	TRUE	G48117BL	5	2	GlcNAc b(1-3′) LacNAc; GlcNAc(b1-3)Gal(b1-4)GlcNAc			Miscellaneous	SRC:BIOOLIGO|GlcNAc b(1-3′) LacNAc; SRC:GLYCOEPITOPE|GlcNAc(b1-3)Gal(b1-4)GlcNAc; SRC:PUBDICTIONARIES-GLYCAN-IMAGE|GlcNAc(b1-3)Gal(b1-4)GlcNAc; SRC:PUBDICT_GLYCAN_MOTIF|GlcNAc(b1-3)Gal(b1-4)GlcNAc; SRC:PUBDICT_GLYCOSMOS|GlcNAc(b1-3)Gal(b1-4)GlcNAc			
GSD:26e563b4-d9a4-4dd5-bb87-690ad5c7cf39	GlcNAc-(Fuc)-GlcNAc	TRUE		1	1	GlcNAc-(Fuc)-GlcNAc			Miscellaneous	SRC:BIOOLIGO|GlcNAc-(Fuc)-GlcNAc			
GSD:1c370c82-d2a5-4403-9275-648419ef4340	GlcNAc-Gal-Glc	TRUE		1	1	GlcNAc-Gal-Glc			Miscellaneous	SRC:BIOOLIGO|GlcNAc-Gal-Glc			
GSD:0e71ba39-a3bf-49de-b218-5b4b8739fe55	GlcNAc-Man-(GlcNAc-Man)-Man	TRUE		1	1	GlcNAc-Man-(GlcNAc-Man)-Man			Miscellaneous	SRC:BIOOLIGO|GlcNAc-Man-(GlcNAc-Man)-Man			
GSD:6c9a6faf-fad0-566d-ad32-8d6d1bd04f1f	GlcNAc-P-Man phosphodiester	TRUE		1	1	GlcNAc-P-Man phosphodiester			Disaccharide	SRC:EOG_VARKI_4E|GlcNAc-P-Man phosphodiester			
GSD:909439ef-1f1a-5c74-9e36-56cca3f8b024	GlcNAcβ1-2Manα1-3	TRUE		1	1	GlcNAcβ1-2Manα1-3			IUPAC String	SRC:EOG_VARKI_4E|GlcNAcβ1-2Manα1-3			
GSD:333cf741-734c-5f79-929e-7aba2473fd6d	GlcNAcβ1-2Manα1-6	TRUE		1	1	GlcNAcβ1-2Manα1-6	GlcNAcαβ1-2Manα1-6		IUPAC String	SRC:EOG_VARKI_4E|GlcNAcβ1-2Manα1-6			
GSD:05a85523-3746-5e27-b26c-b6be92baa9ce	GlcNAcβ1-4Gal	TRUE		1	1	GlcNAcβ1-4Gal			IUPAC String	SRC:EOG_VARKI_4E|GlcNAcβ1-4Gal			
GSD:5534ac2a-997a-55ae-a2ac-0ecef58af642	GlcNAcβ1-4Glc	TRUE		1	1	GlcNAcβ1-4Glc	GlcNAcβ1-4Glc-Cer		IUPAC String	SRC:EOG_VARKI_4E|GlcNAcβ1-4Glc			
GSD:a4024824-8ebd-52bb-bd77-3d2bfc7428bb	GlcNAcβ1-4GlcNAc	TRUE		1	1	GlcNAcβ1-4GlcNAc			IUPAC String	SRC:EOG_VARKI_4E|GlcNAcβ1-4GlcNAc			
GSD:b6520151-5833-5a29-8b9e-5366ad982946	GlcNAcβ1-4Man	TRUE		1	1	GlcNAcβ1-4Man			IUPAC String	SRC:EOG_VARKI_4E|GlcNAcβ1-4Man			
GSD:6348b8f8-fc3a-5bf8-a237-9e1c4b573f2d	Glcα1-4Glc repeating unit	TRUE		1	1	Glcα1-4Glc repeating unit			Polysaccharide Repeating Unit	SRC:EOG_VARKI_4E|Glcα1-4Glc repeating unit			
GSD:4f0d6449-4ecc-5890-be80-3712fd55caad	Glcα1-phosphate-Man	TRUE		1	1	Glcα1-phosphate-Man	Glcα1-PO4-Man		Disaccharide	SRC:EOG_VARKI_4E|Glcα1-phosphate-Man			
GSD:51a57210-2ae6-5077-808c-5b752b914b6b	Glcβ1-3Fucα-O-	TRUE		1	1	Glcβ1-3Fucα-O-	Glcβ1-3Fucα-O-Ser/Thr		Others	SRC:EOG_VARKI_4E|Glcβ1-3Fucα-O-			
GSD:7dac5cc6-d727-45e0-afdf-cbafa04d7a0a	Globo-A	TRUE	G37830TX	1	1	Globo-A			Glycosphingolipid	SRC:SUGARBIND|Globo-A			
GSD:6fde25d3-e31e-4303-ab3a-2ca3882a3d32	Globo-H	TRUE	G98465JN; G83120FP	8	4	GL-6 fucosylated; GL-6 fucosylated (globoH); Globo-H; globoH	globoH		Glycosphingolipid	SRC:CUMMINGS|GL-6 fucosylated; SRC:GLYCOMOTIF_CCRC|GL-6 fucosylated; SRC:GLYCOMOTIF_GDV|GL-6 fucosylated (globoH); SRC:GLYCOMOTIF_GGM|GL-6 fucosylated; SRC:PUBDICT_GLYCAN_MOTIF|GL-6 fucosylated; SRC:PUBDICT_GLYCAN_MOTIF|GL-6 fucosylated (globoH); SRC:PUBDICT_GLYCAN_MOTIF|globoH; SRC:SUGARBIND|Globo-H			
GSD:41b2fe6b-f72e-4862-8242-b434ce339bf6	globopentaosylceramide	TRUE	G99053DY; G88796WA; G19298OA	9	2	Gb5; globopentaosylceramide	Gb5; Globopentaosylceramide	A linear amino pentasaccharide comprising D-glucose at the reducing end with a β-D-galactosyl-(1→3)-N-acetyl-β-D-glucosaminyl-(1→3)-α-D-galactosyl-(1→4)-β-D-galactosyl moiety at the 4-position.[CHEBI:141842]	Glycosphingolipid	SRC:CUMMINGS|Gb5; SRC:GLYCOMOTIF_CCRC|Gb5; SRC:GLYCOMOTIF_GDV|Gb5; SRC:GLYCOMOTIF_GGM|Gb5; SRC:GSD_GLYGEN_V0|globopentaosylceramide; SRC:PUBDICTIONARIES-GLYCAN-IMAGE|Gb5; SRC:PUBDICT_GLYCAN_MOTIF|Gb5; SRC:PUBDICT_GLYCOSMOS|Gb5; SRC:SUGARBIND|Gb5			
GSD:81b8b67f-335f-43bf-b121-bfef58adefa3	globoside	TRUE	G00061MO	1	1	globoside	globoside (on RBCs)	An amino tetrasaccharide consisting of 2-acetamido-2-deoxy-β-D-galactopyranosyl, α-D-galactopyranosyl, β-D-galactopyranosyl, and β-D-glucopyranose units joined together in sequence by (1→3), (1→4), and (1→4) glycosidic linkages, respectively.[CHEBI:145578]		SRC:GSD_GLYGEN_V0|globoside			
GSD:ba254b85-f6cc-488f-9566-6222489e80a8	globoside I	TRUE	G00061MO	1	1	globoside I		An amino tetrasaccharide consisting of 2-acetamido-2-deoxy-β-D-galactopyranosyl, α-D-galactopyranosyl, β-D-galactopyranosyl, and β-D-glucopyranose units joined together in sequence by (1→3), (1→4), and (1→4) glycosidic linkages, respectively.[CHEBI:145578]		SRC:GSD_GLYGEN_V0|globoside I			
GSD:ee15a6e1-4986-5710-b1f7-04d74d0ebfba	globosides	TRUE	G00061MO	5	3	globo-series glycospingolipids; Globoside; globosides	globosides (globo-series); globo-series; globosides		Glycolipid	SRC:EOG_VARKI_4E|globo-series glycospingolipids; SRC:GLYCOEPITOPE|Globoside; SRC:GSD_GLYGEN_V0|globosides; SRC:PUBDICT_GLYCAN_MOTIF|Globoside; SRC:PUBDICT_GLYCOSMOS|Globoside			
GSD:bc327ffd-8cf5-493a-9261-f72cbdb41467	Globotetraose	TRUE		2	1	Globotetraose				SRC:PUBDICT_GLYCONAVI_ABBREV|Globotetraose; SRC:PUBDICT_GLYCONAVI_NAME|Globotetraose			
GSD:b137039e-0172-5d89-8fa3-68775f8d4016	globotetraosylceramide	TRUE	G00061MO; G04616ST	5	4	Gb4; globoside; Globotetraosylceramide; globotetraosylceramide	Gb4Cer; Gb4; globoside-4; globotetraosylceramide; GalNAcβ1-3Galα1-4Galβ1-4Glc; Globoside	An amino tetrasaccharide consisting of 2-acetamido-2-deoxy-β-D-galactopyranosyl, α-D-galactopyranosyl, β-D-galactopyranosyl, and β-D-glucopyranose units joined together in sequence by (1→3), (1→4), and (1→4) glycosidic linkages, respectively.[CHEBI:145578]	Glycolipid	SRC:EOG_VARKI_4E|Gb4; SRC:GSD_GLYGEN_V0|globotetraosylceramide; SRC:PUBDICTIONARIES-GLYCAN-IMAGE|globoside; SRC:PUBDICT_GLYCAN_MOTIF|Globotetraosylceramide; SRC:SUGARBIND|Globotetraosylceramide			
GSD:20e88f5c-c2b3-59f6-be89-7e0e58465d7c	globotriaosylceramide	TRUE	G00059MO; G19336PT	12	7	Ceramide trihexosides(CTH); Gb3; GL-III; Globotriaosylceramide; globotriaosylceramide; Pk antigen; Pk antigen (Gb3, globotriaosylceramide)	Gb3; GL3; Gb(3); Gb_3; globotriaosylceramide; ceramide trihexoside; CTH; Trihexosylceramide; Galα1-4Galβ1-4Glc; P^k antigen	Globotriaosylceramide is a type of globoside(glycosphingolipid) which is formed by alpha linkage of galactose to lactosylceramide. The reaction is catalyzed by enzyme A4GALT.[Wiki:Globotriaosylceramide]	Glycolipid	SRC:CUMMINGS|Pk antigen; SRC:EOG_VARKI_4E|Gb3; SRC:GLYCOMOTIF_GDV|Pk antigen (Gb3, globotriaosylceramide); SRC:GLYCOMOTIF_GGM|Pk antigen; SRC:GSD_GLYGEN_V0|globotriaosylceramide; SRC:PUBDICTIONARIES-GLYCAN-IMAGE|Gb3; SRC:PUBDICT_GLYCAN_MOTIF|Pk antigen (Gb3, globotriaosylceramide); SRC:PUBDICT_GLYCAN_MOTIF|globotriaosylceramide; SRC:PUBDICT_GLYCONAVI_ABBREV|Ceramide trihexosides(CTH); SRC:PUBDICT_GLYCONAVI_NAME|Ceramide trihexosides(CTH); SRC:SUGARBIND|GL-III; SRC:SUGARBIND|Globotriaosylceramide			
GSD:b922d63c-05bd-4cb6-894a-eb1669e14e43	Globotriose	TRUE		2	1	Globotriose				SRC:PUBDICT_GLYCONAVI_ABBREV|Globotriose; SRC:PUBDICT_GLYCONAVI_NAME|Globotriose			
GSD:f103e2fb-58a5-5b16-80c5-8e27ca3c0536	glucan	TRUE		1	1	glucan	glucose polymers		Polysaccharide	SRC:EOG_VARKI_4E|glucan			
GSD:2312c43c-2cd4-563f-b74c-b95ee7b58642	glucomannan	TRUE	G88924MD	5	2	Glucomannan; glucomannan			Polysaccharide	SRC:EOG_VARKI_4E|glucomannan; SRC:GLYCOEPITOPE|Glucomannan; SRC:PUBDICTIONARIES-GLYCAN-IMAGE|glucomannan; SRC:PUBDICT_GLYCAN_MOTIF|Glucomannan; SRC:PUBDICT_GLYCOSMOS|Glucomannan			
GSD:56dc53ad-e566-4e58-a2eb-98ee916bbfdd	Glucopsychosine	TRUE		1	1	Glucopsychosine				SRC:PUBDICT_GLYCONAVI_NAME|Glucopsychosine			
GSD:a09af429-c69a-4830-bb73-23e2cc4345be	Glucosamine	TRUE		1	1	Glucosamine				SRC:PUBDICT_GLYCONAVI_NAME|Glucosamine			
GSD:42e73d9f-ec15-4769-9669-604404a65481	Glucosaminitol	TRUE		1	1	Glucosaminitol				SRC:PUBDICT_GLYCONAVI_NAME|Glucosaminitol			
GSD:20f2bd49-e5ec-499a-9de5-b3f3ae2b335d	Glucose	TRUE	G15021LG	2	1	Glucose	D-Glucose; Glc			SRC:PUBDICT_GLYCONAVI_NAME|Glucose; SRC:SUGARBIND|Glucose			
GSD:5d28aecc-674e-4da9-bdb7-89663f4d8e31	Glucose	TRUE	G15021LG	1	1	Glucose				SRC:PUBDICT_GLYCAN_MOTIF|Glucose			
GSD:3d06d77f-0323-508b-8678-7e86c86b85c4	glucosylceramide	TRUE	G71142DF	8	3	Glucocerebrosides; Glucosylceramide; glucosylceramide	GlcCer; Glucocerebroside; Ceramide monohexoside; CMH; Glc-Cer; glucoceramide	Cerebrosides which contain as their polar head group a glucose moiety bound in glycosidic linkage to the hydroxyl group of ceramides. Their accumulation in tissue, due to a defect in beta-glucosidase, is the cause of Gaucher's disease.[MeSH:D005963]	Glycolipid	SRC:CUMMINGS|Glucosylceramide; SRC:EOG_VARKI_4E|glucosylceramide; SRC:GLYCOMOTIF_GDV|Glucosylceramide; SRC:GLYCOMOTIF_GGM|Glucosylceramide; SRC:GSD_GLYGEN_V0|glucosylceramide; SRC:PUBDICT_GLYCAN_MOTIF|Glucosylceramide; SRC:PUBDICT_GLYCONAVI_NAME|Glucocerebrosides; SRC:SUGARBIND|Glucosylceramide			
GSD:77ceee42-d16d-590b-ae3e-94e617326342	glucuronoarabinoxylan	TRUE	G54315VV	5	2	Glucronoarabinoxylan; glucuronoarabinoxylan			Polysaccharide	SRC:EOG_VARKI_4E|glucuronoarabinoxylan; SRC:GLYCOEPITOPE|Glucronoarabinoxylan; SRC:PUBDICTIONARIES-GLYCAN-IMAGE|glucuronoarabinoxylan; SRC:PUBDICT_GLYCAN_MOTIF|Glucronoarabinoxylan; SRC:PUBDICT_GLYCOSMOS|Glucronoarabinoxylan			
GSD:68812b8d-f8a2-5064-86e7-b8389b0069d5	glucuronoxylan	TRUE	G94091AV	5	2	Glucronoxylan; glucuronoxylan			Polysaccharide	SRC:EOG_VARKI_4E|glucuronoxylan; SRC:GLYCOEPITOPE|Glucronoxylan; SRC:PUBDICTIONARIES-GLYCAN-IMAGE|glucuronoxylan; SRC:PUBDICT_GLYCAN_MOTIF|Glucronoxylan; SRC:PUBDICT_GLYCOSMOS|Glucronoxylan			
GSD:ed0f9d3e-5fb6-43fe-8402-7a30c04435d7	Glucuronyl-Lacto-N-tetraose	TRUE		1	1	Glucuronyl-Lacto-N-tetraose			Glucuronylated oligosaccharides	SRC:BIOOLIGO|Glucuronyl-Lacto-N-tetraose			
GSD:7c8f9a7f-10a6-4fd8-b880-a0fcfd7db647	Glucuronyl_Lactose	TRUE		1	1	Glucuronyl_Lactose			Glucuronylated oligosaccharides	SRC:BIOOLIGO|Glucuronyl_Lactose			
GSD:7de0edd2-ff48-4b11-a02e-38dcd4bb8ca7	Glyceraldehyde	TRUE		1	1	Glyceraldehyde				SRC:PUBDICT_GLYCONAVI_NAME|Glyceraldehyde			
GSD:34310b8b-1f55-4bcd-bede-69b0b7f87873	Glycerol	TRUE		1	1	Glycerol				SRC:PUBDICT_GLYCONAVI_NAME|Glycerol			
GSD:bb6eb442-4137-4050-a4f6-bb501db017a8	Glycerone	TRUE		1	1	Glycerone				SRC:PUBDICT_GLYCONAVI_NAME|Glycerone			
GSD:159b23d6-4463-518c-b6d0-edc0916ae57e	glycogen	TRUE		1	1	glycogen			Polysaccharide	SRC:EOG_VARKI_4E|glycogen			
GSD:e96d30e8-eb7c-52f4-9b67-9a92a86513c7	glycoglycerolipid	TRUE		1	1	glycoglycerolipid			Glycolipid	SRC:EOG_VARKI_4E|glycoglycerolipid			
GSD:a103e2ec-3b91-522f-8955-3b125da6d21f	glycoinositolphospholipids	TRUE		1	1	glycoinositolphospholipids	GIPLs		Glycolipid	SRC:EOG_VARKI_4E|glycoinositolphospholipids			
GSD:045f4287-6314-539a-bc4b-5bbdad4b4b7f	glycolipids	TRUE		1	1	glycolipids			Glycolipid	SRC:EOG_VARKI_4E|glycolipids			
GSD:2acff01f-299c-41a8-932d-1e99329fe5a7	Glycoprotein 1	TRUE	G00711NG	1	1	Glycoprotein 1			Glycoprotein	SRC:SUGARBIND|Glycoprotein 1			
GSD:0e8b1035-397d-4224-9b6c-8f3d3ff9048a	Glycoprotein 2	TRUE	G65507FU	1	1	Glycoprotein 2			Glycoprotein	SRC:SUGARBIND|Glycoprotein 2			
GSD:11f0ce27-07a6-4693-a6b4-8f1ba4bc454c	Glycoprotein 3	TRUE	G76297JC	1	1	Glycoprotein 3			Glycoprotein	SRC:SUGARBIND|Glycoprotein 3			
GSD:b2e9740e-1fe6-5a6b-97f2-5a4d864900a0	glycosaminoglycans	TRUE		1	1	glycosaminoglycans	GAGs		Polysaccharide	SRC:EOG_VARKI_4E|glycosaminoglycans			
GSD:62ab845c-2852-4f91-8416-2fa633398893	Glycosphingolipid Gala series	TRUE	G00016MO	3	2	Glycosphingolipid Gala; Glycosphingolipid Gala series			GlycoMotif GGM motif	SRC:GLYCOMOTIF_GGM|Glycosphingolipid Gala series; SRC:PUBDICT_GLYCAN_MOTIF|Glycosphingolipid Gala series; SRC:PUBDICT_MOTIF_GTC|Glycosphingolipid Gala			
GSD:e8df1c24-4ca5-499e-bbc6-d44b44942939	Glycosphingolipid Globo series	TRUE	G00072MO; G99312NX	4	3	Globo; Glycosphingolipid Globo; Glycosphingolipid Globo series			GlycoMotif GGM motif	SRC:GLYCOMOTIF_GGM|Glycosphingolipid Globo series; SRC:PUBDICT_GLYCAN_MOTIF|Glycosphingolipid Globo series; SRC:PUBDICT_MOTIF_GTC|Globo; SRC:PUBDICT_MOTIF_GTC|Glycosphingolipid Globo			
GSD:0d3e28fd-3333-46f1-a1ae-94f5d23d6d18	Glycosphingolipid Isoglobo series	TRUE	G00012MO	2	1	Glycosphingolipid Isoglobo series			GlycoMotif GGM motif	SRC:GLYCOMOTIF_GGM|Glycosphingolipid Isoglobo series; SRC:PUBDICT_GLYCAN_MOTIF|Glycosphingolipid Isoglobo series			
GSD:f7ffa7e5-85fd-457c-8e25-0f961bca2eb2	Glycosphingolipid Mollu series	TRUE	G00015MO	3	2	Glycosphingolipid Mollu; Glycosphingolipid Mollu series			GlycoMotif GGM motif	SRC:GLYCOMOTIF_GGM|Glycosphingolipid Mollu series; SRC:PUBDICT_GLYCAN_MOTIF|Glycosphingolipid Mollu series; SRC:PUBDICT_MOTIF_GTC|Glycosphingolipid Mollu			
GSD:55c17e07-1003-404a-a02f-bee863db0834	Glycosphingolipid Muco series	TRUE	G00013MO	3	2	Glycosphingolipid Muco; Glycosphingolipid Muco series			GlycoMotif GGM motif	SRC:GLYCOMOTIF_GGM|Glycosphingolipid Muco series; SRC:PUBDICT_GLYCAN_MOTIF|Glycosphingolipid Muco series; SRC:PUBDICT_MOTIF_GTC|Glycosphingolipid Muco			
GSD:aaadcfba-0977-5dd9-965d-40aa49d81920	glycosphingolipids	TRUE		1	1	glycosphingolipids	GSLs		Glycolipid	SRC:EOG_VARKI_4E|glycosphingolipids			
GSD:4f42f90c-4af2-5926-95b6-d0bfead73c72	glycosylceramide	TRUE		1	1	glycosylceramide			Glycolipid	SRC:EOG_VARKI_4E|glycosylceramide			
GSD:2039886e-7957-5b3b-bceb-1f3c3e3c1252	glycosyldiacylglycerolipid	TRUE		1	1	glycosyldiacylglycerolipid	glycosyldiacylglycerolipids		Glycolipid	SRC:EOG_VARKI_4E|glycosyldiacylglycerolipid			
GSD:eb91bceb-53d2-568b-8e05-ea0447fc3a5a	glycosylinositolphosphorylceramide	TRUE		1	1	glycosylinositolphosphorylceramide	glycosylinositolphosphorylceramides; GIPCs		Glycolipid	SRC:EOG_VARKI_4E|glycosylinositolphosphorylceramide			
GSD:3aa27544-ba80-5023-b104-e0747c328c0c	GM1	TRUE	G48558GR; G03506YN; G46613JI	15	4	Extended GM1; GM1; GM1a; Monosialogangliotetraosylceramide	GM1 ganglioside; GM1-ganglioside; ganglioside GM1; Monosialoganglioside; NeuAc-GM1; GM1a; GM1	A branched amino pentasaccharide consisting of the linear sequence β-D-Gal-(1→3)-β-D-GalNAc-(1→4)-β-D-Gal-(1→4)-β-D-Glc having a Neu5Ac residue attached to the inner galactose via an α-(2→3) linkage. The oligosaccharide of ganglioside GM1a.[CHEBI:59208]	Glycolipid	SRC:CUMMINGS|GM1; SRC:EOG_VARKI_4E|GM1; SRC:GLYCOEPITOPE|GM1; SRC:GLYCOMOTIF_CCRC|GM1; SRC:GLYCOMOTIF_GDV|GM1; SRC:GLYCOMOTIF_GGM|GM1; SRC:GSD_GLYGEN_V0|GM1; SRC:PUBDICTIONARIES-GLYCAN-IMAGE|GM1; SRC:PUBDICT_GLYCAN_MOTIF|GM1; SRC:PUBDICT_GLYCONAVI_ABBREV|GM1; SRC:PUBDICT_GLYCONAVI_NAME|GM1; SRC:PUBDICT_GLYCOSMOS|GM1; SRC:PUBDICT_GLYCOSMOS|GM1a; SRC:SUGARBIND|Extended GM1; SRC:SUGARBIND|Monosialogangliotetraosylceramide			
GSD:fbde2c9b-d9c5-4c7c-b3ef-93cbcc3ee9cb	GM1a	TRUE	G48558GR	2	1	GM1a				SRC:GSD_GLYGEN_V0|GM1a; SRC:PUBDICTIONARIES-GLYCAN-IMAGE|GM1a			
GSD:03eade63-065b-5266-b0d6-2d0feb657606	GM1b	TRUE	G03277YI	3	1	GM1b	ganglioside GM1b; Siaα2-3Galβ1-3GalNAcβ1-4Galβ1-4Glcβ1-1Cer		Glycolipid	SRC:EOG_VARKI_4E|GM1b; SRC:GLYCOEPITOPE|GM1b; SRC:PUBDICTIONARIES-GLYCAN-IMAGE|GM1b			
GSD:c3ab268d-5f1e-428d-9a97-1450174d62ef	GM2	TRUE	G79389NT	1	1	GM2			GlycoMotif GGM motif	SRC:GLYCOMOTIF_GGM|GM2			
GSD:f05f9823-137e-586e-9ce6-90956a04b6bc	GM2	TRUE	G79389NT; G61168WC	10	1	GM2	ganglioside GM2	A branched amino tetrasaccharide consisting of the linear sequence β-D-GalNAc-(1→4)-β-D-Gal-(1→4)-β-D-Glc having a Neu5Ac residue attached to the galactose via an α-(2→3) linkage. Corresponds to the carbohydrate portion of ganglioside GM2.[CHEBI:59220]	Glycolipid	SRC:CUMMINGS|GM2; SRC:EOG_VARKI_4E|GM2; SRC:GLYCOMOTIF_CCRC|GM2; SRC:GLYCOMOTIF_GDV|GM2; SRC:GSD_GLYGEN_V0|GM2; SRC:PUBDICTIONARIES-GLYCAN-IMAGE|GM2; SRC:PUBDICT_GLYCAN_MOTIF|GM2; SRC:PUBDICT_GLYCONAVI_ABBREV|GM2; SRC:PUBDICT_GLYCONAVI_NAME|GM2; SRC:PUBDICT_GLYCOSMOS|GM2			
GSD:40982fbc-1026-5333-acdb-aafdf94892be	GM3	TRUE	G91237TK; G56516VH	12	2	GM3; Monosialodihexosylganglioside	ganglioside GM3; II3NeuAc LacCer; Hematoside; GM3	Ganglioside GM3 (d18:1/16:0) is a glycosphingolipid (ceramide and oligosaccharide)or oligoglycosylceramide with one or more sialic acids (i.e. n-acetylneuraminic acid) linked on the sugar chain. It is a component the cell plasma membrane which modulates cell signal transduction events. Gangliosides have been found to be highly important in immunology. Ganglioside GM3 carries a net-negative char...	Glycolipid	SRC:CUMMINGS|GM3; SRC:EOG_VARKI_4E|GM3; SRC:GLYCOMOTIF_CCRC|GM3; SRC:GLYCOMOTIF_GDV|GM3; SRC:GLYCOMOTIF_GGM|GM3; SRC:GSD_GLYGEN_V0|GM3; SRC:PUBDICTIONARIES-GLYCAN-IMAGE|GM3; SRC:PUBDICT_GLYCAN_MOTIF|GM3; SRC:PUBDICT_GLYCONAVI_ABBREV|GM3; SRC:PUBDICT_GLYCONAVI_NAME|GM3; SRC:PUBDICT_GLYCOSMOS|GM3; SRC:SUGARBIND|Monosialodihexosylganglioside			
GSD:dec4bfd6-f3b4-40f3-a00b-f706628f6e74	GM4	TRUE	G30207PZ	1	1	GM4			GlycoMotif GGM motif	SRC:GLYCOMOTIF_GGM|GM4			
GSD:faa9b001-357d-4549-8f5d-8666e506e650	GM4	TRUE	G30207PZ; G77824XV	8	1	GM4	Sialylated GalCer	An amino disaccharide consisting of β-D-galactose having an α-N-acetylneuraminyl residue attached at the 3-position [CHEBI:63155]	GlycoMotif GDV motif	SRC:CUMMINGS|GM4; SRC:GLYCOEPITOPE|GM4; SRC:GLYCOMOTIF_CCRC|GM4; SRC:GLYCOMOTIF_GDV|GM4; SRC:GSD_GLYGEN_V0|GM4; SRC:PUBDICTIONARIES-GLYCAN-IMAGE|GM4; SRC:PUBDICT_GLYCAN_MOTIF|GM4; SRC:PUBDICT_GLYCOSMOS|GM4			
GSD:f7518bcf-9e16-4d16-88e7-d1c7653b2e00	GN	TRUE		1	1	GN				SRC:PUBDICT_GLYCONAVI_NAME|GN			
GSD:a85a1d27-c596-4e8e-8eec-723cad801d49	GNLN	TRUE		2	1	GNLN				SRC:PUBDICT_GLYCONAVI_ABBREV|GNLN; SRC:PUBDICT_GLYCONAVI_NAME|GNLN			
GSD:52c8b4cc-801c-46fb-a0a3-223e0714c250	GP1c	TRUE	G93805MV; G26203DP; G04433GV; G77608BK	6	1	GP1c			GlycoMotif CCRC motif	SRC:CUMMINGS|GP1c; SRC:GLYCOMOTIF_CCRC|GP1c; SRC:GSD_GLYGEN_V0|GP1c; SRC:PUBDICTIONARIES-GLYCAN-IMAGE|GP1c; SRC:PUBDICT_GLYCAN_MOTIF|GP1c; SRC:PUBDICT_GLYCOSMOS|GP1c			
GSD:d75d85db-8a10-4641-aa4b-251de718bf11	GP1c	TRUE	G93805MV	1	1	GP1c			GlycoMotif GGM motif	SRC:GLYCOMOTIF_GGM|GP1c			
GSD:a67fcc63-4f15-4b6d-954c-6007bd0d4040	GP1ca	TRUE	G00552RX; G16999RL	2	1	GP1ca			GlycoMotif CCRC motif	SRC:GLYCOMOTIF_CCRC|GP1ca; SRC:PUBDICT_GLYCAN_MOTIF|GP1ca			
GSD:0990f080-1460-4182-b22b-59e78639cee6	GP1cα	TRUE	G04433GV; G26203DP	3	3	GP1c; GP1ca; GP1cα	GP1calpha		GlycoMotif GGM motif	SRC:CUMMINGS|GP1cα; SRC:GLYCOMOTIF_GDV|GP1c; SRC:GLYCOMOTIF_GGM|GP1ca			
GSD:38f1e228-ec20-4d17-947e-c561fe1ffdc5	GPI anchor	TRUE		1	1	GPI anchor			Glycosphingolipid	SRC:BIOOLIGO|GPI anchor			
GSD:6541a9ff-3d21-5b09-8297-2ae4b63eb6c4	GPI glycan	TRUE	G00045MO; G46392BZ	4	3	GPI anchor; GPI anchor core; GPI glycan	GPI anchor; glycosylphosphatidylinositol; Manα1-2Manα1-6Manα1-4GlcNα1-6Inositolphospholipid		Glycolipid	SRC:EOG_VARKI_4E|GPI glycan; SRC:GLYCOMOTIF_GGM|GPI anchor; SRC:PUBDICT_GLYCAN_MOTIF|GPI anchor core; SRC:PUBDICT_MOTIF_GTC|GPI anchor			
GSD:1c10f910-6371-463d-85c7-715bf40cfbef	GQ1aα	TRUE	G26199BG; G90598GO	4	2	GQ1aa; GQ1aα			GlycoMotif GDV motif	SRC:CUMMINGS|GQ1aα; SRC:GLYCOMOTIF_CCRC|GQ1aa; SRC:GLYCOMOTIF_GDV|GQ1aa; SRC:PUBDICT_GLYCAN_MOTIF|GQ1aa			
GSD:2f4047e2-bc8c-577d-9c8c-ed2e04227c65	GQ1b	TRUE	G18625KA; G17077FL	13	1	GQ1b	ganglioside GQ1b; NeuAc-GQ1b	An amino oligosaccharide that is a branched octasaccharide derivative consisting of four sialyl residues, two galactose residues, one N-acetylglucosamine and a glucose residue at the reducing end.[CHEBI:59212]	Glycolipid	SRC:CUMMINGS|GQ1b; SRC:EOG_VARKI_4E|GQ1b; SRC:GLYCOEPITOPE|GQ1b; SRC:GLYCOMOTIF_CCRC|GQ1b; SRC:GLYCOMOTIF_GDV|GQ1b; SRC:GLYCOMOTIF_GGM|GQ1b; SRC:GSD_GLYGEN_V0|GQ1b; SRC:PUBDICTIONARIES-GLYCAN-IMAGE|GQ1b; SRC:PUBDICT_GLYCAN_MOTIF|GQ1b; SRC:PUBDICT_GLYCONAVI_ABBREV|GQ1b; SRC:PUBDICT_GLYCONAVI_NAME|GQ1b; SRC:PUBDICT_GLYCOSMOS|GQ1b; SRC:SUGARBIND|GQ1b			
GSD:f506d575-33cd-4a4e-bf39-3475f3cda04c	GQ1b alpha	TRUE	G54733XO; G49791FJ	7	3	GQ1b alpha; GQ1ba; GQ1bα				SRC:CUMMINGS|GQ1bα; SRC:GLYCOEPITOPE|GQ1b alpha; SRC:GSD_GLYGEN_V0|GQ1b alpha; SRC:PUBDICTIONARIES-GLYCAN-IMAGE|GQ1b alpha; SRC:PUBDICT_GLYCAN_MOTIF|GQ1b alpha; SRC:PUBDICT_GLYCAN_MOTIF|GQ1ba; SRC:PUBDICT_GLYCOSMOS|GQ1b alpha			
GSD:a9cacbb0-1640-4587-b56c-dba0463ebbf1	GQ1ba	TRUE	G54733XO; G49791FJ	3	1	GQ1ba	GQ1balpha		GlycoMotif GGM motif	SRC:GLYCOMOTIF_CCRC|GQ1ba; SRC:GLYCOMOTIF_GDV|GQ1ba; SRC:GLYCOMOTIF_GGM|GQ1ba			
GSD:031b8604-2a27-4fb3-84c4-56e35afce5bd	GQ1c	TRUE	G99524KA; G54442GQ	7	1	GQ1c		Alpha-Neu5Ac-(2-&gt;8)-alpha-Neu5Ac-(2-&gt;8)-alpha-Neu5Ac-(2-&gt;3)-[alpha-Neu5Ac-(2-&gt;3)-beta-D-Galp-(1-&gt;3)-beta-D-GalpNAc-(1-&gt;4)]-beta-D-Galp-(1-&gt;4)-beta-D-Glcp is a member of neuraminic acids and an amino octasaccharide.[CID:91860352]	GlycoMotif GDV motif	SRC:CUMMINGS|GQ1c; SRC:GLYCOMOTIF_CCRC|GQ1c; SRC:GLYCOMOTIF_GDV|GQ1c; SRC:GSD_GLYGEN_V0|GQ1c; SRC:PUBDICTIONARIES-GLYCAN-IMAGE|GQ1c; SRC:PUBDICT_GLYCAN_MOTIF|GQ1c; SRC:PUBDICT_GLYCOSMOS|GQ1c			
GSD:054b13c0-b5ee-4d04-87e0-1306b8a8a09f	GQ1c	TRUE	G99524KA	1	1	GQ1c			GlycoMotif GGM motif	SRC:GLYCOMOTIF_GGM|GQ1c			
GSD:a843600e-25e7-4d85-9b60-eaaa3680fbca	GQ2	TRUE		2	1	GQ2				SRC:PUBDICT_GLYCONAVI_ABBREV|GQ2; SRC:PUBDICT_GLYCONAVI_NAME|GQ2			
GSD:51f72691-4ddc-432d-baad-76fba15d83d4	GT1a	TRUE	G68110IF	1	1	GT1a			GlycoMotif GGM motif	SRC:GLYCOMOTIF_GGM|GT1a			
GSD:82405327-1de3-4ba5-89aa-493256abad99	GT1a	TRUE	G68110IF; G93468NI	9	1	GT1a		A branched heptasaccharide derivative consisting of three sialyl residues, two galactose residues, one N-acetylglucosamine and a glucose residue at the reducing end.[CHEBI:59215]	Ganglioside sugars	SRC:BIOOLIGO|GT1a; SRC:CUMMINGS|GT1a; SRC:GLYCOEPITOPE|GT1a; SRC:GLYCOMOTIF_CCRC|GT1a; SRC:GLYCOMOTIF_GDV|GT1a; SRC:GSD_GLYGEN_V0|GT1a; SRC:PUBDICTIONARIES-GLYCAN-IMAGE|GT1a; SRC:PUBDICT_GLYCAN_MOTIF|GT1a; SRC:PUBDICT_GLYCOSMOS|GT1a			
GSD:f77f9ead-efc0-4fe7-b422-53bee58ffb3f	GT1a alpha	TRUE	G02149VR; G17486WU	9	3	GT1a alpha; GT1aa; GT1aα	GT1aa		GlycoMotif GDV motif	SRC:CUMMINGS|GT1aα; SRC:GLYCOEPITOPE|GT1a alpha; SRC:GLYCOMOTIF_CCRC|GT1aa; SRC:GLYCOMOTIF_GDV|GT1aa; SRC:GSD_GLYGEN_V0|GT1a alpha; SRC:PUBDICTIONARIES-GLYCAN-IMAGE|GT1a alpha; SRC:PUBDICT_GLYCAN_MOTIF|GT1a alpha; SRC:PUBDICT_GLYCAN_MOTIF|GT1aa; SRC:PUBDICT_GLYCOSMOS|GT1a alpha			
GSD:cd9a316a-7702-4faf-9f91-93b7c9c56437	GT1aa	TRUE	G02149VR; G90598GO	2	2	GQ1aa; GT1aa	GT1aalpha; GQ1aalpha		GlycoMotif GGM motif	SRC:GLYCOMOTIF_GGM|GQ1aa; SRC:GLYCOMOTIF_GGM|GT1aa			
GSD:926d7349-2069-5615-b469-3b6c845ce149	GT1b	TRUE	G40183QN; G05952XV	13	1	GT1b	ganglioside GT1b	A branched amino heptasaccharide comprising a β-D-galactosyl-(1→4)-β-D-glucose disaccharide, the galactosyl residue of which carries an N-acetyl-α-neuraminyl-(2→3)-β-D-galactosyl-(1→3)-N-acetyl-β-D-galactosaminyl trisaccharide unit and an N-acetyl-α-neuraminyl-(2→8)-N-acetyl-α-neuraminyl disaccharide unit through (2→4) and (2→3) linkages respectively. It corresponds to the carbohydrate portion ...	Glycolipid	SRC:BIOOLIGO|GT1b; SRC:CUMMINGS|GT1b; SRC:EOG_VARKI_4E|GT1b; SRC:GLYCOEPITOPE|GT1b; SRC:GLYCOMOTIF_CCRC|GT1b; SRC:GLYCOMOTIF_GDV|GT1b; SRC:GLYCOMOTIF_GGM|GT1b; SRC:GSD_GLYGEN_V0|GT1b; SRC:PUBDICTIONARIES-GLYCAN-IMAGE|GT1b; SRC:PUBDICT_GLYCAN_MOTIF|GT1b; SRC:PUBDICT_GLYCONAVI_ABBREV|GT1b; SRC:PUBDICT_GLYCONAVI_NAME|GT1b; SRC:PUBDICT_GLYCOSMOS|GT1b			
GSD:3b3e1c65-614e-57dc-aa07-85a170fcf39a	GT1c	TRUE	G78818SP; G50762GU	10	1	GT1c	ganglioside GT1c	A branched amino heptasaccharide consisting of a linear tetrasaccharide of β-D-galactose, N-acetyl-β-D-galactosamine, β-D-galactose and β-D-glucose residues linked sequentially (1→3), (1→4) and (1→4), to the galactose residue proximal to the reducing end is also linked (2→3) an N-acetyl-α-neuraminyl-(2→8)-N-acetyl-α-neuraminyl-(2→8)-N-acetyl-α-neuraminyl trisaccharide side-chain. The carbohydra...	Glycolipid	SRC:BIOOLIGO|GT1c; SRC:CUMMINGS|GT1c; SRC:EOG_VARKI_4E|GT1c; SRC:GLYCOMOTIF_CCRC|GT1c; SRC:GLYCOMOTIF_GDV|GT1c; SRC:GLYCOMOTIF_GGM|GT1c; SRC:GSD_GLYGEN_V0|GT1c; SRC:PUBDICTIONARIES-GLYCAN-IMAGE|GT1c; SRC:PUBDICT_GLYCAN_MOTIF|GT1c; SRC:PUBDICT_GLYCOSMOS|GT1c			
GSD:4311fc01-86a7-47bd-8284-13f4e625161e	GT2	TRUE	G36476BA; G35228ZS	11	1	GT2		A branched amino hexasaccharide consisting of a chain of three α-sialyl residues, a β-D-galactosyl residue and a β-D-glucose residue linked sequentially (2→8), (2→8), (2→3) and (1→4), to the galactosyl residue of which is also linked (1→4) an N-acetyl-β-D-galactosaminyl residue. The carbohydrate moiety of ganglioside GT2.[CHEBI:72446]	Ganglioside sugars	SRC:BIOOLIGO|GT2; SRC:CUMMINGS|GT2; SRC:GLYCOMOTIF_CCRC|GT2; SRC:GLYCOMOTIF_GDV|GT2; SRC:GLYCOMOTIF_GGM|GT2; SRC:GSD_GLYGEN_V0|GT2; SRC:PUBDICTIONARIES-GLYCAN-IMAGE|GT2; SRC:PUBDICT_GLYCAN_MOTIF|GT2; SRC:PUBDICT_GLYCONAVI_ABBREV|GT2; SRC:PUBDICT_GLYCONAVI_NAME|GT2; SRC:PUBDICT_GLYCOSMOS|GT2			
GSD:1a17f636-6a3f-4a43-88df-71d941c94d3c	GT3	TRUE	G93899SO	1	1	GT3			GlycoMotif GGM motif	SRC:GLYCOMOTIF_GGM|GT3			
GSD:6d78ffdb-0cc7-4ec2-b143-6ee6fbf173ac	GT3	TRUE	G93899SO; G33570YF	11	1	GT3		A linear amino pentasaccharide consisting of a chain of three α-sialyl residues, a β-D-galactosyl residue and a β-D-glucose residue linked sequentially (2→8), (2→8), (2→3) and (1→4).[CHEBI:72444]	Ganglioside sugars	SRC:BIOOLIGO|GT3; SRC:CUMMINGS|GT3; SRC:GLYCOEPITOPE|GT3; SRC:GLYCOMOTIF_CCRC|GT3; SRC:GLYCOMOTIF_GDV|GT3; SRC:GSD_GLYGEN_V0|GT3; SRC:PUBDICTIONARIES-GLYCAN-IMAGE|GT3; SRC:PUBDICT_GLYCAN_MOTIF|GT3; SRC:PUBDICT_GLYCONAVI_ABBREV|GT3; SRC:PUBDICT_GLYCONAVI_NAME|GT3; SRC:PUBDICT_GLYCOSMOS|GT3			
GSD:032a7acf-a839-45cc-a7f3-91565cebb041	Gulose	TRUE		1	1	Gulose				SRC:PUBDICT_GLYCONAVI_NAME|Gulose			
GSD:57123638-811d-45e3-bd79-1ccfcd886700	Hamamelose	TRUE		1	1	Hamamelose				SRC:PUBDICT_GLYCONAVI_NAME|Hamamelose			
GSD:76dafbf0-bbad-51c3-a5ff-fcd0648bef27	hemicellulose	TRUE		1	1	hemicellulose	Hemicellulosic polysaccharides		Polysaccharide	SRC:EOG_VARKI_4E|hemicellulose			
GSD:928fc0f5-5bfb-5be8-9eb6-dd405155d720	heparan sulfate	TRUE	G17927IW	4	2	Heparan Sulfate; heparan sulfate	Heparan N-sulfate; Heparan sulfate; Heparan sulphate; Heparatan sulfate; Heparin monosulfate; Heparin sulfate; Heparitin monosulfate; Heparitin sulfate; N-Acetylheparan sulfate; HS	A linear polysaccharide in which the backbone consists of a variably sulfated repeating disaccharide unit.[CHEBI:28815]	Polysaccharide	SRC:EOG_VARKI_4E|heparan sulfate; SRC:GLYCOEPITOPE|Heparan Sulfate; SRC:GSD_GLYGEN_V0|heparan sulfate; SRC:PUBDICTIONARIES-GLYCAN-IMAGE|heparan sulfate			
GSD:6048df8d-01b1-53ec-93b6-3b712d0b5eeb	heparan sulfate backbone	TRUE		1	1	heparan sulfate backbone	GlcAβ1-4GlcNAcα1-4		Polysaccharide Repeating Unit	SRC:EOG_VARKI_4E|heparan sulfate backbone			
GSD:1b759e1d-9070-5800-9001-ee81290ddc26	heparin	TRUE	G00021MO; G54161DR	4	2	Heparin; heparin	bemiparin; bemiparin; certoparin; Cy 222; enoxaparin; fluxum; Heparin; Heparinic acid; parnaparin; reviparin; sandoparin	A highly sulfated linear glycosaminoglycan comprising complex patterns of uronic acid-(1→4)-D-glucosamine repeating subunits. Used as an injectable anticoagulant, it has the highest negative charge density of any known biological molecule.[CHEBI:28304]	Polysaccharide	SRC:EOG_VARKI_4E|heparin; SRC:GSD_GLYGEN_V0|heparin; SRC:PUBDICT_GLYCAN_MOTIF|Heparin; SRC:PUBDICT_MOTIF_GTC|Heparin			
GSD:6e63175b-7d8f-4588-b047-5c45e92397fb	Heparin decasaccharide	TRUE		1	1	Heparin decasaccharide			GAGs	SRC:BIOOLIGO|Heparin decasaccharide			
GSD:8c92ef2c-14d4-45da-a183-a0c03aec0f34	Heparin heptasaccharide	TRUE		1	1	Heparin heptasaccharide			GAGs	SRC:BIOOLIGO|Heparin heptasaccharide			
GSD:e4055e93-69dd-4047-8754-0f2b0eac6d15	Heparin hexasaccharide (deoxyGlcN)	TRUE		3	3	Heparin hexasaccharide; Heparin hexasaccharide (deoxyGlcN); Heparin hexasaccharide (deoxyIdoA)			GAGs	SRC:BIOOLIGO|Heparin hexasaccharide; SRC:BIOOLIGO|Heparin hexasaccharide (deoxyGlcN); SRC:BIOOLIGO|Heparin hexasaccharide (deoxyIdoA)			
GSD:b628e532-f0d9-40ad-a083-8741ea2fca78	Heparin nonasaccharide	TRUE		1	1	Heparin nonasaccharide			GAGs	SRC:BIOOLIGO|Heparin nonasaccharide			
GSD:48a1cf55-d62c-4f1d-adc3-1c53ecfbda37	Heparin octasaccharide	TRUE		1	1	Heparin octasaccharide			GAGs	SRC:BIOOLIGO|Heparin octasaccharide			
GSD:ced7a2a1-ec14-4513-8d5f-79596136063b	Heparin pentasaccharide	TRUE		2	2	Heparin pentasaccharide; Heparin pentasaccharide (deoxyIdoA)			GAGs	SRC:BIOOLIGO|Heparin pentasaccharide; SRC:BIOOLIGO|Heparin pentasaccharide (deoxyIdoA)			
GSD:f5ff0d6e-a4a6-413f-b6d3-315d04fc3880	Heparin tetrasaccharide	TRUE		1	1	Heparin tetrasaccharide			GAGs	SRC:BIOOLIGO|Heparin tetrasaccharide			
GSD:017402ef-2612-5929-912c-b2b5634f6ebd	heteroxylan	TRUE		1	1	heteroxylan			Polysaccharide	SRC:EOG_VARKI_4E|heteroxylan			
GSD:f41be57a-2469-4028-b5d6-6fcc9a63812d	Hexaosylceramide	TRUE	G83212YI	1	1	Hexaosylceramide			Glycosphingolipid	SRC:SUGARBIND|Hexaosylceramide			
GSD:bd55e967-56fc-57a8-a669-0f45c0eb9a21	high-mannose N-glycan	TRUE	G55220VL; G00028MO	6	3	high mannose; high-mannose N-glycan; N-Glycan high mannose	oligomannose, high-mannose, oligomannose-type; oligomannose N-glycan; high mannose glycan; high-mannose-type N-glycan; oligomannosidic glycan; oligomannose-type N-glycan; oligomannosyl N-glycan	An N-linked oligosaccharide that possesses between five and nine mannose residues attached to the chitobiose [(GlcNAc)2] core. [CHEBI:5717] None of the Man residues are substituted with any monosaccharide other than Man .	N-Linked Type	SRC:EOG_VARKI_4E|high-mannose N-glycan; SRC:GLYCOMOTIF_GGM|N-Glycan high mannose; SRC:GSD_GLYGEN_V0|high-mannose N-glycan; SRC:PUBDICT_GLYCAN_MOTIF|N-Glycan high mannose; SRC:PUBDICT_MOTIF_GTC|N-Glycan high mannose; SRC:PUBDICT_MOTIF_GTC|high mannose			
GSD:bae38c9e-4501-5161-bf22-a17698ab4153	highly branched complex-type N-glycan	TRUE		1	1	highly branched complex-type N-glycan	highly branched complex-type N-glycans		N-Linked Type	SRC:EOG_VARKI_4E|highly branched complex-type N-glycan			
GSD:4aa392ab-169b-5da1-86a0-bb18312dba93	HNK-1	TRUE	G54406UD; G53277CD; G89591DK	11	2	HNK-1; HNK-1 antigen	HNK-1 carbohydrate epitope; CD57; HNK-1 antigen; human natural killer-1 antigen	An amino trisaccharide consisting of a 3-O-sulfo-β-D-glucuronic acid residue, a D-galactosyl residue and an N-acetyl-D-glucosamine residue (at the reducing end) in a linear sequence.[CHEBI:60322]	Named Functional Motif	SRC:CUMMINGS|HNK-1 antigen; SRC:EOG_VARKI_4E|HNK-1; SRC:GLYCOEPITOPE|HNK-1; SRC:GLYCOMOTIF_CCRC|HNK-1 antigen; SRC:GLYCOMOTIF_GDV|HNK-1 antigen; SRC:GLYCOMOTIF_GGM|HNK-1 antigen; SRC:GSD_GLYGEN_V0|HNK-1; SRC:PUBDICTIONARIES-GLYCAN-IMAGE|HNK-1; SRC:PUBDICT_GLYCAN_MOTIF|HNK-1; SRC:PUBDICT_GLYCAN_MOTIF|HNK-1 antigen; SRC:PUBDICT_GLYCOSMOS|HNK-1			
GSD:20f585a1-7434-4a8f-a307-996619eab9f5	HNK-1 on O-mannose	TRUE	G06898ZN; G60606QD; G82061CN	5	1	HNK-1 on O-mannose			GlycoMotif GGM motif	SRC:CUMMINGS|HNK-1 on O-mannose; SRC:GLYCOMOTIF_CCRC|HNK-1 on O-mannose; SRC:GLYCOMOTIF_GDV|HNK-1 on O-mannose; SRC:GLYCOMOTIF_GGM|HNK-1 on O-mannose; SRC:PUBDICT_GLYCAN_MOTIF|HNK-1 on O-mannose			
GSD:1a58a47f-6aee-499c-9be8-22eb2c610648	HNK-expressing SGLPG	TRUE	G10503MP; G43040ZY	3	1	HNK-expressing SGLPG			GlycoMotif GDV motif	SRC:CUMMINGS|HNK-expressing SGLPG; SRC:GLYCOMOTIF_GDV|HNK-expressing SGLPG; SRC:PUBDICT_GLYCAN_MOTIF|HNK-expressing SGLPG			
GSD:b72a0058-c653-4980-816f-e671c1b74b3f	HNK-expressing SGLPG	TRUE	G43040ZY	1	1	HNK-expressing SGLPG			GlycoMotif CCRC motif	SRC:GLYCOMOTIF_CCRC|HNK-expressing SGLPG			
GSD:12a886f2-8d40-554c-93dd-cc2f8894e46c	homogalacturonan	TRUE	G25318VQ	5	2	Homogalacturonan; homogalacturonan			Polysaccharide	SRC:EOG_VARKI_4E|homogalacturonan; SRC:GLYCOEPITOPE|Homogalacturonan; SRC:PUBDICTIONARIES-GLYCAN-IMAGE|homogalacturonan; SRC:PUBDICT_GLYCAN_MOTIF|Homogalacturonan; SRC:PUBDICT_GLYCOSMOS|Homogalacturonan			
GSD:63b0b4ca-4658-45fa-b1b5-c02a0f8d9a59	Human milk oligosaccharide	TRUE	G15541SE	1	1	Human milk oligosaccharide	Milk Sugar Core		GlycoMotif GGM motif	SRC:GLYCOMOTIF_GGM|Human milk oligosaccharide			
GSD:e707fddd-30ab-4bc2-9810-b86f0a700970	Hyalonuric acid hexasaccharide	TRUE		2	2	Hyalonuric acid hexasaccharide; Hyaluronic acid hexasaccharide			GAGs	SRC:BIOOLIGO|Hyalonuric acid hexasaccharide; SRC:BIOOLIGO|Hyaluronic acid hexasaccharide			
GSD:461add07-b35e-47c8-866c-0f4dfb007298	Hyalonuric acid tetrasaccharide	TRUE		1	1	Hyalonuric acid tetrasaccharide			GAGs	SRC:BIOOLIGO|Hyalonuric acid tetrasaccharide			
GSD:6811049f-c1fb-5111-bcf3-360ba4f8e672	hyaluronan	TRUE	G29086KO; G00017MO	4	3	Hyaluronan; hyaluronan; Hyluronan	HA; GlcAβ1-3GlcNAcβ1-4		Polysaccharide	SRC:EOG_VARKI_4E|hyaluronan; SRC:GSD_GLYGEN_V0|hyaluronan; SRC:PUBDICT_GLYCAN_MOTIF|Hyaluronan; SRC:PUBDICT_MOTIF_GTC|Hyluronan			
GSD:d4bdcdc4-b702-5263-b380-9175249b1ed6	hybrid N-glycan	TRUE	G16828VN; G00029MO; G19610CW	5	2	hybrid N-glycan; N-Glycan hybrid	hybrid-type N-glycan; hybrid-type glycan	An N-linked glycan in which the Manα1-6 arm of the trimannosyl core Manα1-3(Manα1-6)Manβ1-4GlcNAcβ1–4GlcNAcβ1–Asn-X-Ser/Thr is substituted by one or more additional Man residues and the Manα1-3 arm is substituted by a GlcNAc residue added by GlcNAcT1. The GlcNAc linked to the a3 Man can be extended in the same manner as any complex glycan antenna. The trimannosyl core can also be core fucosylat...	N-Linked Type	SRC:EOG_VARKI_4E|hybrid N-glycan; SRC:GLYCOMOTIF_GGM|N-Glycan hybrid; SRC:GSD_GLYGEN_V0|hybrid N-glycan; SRC:PUBDICT_GLYCAN_MOTIF|N-Glycan hybrid; SRC:PUBDICT_MOTIF_GTC|N-Glycan hybrid			
GSD:4e8ca135-621a-5f60-9db3-0873d1b18e94	i antigen	TRUE	G00058MO; G46055MA; G11259JT	11	6	i antigen; LN2; Type 2 LN2; Type 2 LN2 (''I'' antigen); Type 2 LN2 (I' antigen)'; Type 2 LN2 (‘‘I’’ antigen)	Type 2 LN2; linear poly-N-acetyllactosamine units; i antigen		Named Functional Motif	SRC:CUMMINGS|Type 2 LN2; SRC:EOG_VARKI_4E|i antigen; SRC:GLYCOMOTIF_CCRC|LN2; SRC:GLYCOMOTIF_GDV|Type 2 LN2 (‘‘I’’ antigen); SRC:GLYCOMOTIF_GGM|Type 2 LN2; SRC:GSD_GLYGEN_V0|i antigen; SRC:PUBDICTIONARIES-GLYCAN-IMAGE|i antigen; SRC:PUBDICT_GLYCAN_MOTIF|LN2; SRC:PUBDICT_GLYCAN_MOTIF|Type 2 LN2; SRC:PUBDICT_GLYCAN_MOTIF|Type 2 LN2 (''I'' antigen); SRC:PUBDICT_GLYCAN_MOTIF|Type 2 LN2 (I' antigen)'			
GSD:d051128d-57fc-4321-8b02-d90cad2a76ca	I antigen	TRUE	G56045WU; G46055MA	1	1	I antigen			GlycoMotif GGM motif	SRC:GLYCOMOTIF_GGM|I antigen			
GSD:d09ee5db-281c-40b1-95c3-53f11f4aef41	I antigen	TRUE	G56045WU; G00058MO; G26929DQ; G46055MA; G45207BM	15	9	''I'' antigen; I Antigen; I antigen; i Antigen; i antigen; I' antigen; I' antigen'; LN2, I antigen; ‘‘I’’ antigen	branched poly-n-acetyllactosamine units	N-[(2R,3R,4R,5S,6R)-5-[(2S,3R,4S,5S,6R)-4-[(2R,3R,4R,5S,6R)-3-Acetamido-4-hydroxy-6-(hydroxymethyl)-5-[(2S,3R,4S,5R,6R)-3,4,5-trihydroxy-6-(hydroxymethyl)oxan-2-yl]oxyoxan-2-yl]oxy-6-[[(2R,3R,4R,5S,6R)-3-acetamido-4-hydroxy-6-(hydroxymethyl)-5-[(2S,3R,4S,5R,6R)-3,4,5-trihydroxy-6-(hydroxymethyl)oxan-2-yl]oxyoxan-2-yl]oxymethyl]-3,5-dihydroxyoxan-2-yl]oxy-2,4-dihydroxy-6-(hydroxymethyl)oxan-3-yl...	Named Functional Motif	SRC:CUMMINGS|I antigen; SRC:EOG_VARKI_4E|I antigen; SRC:GLYCOEPITOPE|I Antigen; SRC:GLYCOEPITOPE|i Antigen; SRC:GLYCOMOTIF_CCRC|I antigen; SRC:GLYCOMOTIF_CCRC|LN2, I antigen; SRC:GLYCOMOTIF_GDV|‘‘I’’ antigen; SRC:GSD_GLYGEN_V0|I antigen; SRC:PUBDICTIONARIES-GLYCAN-IMAGE|I antigen; SRC:PUBDICT_GLYCAN_MOTIF|''I'' antigen; SRC:PUBDICT_GLYCAN_MOTIF|I' antigen; SRC:PUBDICT_GLYCAN_MOTIF|I' antigen'; SRC:PUBDICT_GLYCAN_MOTIF|LN2, I antigen; SRC:PUBDICT_GLYCAN_MOTIF|i antigen; SRC:PUBDICT_GLYCOSMOS|i Antigen			
GSD:433410a4-57c6-446f-b0b8-a776a978a6f8	I Antigen Like	TRUE	G96238FJ	1	1	I Antigen Like				SRC:PUBDICT_GLYCAN_MOTIF|I Antigen Like			
GSD:673d5e9a-4ae1-4402-99b8-467e48f56fb1	I-active ganglioside	TRUE	G03067VG; G28566CQ; G16194TN	2	1	I-active ganglioside	NeuAca3-nLc6; NeuAca2-3i; NeuAc-G-10; NeuAca2-3I		Glycosphingolipid	SRC:PUBDICT_GLYCAN_MOTIF|I-active ganglioside; SRC:SUGARBIND|I-active ganglioside			
GSD:8b67d981-5374-4b71-8e8f-84fb2d9800e1	Idose	TRUE		1	1	Idose				SRC:PUBDICT_GLYCONAVI_NAME|Idose			
GSD:cd817de8-1227-4cd7-a4cc-8aa89ce13ef5	iGb3	TRUE	G78074HX	3	2	iGb3; Isoglobotriaosylceramide	isoglobotrihexosylceramide; Isoglobotri; IGb3		Glycosphingolipid	SRC:PUBDICTIONARIES-GLYCAN-IMAGE|iGb3; SRC:PUBDICT_GLYCOSMOS|iGb3; SRC:SUGARBIND|Isoglobotriaosylceramide			
GSD:02f34de6-3acd-4b78-8238-381fc980095e	iGb4	TRUE	G57710SU	3	2	iGb4; Isoglobotetraose (iGB4 & Cytolipin R)	isoglobotetrahexosylceramide		Gala-3Gal oligosaccharides (Isogloboseries)	SRC:BIOOLIGO|Isoglobotetraose (iGB4 & Cytolipin R); SRC:PUBDICTIONARIES-GLYCAN-IMAGE|iGb4; SRC:PUBDICT_GLYCOSMOS|iGb4			
GSD:4a29e38e-62f9-4e28-bd2f-9eb0eb09869a	II3Neu5GcGg4Cer, GM1	TRUE	G24034CH	1	1	II3Neu5GcGg4Cer, GM1	Gc) (NeuGc-GM1		Glycosphingolipid	SRC:SUGARBIND|II3Neu5GcGg4Cer, GM1			
GSD:32de2f99-e751-427d-9186-63953f086ba1	II3Neu5GcGg4Cer, GM1(Gc)	TRUE	G24034CH	1	1	II3Neu5GcGg4Cer, GM1(Gc)				SRC:PUBDICT_GLYCAN_MOTIF|II3Neu5GcGg4Cer, GM1(Gc)			
GSD:9e04b3e9-01f0-4809-8f77-6637925b4d40	internal Lewis x	TRUE	G64227KZ	4	2	Internal Lewis x; internal Lewis x				SRC:GLYCOEPITOPE|Internal Lewis x; SRC:PUBDICTIONARIES-GLYCAN-IMAGE|internal Lewis x; SRC:PUBDICT_GLYCAN_MOTIF|Internal Lewis x; SRC:PUBDICT_GLYCOSMOS|Internal Lewis x			
GSD:25f8f512-1060-4513-ae5d-302944e604ed	Inulin	TRUE		1	1	Inulin				SRC:PUBDICT_GLYCONAVI_NAME|Inulin			
GSD:fc71ad32-1693-406d-adcf-1469197dc73e	Isoglobopentaose (iGB5)	TRUE		1	1	Isoglobopentaose (iGB5)			Gala-3Gal oligosaccharides (Isogloboseries)	SRC:BIOOLIGO|Isoglobopentaose (iGB5)			
GSD:8b2bb3d0-c127-4cc6-bd84-5a68c437cfbd	isoglobotetraosylceramide	TRUE	G57710SU; G19926LY; G32862WC; G00012MO	7	3	Glycosphingolipid Isoglobo; Isoglobotetraosylceramide; isoglobotetraosylceramide			GlycoMotif GGM motif	SRC:CUMMINGS|Isoglobotetraosylceramide; SRC:GLYCOMOTIF_CCRC|Isoglobotetraosylceramide; SRC:GLYCOMOTIF_GDV|Isoglobotetraosylceramide; SRC:GLYCOMOTIF_GGM|Isoglobotetraosylceramide; SRC:GSD_GLYGEN_V0|isoglobotetraosylceramide; SRC:PUBDICT_GLYCAN_MOTIF|Isoglobotetraosylceramide; SRC:PUBDICT_MOTIF_GTC|Glycosphingolipid Isoglobo			
GSD:0d8728d3-d71c-445a-9485-3d38d9b6526b	Isoglobotriaosylceramide	TRUE	G78074HX	1	1	Isoglobotriaosylceramide				SRC:PUBDICT_GLYCAN_MOTIF|Isoglobotriaosylceramide			
GSD:3cb24a69-32be-4380-8552-f8405dc1f0d3	Isoglobotriose (iGB3)	TRUE		3	2	Isoglobotriose; Isoglobotriose (iGB3)			Gala-3Gal oligosaccharides (Isogloboseries)	SRC:BIOOLIGO|Isoglobotriose (iGB3); SRC:PUBDICT_GLYCONAVI_ABBREV|Isoglobotriose; SRC:PUBDICT_GLYCONAVI_NAME|Isoglobotriose			
GSD:cac2c71b-ef0a-4308-8544-e6e914596155	Isolevoglucosenone	TRUE		1	1	Isolevoglucosenone				SRC:PUBDICT_GLYCONAVI_NAME|Isolevoglucosenone			
GSD:fda54e47-8840-42f2-9050-43ab3ffd6771	isomaltose	TRUE	G36281WI	3	2	Isomaltose; isomaltose				SRC:PUBDICTIONARIES-GLYCAN-IMAGE|isomaltose; SRC:PUBDICT_GLYCONAVI_NAME|Isomaltose; SRC:PUBDICT_GLYCOSMOS|isomaltose			
GSD:41c2dca8-d44d-4a80-8fb4-6f6b32d5d0ca	Isomaltotriose	TRUE		1	1	Isomaltotriose				SRC:PUBDICT_GLYCONAVI_NAME|Isomaltotriose			
GSD:7bab4295-b653-434a-bde8-2761f91b2f96	isopanose	TRUE	G37117TJ	3	2	Isopanose; isopanose				SRC:PUBDICTIONARIES-GLYCAN-IMAGE|isopanose; SRC:PUBDICT_GLYCONAVI_NAME|Isopanose; SRC:PUBDICT_GLYCOSMOS|isopanose			
GSD:ab9064d8-5043-4c3d-8980-62391c947677	Kanosamine	TRUE		2	2	Kanosamine; Kansosamine				SRC:PUBDICT_GLYCONAVI_NAME|Kanosamine; SRC:PUBDICT_GLYCONAVI_NAME|Kansosamine			
GSD:504914ce-6a2e-4215-9408-b72fcf258e7e	KDN-Gal	TRUE	G82612XX; G82625KX	4	1	KDN-Gal				SRC:GLYCOEPITOPE|KDN-Gal; SRC:PUBDICTIONARIES-GLYCAN-IMAGE|KDN-Gal; SRC:PUBDICT_GLYCAN_MOTIF|KDN-Gal; SRC:PUBDICT_GLYCOSMOS|KDN-Gal			
GSD:55518b88-605c-5d07-a328-555ccbea84d0	keratan sulfate	TRUE	G82109MW; G00020MO	8	4	Keratan Sulfate; Keratan sulfate; keratan sulfate; Keratansulfate	keratan; Kerato sulphate; Kerato sulfate; Keratan sulphate; kerato 6'-sulfate; keratan 6'-sulfate; Kerato 6'-sulphate; Keratan 6'-sulphate; KS chain; keratan sulfate chain	A sulfated glycosaminoglycan, a linear polymer that consists of the repeating disaccharide [3)-β-Gal-(1→4)-β-GlcNAc-(1→] and containing sulfo groups located at random positions.[CHEBI:60924]	Polysaccharide	SRC:EOG_VARKI_4E|keratan sulfate; SRC:GLYCOEPITOPE|Keratan Sulfate; SRC:GSD_GLYGEN_V0|keratan sulfate; SRC:PUBDICTIONARIES-GLYCAN-IMAGE|keratan sulfate; SRC:PUBDICT_GLYCAN_MOTIF|Keratan Sulfate; SRC:PUBDICT_GLYCAN_MOTIF|Keratansulfate; SRC:PUBDICT_GLYCOSMOS|Keratan Sulfate; SRC:PUBDICT_MOTIF_GTC|Keratan sulfate			
GSD:48f5dc7c-77b8-5e42-98c5-768334218a4e	keratan sulfate–related glycan antigens	TRUE		1	1	keratan sulfate–related glycan antigens	KS–related antigens		Named Functional Motif	SRC:EOG_VARKI_4E|keratan sulfate–related glycan antigens			
GSD:4df4a80c-f000-4e08-b646-c086083eabca	Kojibiose	TRUE		1	1	Kojibiose				SRC:PUBDICT_GLYCONAVI_NAME|Kojibiose			
GSD:ede65542-dc52-4ee9-aa65-6c1534904ed8	L-Fucitol	TRUE		1	1	L-Fucitol				SRC:PUBDICT_GLYCONAVI_NAME|L-Fucitol			
GSD:cbbff132-ae0b-48f0-b729-29c341030ffe	Lac	TRUE	G84224TW	3	1	Lac				SRC:PUBDICT_GLYCONAVI_ABBREV|Lac; SRC:PUBDICT_GLYCONAVI_NAME|Lac; SRC:PUBDICT_GLYCOSMOS|Lac			
GSD:cea1d668-1fe6-50d0-9982-477ee729a810	LacdiNac	TRUE	G31736BK; G00057MO	15	6	LacDiNAc; LacdiNAc; LacdiNac; LacdiNAc (LDN); LDN; LDN,  LacdiNAc	LDN; GalNAcβ1-4GlcNAc; N-acetylgalactosamine β1-4 N-acetylglucosamine; GalNAcβ1-4GlcNAcβ1-; LacdiNAc	An amino disaccharide consisting of N-acetylglucosamine having an N-acetylgalactosaminyl resiude attached at the 4-position via a β-linkage.[CHEBI:61190]	Named Functional Motif	SRC:CUMMINGS|LacdiNAc; SRC:EOG_VARKI_4E|LacdiNAc; SRC:GLYCOEPITOPE|LDN; SRC:GLYCOMOTIF_CCRC|LDN,  LacdiNAc; SRC:GLYCOMOTIF_GDV|LacdiNAc (LDN); SRC:GLYCOMOTIF_GGM|LacdiNAc; SRC:GSD_GLYGEN_V0|LacdiNac; SRC:PUBDICTIONARIES-GLYCAN-IMAGE|LDN; SRC:PUBDICT_GLYCAN_MOTIF|LDN; SRC:PUBDICT_GLYCAN_MOTIF|LacdiNAc; SRC:PUBDICT_GLYCAN_MOTIF|LacdiNAc (LDN); SRC:PUBDICT_GLYCONAVI_ABBREV|LDN; SRC:PUBDICT_GLYCONAVI_NAME|LDN; SRC:PUBDICT_GLYCOSMOS|LDN; SRC:PUBDICT_MOTIF_GTC|LacDiNAc			
GSD:04d45d70-b2b3-5f73-bbe0-cf1fd8a53b5d	LacNAc	TRUE	G66213AR	5	1	LacNAc	N-acetyllactosamine; Galβ1-4GlcNAc; LN		Named Functional Motif	SRC:EOG_VARKI_4E|LacNAc; SRC:PUBDICTIONARIES-GLYCAN-IMAGE|LacNAc; SRC:PUBDICT_GLYCONAVI_ABBREV|LacNAc; SRC:PUBDICT_GLYCONAVI_NAME|LacNAc; SRC:PUBDICT_GLYCOSMOS|LacNAc			
GSD:461a0ae9-e18c-4b06-9e5e-62592fc337e2	LacNAc-Gal	TRUE	G06580KR	4	1	LacNAc-Gal				SRC:GLYCOEPITOPE|LacNAc-Gal; SRC:PUBDICTIONARIES-GLYCAN-IMAGE|LacNAc-Gal; SRC:PUBDICT_GLYCAN_MOTIF|LacNAc-Gal; SRC:PUBDICT_GLYCOSMOS|LacNAc-Gal			
GSD:3b82d0df-621c-4e14-a570-612aa33af66b	Lacto-N-fucopentaose I	TRUE		2	2	Lacto-N-fucopentaose I; Lacto-N-neofucopentaose			Blood group H antigens (Blood group O)	SRC:BIOOLIGO|Lacto-N-fucopentaose I; SRC:BIOOLIGO|Lacto-N-neofucopentaose			
GSD:eca31f4d-e5dd-4c3e-b841-1d9bbf4f7947	Lacto-N-fucopentose	TRUE	G98173LG	1	1	Lacto-N-fucopentose				SRC:SUGARBIND|Lacto-N-fucopentose			
GSD:b9668bf4-d18f-4a53-a24a-54a733133fb5	Lacto-N-neooctaose	TRUE		1	1	Lacto-N-neooctaose			Core structures (Type 2)	SRC:BIOOLIGO|Lacto-N-neooctaose			
GSD:e28ae0a4-cfce-4867-8526-e950e6405bcc	lacto-N-neotetraose	TRUE	G48059CD; G45827GY	8	4	Lacto-N-Neotetraose; lacto-N-neotetraose; Neolactotetraose; Neolactotetrose	LNnT; Lacto-N-neotetraose			SRC:GLYCOEPITOPE|Lacto-N-Neotetraose; SRC:PUBDICTIONARIES-GLYCAN-IMAGE|lacto-N-neotetraose; SRC:PUBDICT_GLYCAN_MOTIF|Lacto-N-Neotetraose; SRC:PUBDICT_GLYCAN_MOTIF|Neolactotetrose; SRC:PUBDICT_GLYCONAVI_ABBREV|Neolactotetraose; SRC:PUBDICT_GLYCONAVI_NAME|Neolactotetraose; SRC:PUBDICT_GLYCOSMOS|Lacto-N-Neotetraose; SRC:SUGARBIND|Neolactotetrose			
GSD:f953302a-e368-43aa-8a00-f254d26bf693	lacto-N-tetraose	TRUE	G45827GY; G48059CD	8	3	Lacto-N-Tetraose; lacto-N-tetraose; Lactotetraose	LNT; Lacto-N-tetraose			SRC:GLYCOEPITOPE|Lacto-N-Tetraose; SRC:PUBDICTIONARIES-GLYCAN-IMAGE|lacto-N-tetraose; SRC:PUBDICT_GLYCAN_MOTIF|Lacto-N-Tetraose; SRC:PUBDICT_GLYCAN_MOTIF|Lactotetraose; SRC:PUBDICT_GLYCONAVI_ABBREV|Lactotetraose; SRC:PUBDICT_GLYCONAVI_NAME|Lactotetraose; SRC:PUBDICT_GLYCOSMOS|Lacto-N-Tetraose; SRC:SUGARBIND|Lactotetraose			
GSD:6b5a41e2-50f2-45b9-bc9e-a0b2e5c5e2ce	Lacto-N-triose	TRUE		1	1	Lacto-N-triose			Core structures (Type 1)	SRC:BIOOLIGO|Lacto-N-triose			
GSD:6b96f33b-d7b7-5e34-ad41-d3b621495dff	lacto-series glycosphingolipids	TRUE	G00069MO	4	3	Glycosphingolipid Lacto; Glycosphingolipid Lacto series; lacto-series glycosphingolipids	lacto-series		Glycolipid	SRC:EOG_VARKI_4E|lacto-series glycosphingolipids; SRC:GLYCOMOTIF_GGM|Glycosphingolipid Lacto series; SRC:PUBDICT_GLYCAN_MOTIF|Glycosphingolipid Lacto series; SRC:PUBDICT_MOTIF_GTC|Glycosphingolipid Lacto			
GSD:6c972eec-6baf-4b08-a21b-58748889ad2f	lactogangliotetraosylceramide	TRUE	G62554JH; G85237WB	4	2	Lactogangliotetraosylceramide; lactogangliotetraosylceramide				SRC:GLYCOEPITOPE|Lactogangliotetraosylceramide; SRC:PUBDICTIONARIES-GLYCAN-IMAGE|lactogangliotetraosylceramide; SRC:PUBDICT_GLYCAN_MOTIF|Lactogangliotetraosylceramide; SRC:PUBDICT_GLYCOSMOS|Lactogangliotetraosylceramide			
GSD:9cd4deb1-a035-437b-b688-2e8d74de0ab0	Lactosamine Like Structure	TRUE	G47428UI	1	1	Lactosamine Like Structure				SRC:PUBDICT_GLYCAN_MOTIF|Lactosamine Like Structure			
GSD:6ad9967b-1e76-4dcf-bd58-fe369c7825f1	Lactosamine motif	TRUE	G00055MO	1	1	Lactosamine motif				SRC:PUBDICT_GLYCAN_MOTIF|Lactosamine motif			
GSD:d3bfc2ac-dec1-4d3c-9caf-48b03084df86	lactose	TRUE	G15541SE	6	4	Galactosyl lactose; Galactosyl-lactose; Lactose; lactose			Miscellaneous	SRC:BIOOLIGO|Galactosyl lactose; SRC:BIOOLIGO|Galactosyl-lactose; SRC:PUBDICTIONARIES-GLYCAN-IMAGE|lactose; SRC:PUBDICT_GLYCONAVI_ABBREV|Lactose; SRC:PUBDICT_GLYCONAVI_NAME|Lactose; SRC:PUBDICT_GLYCOSMOS|lactose			
GSD:0a063c08-7f72-5da7-9397-33bdcbc5315c	lactosylceramide	TRUE	G84224TW; G20420WT; G74621DY	13	3	Lactosylceramide; lactosylceramide; Lactosylceramides	LacCer; Lc2; CDH; Galβ1-4Glc-Cer	Glycosphingolipids which contain as their polar head group a lactose moiety bound in glycosidic linkage to the hydroxyl group of ceramide. Their accumulation in tissue, due to a defect in lactosylceramide beta-galactosidase, is the cause of lactosylceramidosis.[MeSH:D007790]	Glycolipid	SRC:CUMMINGS|Lactosylceramide; SRC:EOG_VARKI_4E|lactosylceramide; SRC:GLYCOEPITOPE|Lactosylceramide; SRC:GLYCOMOTIF_CCRC|Lactosylceramide; SRC:GLYCOMOTIF_GDV|Lactosylceramide; SRC:GLYCOMOTIF_GGM|Lactosylceramide; SRC:GSD_GLYGEN_V0|lactosylceramide; SRC:PUBDICTIONARIES-GLYCAN-IMAGE|lactosylceramide; SRC:PUBDICT_GLYCAN_MOTIF|Lactosylceramide; SRC:PUBDICT_GLYCONAVI_ABBREV|Lactosylceramides; SRC:PUBDICT_GLYCONAVI_NAME|Lactosylceramides; SRC:PUBDICT_GLYCOSMOS|Lactosylceramide; SRC:SUGARBIND|Lactosylceramide			
GSD:18ddd830-8974-4494-a880-47eed3c79f17	lactotetraosylceramide	TRUE	G00049MO	5	2	Lactotetraosylceramide; lactotetraosylceramide	Lc4		Glycosphingolipid	SRC:GLYCOEPITOPE|Lactotetraosylceramide; SRC:PUBDICTIONARIES-GLYCAN-IMAGE|lactotetraosylceramide; SRC:PUBDICT_GLYCAN_MOTIF|Lactotetraosylceramide; SRC:PUBDICT_GLYCOSMOS|Lactotetraosylceramide; SRC:SUGARBIND|Lactotetraosylceramide			
GSD:49675e4a-8a13-483b-a42b-96d1d2fa7139	lactotriaosylceramide	TRUE	G06239NA; G87727XV	11	5	Lactotriaosylceramide; lactotriaosylceramide; Lactotriaosylceramide (LC3); Lactotriaosylceramide (Lc3); Lc3	Lc3; Lc(3)Cer; Lc_3	A linear amino trisaccharide consisting of β-D-glucose at the reducing end having an N-acetyl-β-D-glucosaminyl-(1→3)-β-D-galactosyl group attached at the 4-position.[CHEBI:61758]	Glycosphingolipid	SRC:CUMMINGS|Lactotriaosylceramide; SRC:GLYCOMOTIF_CCRC|Lactotriaosylceramide; SRC:GLYCOMOTIF_GDV|Lactotriaosylceramide (LC3); SRC:GLYCOMOTIF_GGM|Lactotriaosylceramide; SRC:GSD_GLYGEN_V0|lactotriaosylceramide; SRC:PUBDICTIONARIES-GLYCAN-IMAGE|Lc3; SRC:PUBDICT_GLYCAN_MOTIF|Lactotriaosylceramide; SRC:PUBDICT_GLYCAN_MOTIF|Lactotriaosylceramide (Lc3); SRC:PUBDICT_GLYCAN_MOTIF|Lc3; SRC:PUBDICT_GLYCOSMOS|Lc3; SRC:SUGARBIND|Lactotriaosylceramide			
GSD:f5f8fb71-2c45-4ea7-93dc-29599a20ae83	Laminarabiose	TRUE		1	1	Laminarabiose				SRC:PUBDICT_GLYCONAVI_NAME|Laminarabiose			
GSD:b26727f7-8dbe-490d-abbd-28a7a9e17690	Lc4	TRUE	G00049MO	2	1	Lc4				SRC:PUBDICTIONARIES-GLYCAN-IMAGE|Lc4; SRC:PUBDICT_GLYCOSMOS|Lc4			
GSD:761b72f4-76a5-4cab-b30b-ade71d188c64	LcGg4	TRUE	G62554JH; G85237WB	6	1	LcGg4		N-[(2S,3R,4R,5R,6R)-2-[(2R,3S,4R,5R,6S)-4-[(2S,3R,4R,5S,6R)-3-Acetamido-4,5-dihydroxy-6-(hydroxymethyl)oxan-2-yl]oxy-5-hydroxy-2-(hydroxymethyl)-6-[(2R,3S,4R,5R,6R)-4,5,6-trihydroxy-2-(hydroxymethyl)oxan-3-yl]oxyoxan-3-yl]oxy-4,5-dihydroxy-6-(hydroxymethyl)oxan-3-yl]acetamide is an oligosaccharide.[CHEBI:152521]	GlycoMotif GGM motif	SRC:CUMMINGS|LcGg4; SRC:GLYCOMOTIF_CCRC|LcGg4; SRC:GLYCOMOTIF_GDV|LcGg4; SRC:GLYCOMOTIF_GGM|LcGg4; SRC:GSD_GLYGEN_V0|LcGg4; SRC:PUBDICT_GLYCAN_MOTIF|LcGg4			
GSD:7099caf8-7d8c-49b0-8372-cb4e4b08f628	LeALex	TRUE		2	1	LeALex				SRC:PUBDICT_GLYCONAVI_ABBREV|LeALex; SRC:PUBDICT_GLYCONAVI_NAME|LeALex			
GSD:ff0e6349-cd64-48d2-bae3-4419ca6db392	Lec	TRUE		2	1	Lec				SRC:PUBDICT_GLYCONAVI_ABBREV|Lec; SRC:PUBDICT_GLYCONAVI_NAME|Lec			
GSD:d20bb12a-04ff-4b84-ac0f-fd00f7505630	LeD	TRUE	G00050MO	1	1	LeD				SRC:PUBDICT_MOTIF_GTC|LeD			
GSD:898a8243-636a-5c97-90ac-fa638de41d03	Leishmania lipophosphoglycan repeat unit	TRUE		1	1	Leishmania lipophosphoglycan repeat unit	Gal-Man-PO4- repeat unit; Galβ1-4Manα1-PO4		Polysaccharide Repeating Unit	SRC:EOG_VARKI_4E|Leishmania lipophosphoglycan repeat unit			
GSD:08aed05d-6578-4fdd-85ee-6f567e0dda59	Leukosialin	TRUE	G78436BB; G50850NI	4	2	Leukocyte common antigen; Leukosialin	SPN; Sialophorin; CD43; Sialophorin and SPN; LCA; CD45		Glycoprotein	SRC:PUBDICT_GLYCAN_MOTIF|Leukocyte common antigen; SRC:PUBDICT_GLYCAN_MOTIF|Leukosialin; SRC:SUGARBIND|Leukocyte common antigen; SRC:SUGARBIND|Leukosialin			
GSD:232bb3ce-533d-555d-a9f4-ed9809d4ad1d	levan-type fructan	TRUE		1	1	levan-type fructan			Polysaccharide	SRC:EOG_VARKI_4E|levan-type fructan			
GSD:94ee312a-c502-4da3-89af-27e653cfefe5	Levoglucosan	TRUE		1	1	Levoglucosan				SRC:PUBDICT_GLYCONAVI_NAME|Levoglucosan			
GSD:342c6534-b3b2-40d6-915a-d14e9e362895	Levoglucosenone	TRUE		1	1	Levoglucosenone				SRC:PUBDICT_GLYCONAVI_NAME|Levoglucosenone			
GSD:c5a61542-ca29-5ce2-bf63-a4f7caf9bf9c	Lewis a	TRUE	G00047MO; G39023AU; G26123AX; G23041XK; G28420BK	23	8	LeA; Lea; Lewis A; Lewis a; Lewis a (b1-3)Gal; Lewis a (Lea); Lewis a triose; Precusor Lewis a	Le(a); Lea-3; Lea; Le^a; Lea-5; Precusor Lea	A lewis blood group antigen with structure beta-D-Galp-(1-&gt;3)-[alpha-L-Fucp-(1-&gt;4)]-D-GlcpNAc consisting of N-acetylglucosamine having a fucosyl residue attached at the 4-position via an alpha-linkage and a galactosyl residue attached at the 3-position via a beta-linkage. It has a role as an epitope and an antigen. It is an amino trisaccharide and a glucosamine oligosaccharide.[CHEBI:62265]	Named Functional Motif	SRC:BIOOLIGO|Lewis a triose; SRC:CUMMINGS|Lewis a; SRC:EOG_VARKI_4E|Lewis a; SRC:GLYCOEPITOPE|Lewis a; SRC:GLYCOEPITOPE|Lewis a (b1-3)Gal; SRC:GLYCOMOTIF_CCRC|Lewis a; SRC:GLYCOMOTIF_GDV|Lewis a; SRC:GLYCOMOTIF_GGM|Lewis a; SRC:GSD_GLYGEN_V0|Lewis a; SRC:PUBDICTIONARIES-GLYCAN-IMAGE|Lewis a; SRC:PUBDICT_GLYCAN_MOTIF|Lea; SRC:PUBDICT_GLYCAN_MOTIF|Lewis a; SRC:PUBDICT_GLYCAN_MOTIF|Lewis a (Lea); SRC:PUBDICT_GLYCAN_MOTIF|Lewis a (b1-3)Gal; SRC:PUBDICT_GLYCAN_MOTIF|Precusor Lewis a; SRC:PUBDICT_GLYCONAVI_ABBREV|LeA; SRC:PUBDICT_GLYCONAVI_NAME|LeA; SRC:PUBDICT_GLYCOSMOS|Lewis a; SRC:PUBDICT_GLYCOSMOS|Lewis a (b1-3)Gal; SRC:PUBDICT_MOTIF_GTC|LeA; SRC:PUBDICT_MOTIF_GTC|Lewis A; SRC:SUGARBIND|Lewis a; SRC:SUGARBIND|Precusor Lewis a			
GSD:ea602361-539c-4e50-ad0a-f4945c1c15c9	Lewis a Lewis x	TRUE		1	1	Lewis a Lewis x			Lewis antigens	SRC:BIOOLIGO|Lewis a Lewis x			
GSD:2a3882e1-188d-4a9c-8772-433ddaf26f7d	Lewis a LN	TRUE		1	1	Lewis a LN			Lewis antigens	SRC:BIOOLIGO|Lewis a LN			
GSD:bf4125e8-7959-4ec2-b67f-ff8d0b0c3a3f	Lewis a- Lewis X hybrid antigen	TRUE	G07357YR; G74578MX	5	3	Lewis a- Lewis X hybrid antigen; Lewis a- Lewis x Hybrid Antigen; Lewis a-Lewis x hybrid				SRC:GLYCOEPITOPE|Lewis a- Lewis x Hybrid Antigen; SRC:PUBDICTIONARIES-GLYCAN-IMAGE|Lewis a- Lewis X hybrid antigen; SRC:PUBDICT_GLYCAN_MOTIF|Lewis a- Lewis x Hybrid Antigen; SRC:PUBDICT_GLYCAN_MOTIF|Lewis a-Lewis x hybrid; SRC:PUBDICT_GLYCOSMOS|Lewis a- Lewis x Hybrid Antigen			
GSD:60f092f1-aea8-4533-ace5-147c6470d557	Lewis a/x Like structure	TRUE	G24566OP	1	1	Lewis a/x Like structure				SRC:PUBDICT_GLYCAN_MOTIF|Lewis a/x Like structure			
GSD:cabb56b2-34c2-5250-be10-65af64594104	Lewis antigens	TRUE		1	1	Lewis antigens	Lewis antigens; Lewis-type structures; Lewis type glycans; Lewis blood group antigens		Named Functional Motif	SRC:EOG_VARKI_4E|Lewis antigens			
GSD:4327ef94-5fff-5d27-8f23-207afe82a8d1	Lewis b	TRUE	G39211DH; G00048MO; G48600JD; G09552LA; G14300ZJ; G97501MA; G00052MO; G49963IQ	22	9	A Lewis b; A-Leb; H type 1 Lewis b; LeB; Leb; Lewis B; Lewis b; Lewis b (Leb); Lewis b (Lewis b)	Le(b); Lewis(b); Le^b; Leb; A Leb; Leb-6; Leb-4; H type 1 Leb		Named Functional Motif	SRC:CUMMINGS|Lewis b; SRC:EOG_VARKI_4E|Lewis b; SRC:GLYCOEPITOPE|Lewis b; SRC:GLYCOMOTIF_CCRC|Lewis b; SRC:GLYCOMOTIF_GDV|Lewis b (Leb); SRC:GLYCOMOTIF_GDV|Lewis b (Lewis b); SRC:GLYCOMOTIF_GGM|Lewis b; SRC:GSD_GLYGEN_V0|Lewis b; SRC:PUBDICTIONARIES-GLYCAN-IMAGE|Lewis b; SRC:PUBDICT_GLYCAN_MOTIF|A Lewis b; SRC:PUBDICT_GLYCAN_MOTIF|A-Leb; SRC:PUBDICT_GLYCAN_MOTIF|H type 1 Lewis b; SRC:PUBDICT_GLYCAN_MOTIF|Leb; SRC:PUBDICT_GLYCAN_MOTIF|Lewis b; SRC:PUBDICT_GLYCAN_MOTIF|Lewis b (Leb); SRC:PUBDICT_GLYCAN_MOTIF|Lewis b (Lewis b); SRC:PUBDICT_GLYCOSMOS|Lewis b; SRC:PUBDICT_MOTIF_GTC|LeB; SRC:PUBDICT_MOTIF_GTC|Lewis B; SRC:SUGARBIND|A Lewis b; SRC:SUGARBIND|H type 1 Lewis b; SRC:SUGARBIND|Lewis b			
GSD:57e63550-a1b1-4cbb-8604-777f6cce2811	Lewis b pentaose	TRUE		1	1	Lewis b pentaose			Lewis antigens	SRC:BIOOLIGO|Lewis b pentaose			
GSD:03648009-63c5-4e93-88b7-61b53acaac8f	Lewis b tetraose	TRUE		1	1	Lewis b tetraose			Lewis antigens	SRC:BIOOLIGO|Lewis b tetraose			
GSD:238174fc-9005-4104-bee9-6c218e31ff85	Lewis b/y Like	TRUE	G20009SF	1	1	Lewis b/y Like				SRC:PUBDICT_GLYCAN_MOTIF|Lewis b/y Like			
GSD:85fcc7ad-9d7a-4658-b771-22a9f11bb9f6	Lewis c	TRUE	G00049MO	3	2	Lewis C; Lewis c			Lewis antigens	SRC:BIOOLIGO|Lewis c; SRC:PUBDICT_GLYCAN_MOTIF|Lewis C; SRC:PUBDICT_MOTIF_GTC|Lewis C			
GSD:4a7b7959-ad67-40bc-a61d-c13cbbf24aa5	Lewis D	TRUE	G00050MO	2	1	Lewis D				SRC:PUBDICT_GLYCAN_MOTIF|Lewis D; SRC:PUBDICT_MOTIF_GTC|Lewis D			
GSD:89ba627c-cee9-5954-982f-3410e75fb006	Lewis x	TRUE	G00051MO; G01187XC; G45673KX; G79535HZ; G81516LH	20	8	Lewis X; Lewis x; Lewis x   (SSEA-1); Lewis x (Lex) (SSEA-1); Lewis x triaose [SSEA-1]; LeX; Lex; Lex_Lex	Lex; Galbeta1-4(Fucalpha1-3)GlcNAc; Lewis x trisaccharide; Le(X); Le^x; SSEA-1; Lex-3; Lex-5; Lex) (SSEA-1	A Lewis blood group antigen with structure α-L-Fucp-(1→3)-[β-D-Galp-(1→4)]-D-GlcpNAc where the glucosamine at the reducing end has β-configuration at its anomeric centre. Commonly known as Lewis x trisaccharide or Lex.[CHEBI:59294]	Named Functional Motif	SRC:BIOOLIGO|Lewis x triaose [SSEA-1]; SRC:CUMMINGS|Lewis x; SRC:EOG_VARKI_4E|Lewis x; SRC:GLYCOEPITOPE|Lewis x; SRC:GLYCOMOTIF_CCRC|Lewis x; SRC:GLYCOMOTIF_GDV|Lewis X; SRC:GLYCOMOTIF_GDV|Lewis x   (SSEA-1); SRC:GLYCOMOTIF_GGM|Lewis x; SRC:GSD_GLYGEN_V0|Lewis x; SRC:PUBDICTIONARIES-GLYCAN-IMAGE|Lewis x; SRC:PUBDICT_GLYCAN_MOTIF|Lewis x; SRC:PUBDICT_GLYCAN_MOTIF|Lewis x   (SSEA-1); SRC:PUBDICT_GLYCAN_MOTIF|Lewis x (Lex) (SSEA-1); SRC:PUBDICT_GLYCAN_MOTIF|Lex; SRC:PUBDICT_GLYCAN_MOTIF|Lex_Lex; SRC:PUBDICT_GLYCONAVI_NAME|Lex; SRC:PUBDICT_GLYCOSMOS|Lewis x; SRC:PUBDICT_MOTIF_GTC|LeX; SRC:PUBDICT_MOTIF_GTC|Lewis X; SRC:SUGARBIND|Lewis x			
GSD:28e24e5c-b8f2-4ba3-bab9-dd8f0a50516d	Lewis x on Core 2	TRUE		1	1	Lewis x on Core 2			Lewis antigens	SRC:BIOOLIGO|Lewis x on Core 2			
GSD:608d1147-c878-499b-9d77-2f19e9b99993	Lewis X tetraose [Gal-(Fuc)-GlcNAc-Gal]	TRUE		2	2	Lewis X tetraose; Lewis X tetraose [Gal-(Fuc)-GlcNAc-Gal]			Lewis antigens	SRC:BIOOLIGO|Lewis X tetraose; SRC:BIOOLIGO|Lewis X tetraose [Gal-(Fuc)-GlcNAc-Gal]			
GSD:c05f267e-fa66-4b1a-bd6c-4a250acb5376	Lewis y	TRUE	G00052MO; G49963IQ; G89659QV; G54826OZ; G89208KM	21	10	A-Ley; B-Ley; Blood group H (type 2)  (Lewis Y); Blood group H (type 2) - Lewis y; Lewis Y; Lewis y; Lewis y (Lewis Y); Lewis y tetraose [Blood group H type 2]; LeY; Ley	LeY; Le(y); Ley; Le^y; Ley-4; Ley-6; H-Ley; H-Le^y	A Lewis blood group antigen which is a branched amino tetrasaccharide with structure alpha-L-Fucp-(1-&gt;2)-beta-D-Galp-(1-&gt;4)-[alpha-L-Fucp-(1-&gt;3)]-beta-D-GlcpNAc, consisting of consisting of N-acetyl-beta-D-glucosamine at the reducing end having an alpha-L-fucosyl residue attached at the 3-position and an alpha-L-fucosyl-(1→2)-beta-D-galactosyl moiety attached at the 4-position. A cance...	Glycosphingolipid	SRC:BIOOLIGO|Lewis y tetraose [Blood group H type 2]; SRC:CUMMINGS|Lewis y; SRC:GLYCOEPITOPE|Lewis y; SRC:GLYCOMOTIF_CCRC|Lewis y; SRC:GLYCOMOTIF_GDV|Blood group H (type 2)  (Lewis Y); SRC:GLYCOMOTIF_GDV|Lewis y (Lewis Y); SRC:GLYCOMOTIF_GGM|Blood group H (type 2) - Lewis y; SRC:GLYCOMOTIF_GGM|Lewis y; SRC:GSD_GLYGEN_V0|Lewis y; SRC:PUBDICTIONARIES-GLYCAN-IMAGE|Lewis y; SRC:PUBDICT_GLYCAN_MOTIF|A-Ley; SRC:PUBDICT_GLYCAN_MOTIF|B-Ley; SRC:PUBDICT_GLYCAN_MOTIF|Blood group H (type 2)  (Lewis Y); SRC:PUBDICT_GLYCAN_MOTIF|Lewis y; SRC:PUBDICT_GLYCAN_MOTIF|Ley; SRC:PUBDICT_GLYCONAVI_ABBREV|Ley; SRC:PUBDICT_GLYCONAVI_NAME|Ley; SRC:PUBDICT_GLYCOSMOS|Lewis y; SRC:PUBDICT_MOTIF_GTC|LeY; SRC:PUBDICT_MOTIF_GTC|Lewis Y; SRC:SUGARBIND|Lewis y			
GSD:03913360-7c86-4ed9-a762-d8deeb917f51	Lewis y (extended) / hexasaccharide	TRUE	G69030AU	4	3	Lewis y (extended); Lewis y (extended) / Hexasaccharide; Lewis y (extended) / hexasaccharide				SRC:GLYCOEPITOPE|Lewis y (extended) / Hexasaccharide; SRC:PUBDICTIONARIES-GLYCAN-IMAGE|Lewis y (extended) / hexasaccharide; SRC:PUBDICT_GLYCAN_MOTIF|Lewis y (extended); SRC:PUBDICT_GLYCAN_MOTIF|Lewis y (extended) / Hexasaccharide			
GSD:0df49418-da9b-4b81-b633-c61e0fce8c6c	Lewis y Lewis x	TRUE		1	1	Lewis y Lewis x			Lewis antigens	SRC:BIOOLIGO|Lewis y Lewis x			
GSD:f9e58d15-9405-4205-9fb0-d3f019be366a	Lewis y pentaose	TRUE		1	1	Lewis y pentaose			Lewis antigens	SRC:BIOOLIGO|Lewis y pentaose			
GSD:736f2d8a-4f58-477a-a9d1-f11223ed1c79	Lex	TRUE		1	1	Lex				SRC:PUBDICT_GLYCONAVI_ABBREV|Lex			
GSD:16bf03cf-e3de-43f0-b855-f12e6df2b1e2	Lex-LeA	TRUE		2	1	Lex-LeA				SRC:PUBDICT_GLYCONAVI_ABBREV|Lex-LeA; SRC:PUBDICT_GLYCONAVI_NAME|Lex-LeA			
GSD:1f33d8f8-04bd-4a02-bac2-eac3eb248842	Ley -Lex	TRUE		2	1	Ley -Lex				SRC:PUBDICT_GLYCONAVI_ABBREV|Ley -Lex; SRC:PUBDICT_GLYCONAVI_NAME|Ley -Lex			
GSD:4391fac6-ad0f-4c81-b10f-94186757eca6	Ley-Di-Lex	TRUE		2	1	Ley-Di-Lex				SRC:PUBDICT_GLYCONAVI_ABBREV|Ley-Di-Lex; SRC:PUBDICT_GLYCONAVI_NAME|Ley-Di-Lex			
GSD:29cf4976-eff8-5c90-b2ce-05ee2f1e908a	lipid A core oligosaccharide	TRUE	G00022MO	2	2	lipid A core oligosaccharide; LPS core			Glycolipid	SRC:EOG_VARKI_4E|lipid A core oligosaccharide; SRC:PUBDICT_GLYCAN_MOTIF|LPS core			
GSD:97780e7f-7a97-52e0-bcef-62e033517882	lipo-chitooligosaccharide	TRUE		1	1	lipo-chitooligosaccharide	LCO; lipochitooligosaccharide		Glycolipid	SRC:EOG_VARKI_4E|lipo-chitooligosaccharide			
GSD:5ce320b8-ced2-5597-9134-b409afd7632f	lipoglycan	TRUE		1	1	lipoglycan			Others	SRC:EOG_VARKI_4E|lipoglycan			
GSD:755bd8b9-fb88-5107-b53c-4a9fa6a0f664	lipopeptidophosphoglycan	TRUE		1	1	lipopeptidophosphoglycan	LPPG		Others	SRC:EOG_VARKI_4E|lipopeptidophosphoglycan			
GSD:dea28036-c3f0-562f-9196-0d68504e1445	lipophosphoglycan	TRUE		1	1	lipophosphoglycan	LPG		Glycolipid	SRC:EOG_VARKI_4E|lipophosphoglycan			
GSD:ce35d9a0-c346-5335-8128-5430003359c9	lipopolysaccharide	TRUE	G00022MO	2	2	lipopolysaccharide; LPS	LPS		Glycolipid	SRC:EOG_VARKI_4E|lipopolysaccharide; SRC:PUBDICT_MOTIF_GTC|LPS			
GSD:e44b5779-9508-562c-9490-a76618c6623a	lipoteichoic acid	TRUE		1	1	lipoteichoic acid	LTA		Polysaccharide	SRC:EOG_VARKI_4E|lipoteichoic acid			
GSD:2854dc6d-6f2d-4897-9495-fdc14e43aae3	LN	TRUE		2	1	LN				SRC:PUBDICT_GLYCONAVI_ABBREV|LN; SRC:PUBDICT_GLYCONAVI_NAME|LN			
GSD:dce1b9ea-ed4e-4d66-a7eb-e5c36d64413c	LN	TRUE	G04616ST	2	1	LN			GlycoMotif CCRC motif	SRC:GLYCOMOTIF_CCRC|LN; SRC:PUBDICT_GLYCAN_MOTIF|LN			
GSD:3426f337-edec-45b1-8bc8-7e8640fb4597	LN3 Type 2 [I antigen]	TRUE		1	1	LN3 Type 2 [I antigen]			Core structures (Type 2)	SRC:BIOOLIGO|LN3 Type 2 [I antigen]			
GSD:647869e8-4cab-4737-a419-d9865a7efd3f	LNFP II	TRUE	G98173LG	1	1	LNFP II				SRC:SUGARBIND|LNFP II			
GSD:288ad3e2-b15e-4909-a2c7-1cbc84e254c5	LNnT	TRUE		2	1	LNnT				SRC:PUBDICT_GLYCONAVI_ABBREV|LNnT; SRC:PUBDICT_GLYCONAVI_NAME|LNnT			
GSD:779a3c6d-04b7-4c9a-b8b1-ed3ed388f784	LNT	TRUE		2	1	LNT				SRC:PUBDICT_GLYCONAVI_ABBREV|LNT; SRC:PUBDICT_GLYCONAVI_NAME|LNT			
GSD:4b0dafbe-1e66-43fa-a92a-9699d8b6844e	LNT-2	TRUE		3	1	LNT-2			Blood group H antigens (Blood group O)	SRC:BIOOLIGO|LNT-2; SRC:PUBDICT_GLYCONAVI_ABBREV|LNT-2; SRC:PUBDICT_GLYCONAVI_NAME|LNT-2			
GSD:fdb7a197-5bcd-4fdc-bdf7-128cdba806dd	LS-hexasaccharide d (3′-SiaLN-LN-LN)	TRUE		2	2	LS-hexasaccharide d (3′-SiaLN-LN-LN); LS-hexasaccharide d (LSTd) Sialyl Lacto N- pentaose d			Sialylated oligosaccharide (Type 2)	SRC:BIOOLIGO|LS-hexasaccharide d (3′-SiaLN-LN-LN); SRC:BIOOLIGO|LS-hexasaccharide d (LSTd) Sialyl Lacto N- pentaose d			
GSD:fe29e276-8d75-4cec-84b0-c077b42d5ea2	LS-tetrasaccharide a (LSTa)	TRUE		1	1	LS-tetrasaccharide a (LSTa)			Sialylated oligosaccharide (Type 1)	SRC:BIOOLIGO|LS-tetrasaccharide a (LSTa)			
GSD:04a18a16-33f1-4b56-9e09-bd06e5b4bd1b	LS-tetrasaccharide d (3′-SiaLN-LN-LN)	TRUE		1	1	LS-tetrasaccharide d (3′-SiaLN-LN-LN)			Sialylated oligosaccharide (Type 2)	SRC:BIOOLIGO|LS-tetrasaccharide d (3′-SiaLN-LN-LN)			
GSD:03fd9689-0623-4acf-8c75-ccd1e06138f7	LSTa	TRUE	G21066IE	1	1	LSTa				SRC:SUGARBIND|LSTa			
GSD:0e8f317a-909f-481c-b11b-0001fdb1c449	LSTc	TRUE	G21938SG	1	1	LSTc				SRC:SUGARBIND|LSTc			
GSD:c49ac36a-4a02-43fb-bdcc-cbf3c0221aff	Lyxose	TRUE		1	1	Lyxose				SRC:PUBDICT_GLYCONAVI_NAME|Lyxose			
GSD:31920366-d0a5-4ca0-b9f7-3b9fceff0283	M3 (N-glycan)	TRUE	G22768VO	1	1	M3 (N-glycan)			Oxford notation	SRC:GLYGEN_CURATORS_NCOMPO|M3 (N-glycan)			
GSD:b521334b-3fb2-4a74-9379-a44185d69144	M3FX	TRUE	G47379VH; G26295XE	4	1	M3FX				SRC:GLYCOEPITOPE|M3FX; SRC:PUBDICTIONARIES-GLYCAN-IMAGE|M3FX; SRC:PUBDICT_GLYCAN_MOTIF|M3FX; SRC:PUBDICT_GLYCOSMOS|M3FX			
GSD:f5c9087c-f814-4e25-8197-5801209af7e1	M5	TRUE	G32104JU	1	1	M5			Oxford notation	SRC:GLYGEN_CURATORS_NCOMPO|M5			
GSD:2567d8db-d209-41bb-9f3e-86cc5bc11725	M6	TRUE	G56038AR	1	1	M6			Oxford notation	SRC:GLYGEN_CURATORS_NCOMPO|M6			
GSD:b09056c6-2f81-4d26-9e20-c4cf7d1406f5	M7	TRUE	G04216GB	1	1	M7			Oxford notation	SRC:GLYGEN_CURATORS_NCOMPO|M7			
GSD:cbbfc6f4-8a29-49f9-95f8-e151c13f9914	M7AB	TRUE		1	1	M7AB			Oxford notation	SRC:GLYGEN_CURATORS_NCOMPO|M7AB			
GSD:b0c06d6b-d81c-4b50-95b0-c2372764a0b7	M7AC	TRUE		1	1	M7AC			Oxford notation	SRC:GLYGEN_CURATORS_NCOMPO|M7AC			
GSD:649ec44c-8ca8-51fc-ab09-791ddb37fde2	M7BC	TRUE		2	1	M7BC			N-Linked Code	SRC:EOG_VARKI_4E|M7BC; SRC:GLYGEN_CURATORS_NCOMPO|M7BC			
GSD:e46355aa-9afd-475b-8df0-ac024fd4e49d	M8	TRUE	G91704UR	1	1	M8			Oxford notation	SRC:GLYGEN_CURATORS_NCOMPO|M8			
GSD:2fc718c5-7cc7-4eea-8953-ad6fbe516208	M8A	TRUE		1	1	M8A			Oxford notation	SRC:GLYGEN_CURATORS_NCOMPO|M8A			
GSD:3b8d8834-2436-5048-9e58-0a0c4ed97585	M8B	TRUE		2	1	M8B			N-Linked Code	SRC:EOG_VARKI_4E|M8B; SRC:GLYGEN_CURATORS_NCOMPO|M8B			
GSD:f157d93e-add0-4d35-8495-be2ef2cf73f3	M8C	TRUE		1	1	M8C			Oxford notation	SRC:GLYGEN_CURATORS_NCOMPO|M8C			
GSD:7a9857d9-21b5-40a1-aa48-deb2cca160d8	M9	TRUE	G26508HK	1	1	M9			Oxford notation	SRC:GLYGEN_CURATORS_NCOMPO|M9			
GSD:6c2edbdf-0e8f-4cd6-ad02-1b204741afb0	maltose	TRUE	G44653LT	3	2	Maltose; maltose				SRC:PUBDICTIONARIES-GLYCAN-IMAGE|maltose; SRC:PUBDICT_GLYCONAVI_NAME|Maltose; SRC:PUBDICT_GLYCOSMOS|maltose			
GSD:8f70d20b-8316-4eb5-b791-e98eb7835021	Man-3 chitobiose core Fuc	TRUE		1	1	Man-3 chitobiose core Fuc			N-linked oligos	SRC:BIOOLIGO|Man-3 chitobiose core Fuc			
GSD:dc08638c-1152-5e27-adb4-2e805b91dffc	Man-6-P-containing N-glycan	TRUE		1	1	Man-6-P-containing N-glycan	M6P-containing glycan		N-Linked Type	SRC:EOG_VARKI_4E|Man-6-P-containing N-glycan			
GSD:dd1653b0-671f-5a14-872b-aaa5a18bcd82	Man3	TRUE	G22768VO	3	2	(Man)3 chitobiose; Man3	Man3GlcNAc2		N-Linked Code	SRC:BIOOLIGO|(Man)3 chitobiose; SRC:EOG_VARKI_4E|Man3; SRC:GLYGEN_CURATORS_NCOMPO|Man3			
GSD:d7aaf087-4381-5ac9-889c-e4793293c978	Man5	TRUE	G32104JU	4	3	(Man)5; Man5; N-Man5 GlcNAc 1-4	Man5GlcNAc2		N-Linked Code	SRC:BIOOLIGO|(Man)5; SRC:BIOOLIGO|N-Man5 GlcNAc 1-4; SRC:EOG_VARKI_4E|Man5; SRC:GLYGEN_CURATORS_NCOMPO|Man5			
GSD:ac85d43d-be44-59fa-a524-580fbff1c6e3	Man6	TRUE	G56038AR	5	4	(Man)6; (Man)6 (GlcNAc)2; Man a1-2 Man a1-6 Man a1-6 (Man a1-2 Man a1-3) Man b1-4 GlcNAc b1-4 GlcNAc b; Man6	Man6GlcNAc2		N-Linked Code	SRC:BIOOLIGO|(Man)6; SRC:BIOOLIGO|(Man)6 (GlcNAc)2; SRC:BIOOLIGO|Man a1-2 Man a1-6 Man a1-6 (Man a1-2 Man a1-3) Man b1-4 GlcNAc b1-4 GlcNAc b; SRC:EOG_VARKI_4E|Man6; SRC:GLYGEN_CURATORS_NCOMPO|Man6			
GSD:76f55f17-29ee-5938-bef1-bee233b36669	Man7	TRUE	G04216GB	3	2	(Man)7; Man7	Man7GlcNAc2		N-Linked Code	SRC:BIOOLIGO|(Man)7; SRC:EOG_VARKI_4E|Man7; SRC:GLYGEN_CURATORS_NCOMPO|Man7			
GSD:652f4ddf-ec6a-59c8-ba0e-46a26173f4b7	Man8	TRUE	G91704UR	2	1	Man8	Man8GlcNAc2		N-Linked Code	SRC:EOG_VARKI_4E|Man8; SRC:GLYGEN_CURATORS_NCOMPO|Man8			
GSD:171cbaf9-e31b-5be4-ab4c-b9a60cf10330	Man9	TRUE	G26508HK	3	2	(Man)9-GlcNAc-GlcNAc; Man9	Man9GlcNAc2		N-Linked Code	SRC:BIOOLIGO|(Man)9-GlcNAc-GlcNAc; SRC:EOG_VARKI_4E|Man9; SRC:GLYGEN_CURATORS_NCOMPO|Man9			
GSD:038734aa-0f88-58d2-9ee6-d2f72d775a65	mannan	TRUE		1	1	mannan			Polysaccharide	SRC:EOG_VARKI_4E|mannan			
GSD:3886ac5c-38b6-4b9f-97f5-d7f881b16c42	Mannosamine	TRUE		1	1	Mannosamine				SRC:PUBDICT_GLYCONAVI_NAME|Mannosamine			
GSD:35dc582f-a47a-48d7-afe6-ddfa2f38b9b0	Mannose	TRUE	G70323CJ	1	1	Mannose				SRC:PUBDICT_GLYCAN_MOTIF|Mannose			
GSD:41a3f071-d24c-4ecc-a57f-7f2f6bd657b2	Mannose	TRUE	G70323CJ	2	1	Mannose	Man; Alpha-linked mannose			SRC:PUBDICT_GLYCONAVI_NAME|Mannose; SRC:SUGARBIND|Mannose			
GSD:19877723-8cc4-55e5-80fb-b478f3358924	mannose-terminated N-glycan	TRUE		1	1	mannose-terminated N-glycan			N-Linked Type	SRC:EOG_VARKI_4E|mannose-terminated N-glycan			
GSD:08ea19f8-5687-56dc-9812-ce892691fca0	mannosylated lipoarabinomannan	TRUE		1	1	mannosylated lipoarabinomannan	ManLAM		Glycolipid	SRC:EOG_VARKI_4E|mannosylated lipoarabinomannan			
GSD:6163ee00-2e73-4298-9acd-70d2cdc05c49	Mannotriose	TRUE	G17780OR; G47395XN; G28528AG	2	2	Manninotriose; Mannotriose				SRC:PUBDICT_GLYCONAVI_NAME|Manninotriose; SRC:SUGARBIND|Mannotriose			
GSD:f2dab9ed-ecb3-569f-ab8a-93c8083d549d	Manα1-2Manα1-2Manα1-6Manα1-4GlcN-inositolphosphoceramide	TRUE		1	1	Manα1-2Manα1-2Manα1-6Manα1-4GlcN-inositolphosphoceramide	fumigatus galactomannan-Manα1–2Manα1–2Manα1–6Manα1–4GlcN-inositolphosphoceramide		IUPAC String	SRC:EOG_VARKI_4E|Manα1-2Manα1-2Manα1-6Manα1-4GlcN-inositolphosphoceramide			
GSD:20de8d28-539e-5869-9718-cf9c103f2fc6	Manα1-3Man disaccharide	TRUE		1	1	Manα1-3Man disaccharide			IUPAC String	SRC:EOG_VARKI_4E|Manα1-3Man disaccharide			
GSD:7480c595-8fc8-5ffa-b750-26ae3fb65f8a	Manβ1-4Glc-ceramide	TRUE		1	1	Manβ1-4Glc-ceramide	Manβ1-4Glc-Cer		IUPAC String	SRC:EOG_VARKI_4E|Manβ1-4Glc-ceramide			
GSD:1cd04026-2429-5e21-a7ab-c21c2150a456	matriglycan	TRUE		1	1	matriglycan			Polysaccharide Repeating Unit	SRC:EOG_VARKI_4E|matriglycan			
GSD:e63eabb8-c141-4fac-b772-f2b80c31afb3	MECA-79	TRUE	G22976NF	1	1	MECA-79				SRC:PUBDICT_GLYCAN_MOTIF|MECA-79			
GSD:dbf44d51-c49b-4738-b0fe-ae6160ff7d1d	Melezitose	TRUE		1	1	Melezitose				SRC:PUBDICT_GLYCONAVI_NAME|Melezitose			
GSD:2e97c20e-d29c-4dbc-a4a9-6f5c1307d6d3	melibiose	TRUE	G66481II; G86123DJ	4	2	Melibiose; melibiose				SRC:PUBDICTIONARIES-GLYCAN-IMAGE|melibiose; SRC:PUBDICT_GLYCONAVI_NAME|Melibiose; SRC:PUBDICT_GLYCOSMOS|melibiose; SRC:SUGARBIND|Melibiose			
GSD:96cf2a55-237d-5a94-8c48-ea3a5399fcc2	methanochondroitin	TRUE		1	1	methanochondroitin			Polysaccharide	SRC:EOG_VARKI_4E|methanochondroitin			
GSD:8f6f737c-2e91-4f67-8d78-0b81d0bfdcdf	mixed-linkage beta glucan	TRUE	G46558JB	4	2	1-3,1-4 beta Glucan; mixed-linkage beta glucan	1-3/1-4 beta glucan			SRC:GLYCOEPITOPE|1-3,1-4 beta Glucan; SRC:PUBDICTIONARIES-GLYCAN-IMAGE|mixed-linkage beta glucan; SRC:PUBDICT_GLYCAN_MOTIF|1-3,1-4 beta Glucan; SRC:PUBDICT_GLYCOSMOS|1-3,1-4 beta Glucan			
GSD:4e6665ed-d0f1-4b2b-bc48-c74d8d020882	Mono-fucosyl LN3	TRUE	G65223RT	1	1	Mono-fucosyl LN3	Mono-fucosyl LN_3		GlycoMotif GGM motif	SRC:GLYCOMOTIF_GGM|Mono-fucosyl LN3			
GSD:e5f7b7de-8f9d-4351-afa0-aad63dc6a426	Mono-fucosyl LN3	TRUE	G65223RT; G80291PD	3	1	Mono-fucosyl LN3			GlycoMotif CCRC motif	SRC:CUMMINGS|Mono-fucosyl LN3; SRC:GLYCOMOTIF_CCRC|Mono-fucosyl LN3; SRC:PUBDICT_GLYCAN_MOTIF|Mono-fucosyl LN3			
GSD:2b192936-42ad-4b0c-b9dc-ed1a702f3724	Mono-fucosyl LN5	TRUE	G64227KZ; G93536PN; G65223RT	6	2	Mono-fucosyl LN; Mono-fucosyl LN5	Mono-fucosyl LN_5		GlycoMotif GGM motif	SRC:CUMMINGS|Mono-fucosyl LN5; SRC:GLYCOMOTIF_CCRC|Mono-fucosyl LN5; SRC:GLYCOMOTIF_GDV|Mono-fucosyl LN; SRC:GLYCOMOTIF_GGM|Mono-fucosyl LN5; SRC:PUBDICT_GLYCAN_MOTIF|Mono-fucosyl LN; SRC:PUBDICT_GLYCAN_MOTIF|Mono-fucosyl LN5			
GSD:d533b4c7-c20d-4839-b14e-1853dd02c295	Mono-sialylated N-glycan from porcine fibrinogen	TRUE		1	1	Mono-sialylated N-glycan from porcine fibrinogen			N-linked oligos	SRC:BIOOLIGO|Mono-sialylated N-glycan from porcine fibrinogen			
GSD:6d8d4be9-d746-5d48-9da6-ca1f0eb3b919	monoantennary N-glycan	TRUE		1	1	monoantennary N-glycan			N-Linked Type	SRC:EOG_VARKI_4E|monoantennary N-glycan			
GSD:9dbd00b1-daa1-5dd7-8643-cfc47dc7f67e	monoglucosylated N-glycan	TRUE		1	1	monoglucosylated N-glycan			N-Linked Type	SRC:EOG_VARKI_4E|monoglucosylated N-glycan			
GSD:2177f0e3-8a9a-436f-8fa5-4c47a475a5c2	Monosialodihexosylganglioside	TRUE	G91237TK	1	1	Monosialodihexosylganglioside				SRC:PUBDICT_GLYCAN_MOTIF|Monosialodihexosylganglioside			
GSD:373603c5-78f9-4fd6-87a0-2b2d5f65f52e	Monosialogangliotetraosylceramide	TRUE	G48558GR	1	1	Monosialogangliotetraosylceramide				SRC:PUBDICT_GLYCAN_MOTIF|Monosialogangliotetraosylceramide			
GSD:6d1bae04-defe-4652-9469-676dbd4ed2cf	monosialyl Gb5	TRUE	G32254QI; G42784QY	13	5	GL-7 globoseries ganglioside; GL-7 globoseries ganglioside (SSEA-4); Monosialyl Gb5; monosialyl Gb5; Sialosyl galactosyl globoside	GL-7 globoseries ganglioside (SSEA-4); Monosialyl Gb5; Sialosyl galactosyl globoside; GL-7 globoseries ganglioside; SSEA-4; Sialosyl gal-globoside; SGG	alpha-Neup5Ac-(2-&gt;3)-beta-D-Galp-(1-&gt;3)-beta-D-GalpNAc-(1-&gt;3)-alpha-D-Galp-(1-&gt;4)-beta-D-Galp-(1-&gt;4)-beta-D-Glcp is a linear amino hexasaccharide comprising β-D-glucose at the reducing end with at the 4-position a β-D-galactosyl-(1→3)-N-acetyl-β-D-glucosaminyl-(1→3)-α-D-galactosyl-(1→4)-β-D-galactosyl moiety, α(2→3)-sialylated at the terminal galactosyl residue.[CHEBI:62313]	Glycosphingolipid	SRC:CUMMINGS|GL-7 globoseries ganglioside; SRC:GLYCOEPITOPE|Monosialyl Gb5; SRC:GLYCOMOTIF_CCRC|GL-7 globoseries ganglioside; SRC:GLYCOMOTIF_GDV|GL-7 globoseries ganglioside (SSEA-4); SRC:GLYCOMOTIF_GGM|GL-7 globoseries ganglioside; SRC:GSD_GLYGEN_V0|monosialyl Gb5; SRC:PUBDICTIONARIES-GLYCAN-IMAGE|monosialyl Gb5; SRC:PUBDICT_GLYCAN_MOTIF|GL-7 globoseries ganglioside; SRC:PUBDICT_GLYCAN_MOTIF|GL-7 globoseries ganglioside (SSEA-4); SRC:PUBDICT_GLYCAN_MOTIF|Monosialyl Gb5; SRC:PUBDICT_GLYCAN_MOTIF|Sialosyl galactosyl globoside; SRC:PUBDICT_GLYCOSMOS|Monosialyl Gb5; SRC:SUGARBIND|Sialosyl galactosyl globoside			
GSD:6524e495-c7f4-42c9-8e2d-c01e194e0738	monosialylated biantennary N-glycan	TRUE		1	1	monosialylated biantennary N-glycan	monosialyl biantennary; sialylated diantennary; sialylated biantennary	A biantennary glycan with two GlcNAc branches linked to the core and the addition of one sialic acid residues.		SRC:GSD_GLYGEN_V0|monosialylated biantennary N-glycan			
GSD:c2c341af-933d-5fc8-9481-74150676c0bb	monosialylated ganglioside	TRUE		1	1	monosialylated ganglioside			Glycolipid	SRC:EOG_VARKI_4E|monosialylated ganglioside			
GSD:e2909941-ee43-4892-9296-c6912bb05d2d	monosialylated N-glycan	TRUE		1	1	monosialylated N-glycan		A glycan that have the addition of one sialic acid residues.		SRC:GSD_GLYGEN_V0|monosialylated N-glycan			
GSD:5ff65e2e-bc24-46c3-8556-a575f33ee896	Monosialylganglioside LSTb	TRUE	G72506RN; G83513YI	4	1	Monosialylganglioside LSTb			GlycoMotif GDV motif	SRC:CUMMINGS|Monosialylganglioside LSTb; SRC:GLYCOMOTIF_CCRC|Monosialylganglioside LSTb; SRC:GLYCOMOTIF_GDV|Monosialylganglioside LSTb; SRC:PUBDICT_GLYCAN_MOTIF|Monosialylganglioside LSTb			
GSD:46528fde-50a7-4fb7-be35-df185e4a262b	monosulfated globopentaosylceramide	TRUE	G80193TN; G30925QW; G57710SU	5	2	Mono-sulfated globopentaosylceramide; monosulfated globopentaosylceramide	Monosulfated globopentaosylceramide		GlycoMotif GGM motif	SRC:CUMMINGS|Mono-sulfated globopentaosylceramide; SRC:GLYCOMOTIF_GDV|Mono-sulfated globopentaosylceramide; SRC:GLYCOMOTIF_GGM|Mono-sulfated globopentaosylceramide; SRC:GSD_GLYGEN_V0|monosulfated globopentaosylceramide; SRC:PUBDICT_GLYCAN_MOTIF|Mono-sulfated globopentaosylceramide			
GSD:1183ab6f-e3e9-4202-8e32-9848db7d5c9a	monosulfated globotetraosylceramide	TRUE	G05297EK; G44854SQ; G50866KI; G87212TR	6	2	Mono-sulfated globotetraosylceramide; monosulfated globotetraosylceramide			GlycoMotif GGM motif	SRC:CUMMINGS|Mono-sulfated globotetraosylceramide; SRC:GLYCOMOTIF_CCRC|Mono-sulfated globotetraosylceramide; SRC:GLYCOMOTIF_GDV|Mono-sulfated globotetraosylceramide; SRC:GLYCOMOTIF_GGM|Mono-sulfated globotetraosylceramide; SRC:GSD_GLYGEN_V0|monosulfated globotetraosylceramide; SRC:PUBDICT_GLYCAN_MOTIF|Mono-sulfated globotetraosylceramide			
GSD:07f53917-abb0-5512-9eb2-b97850950eee	mucin-type O-glycans	TRUE		2	1	mucin-type O-glycans			O-Linked Core	SRC:EOG_VARKI_4E|mucin-type O-glycans; SRC:GSD_GLYGEN_V0|mucin-type O-glycans			
GSD:4bcdab57-7409-55df-98c2-eadb9cd4ed93	multiantennary complex-type N-glycan	TRUE		1	1	multiantennary complex-type N-glycan	multiantennary N-glycan		N-Linked Type	SRC:EOG_VARKI_4E|multiantennary complex-type N-glycan			
GSD:19451f08-fed5-458a-9b63-9299bd214d85	Muramic acid	TRUE		1	1	Muramic acid				SRC:PUBDICT_GLYCONAVI_NAME|Muramic acid			
GSD:ee7bf846-0a34-40d8-83c2-3d744650f70b	Mycaminose	TRUE		1	1	Mycaminose				SRC:PUBDICT_GLYCONAVI_NAME|Mycaminose			
GSD:15cbcd0c-4c07-47f0-8709-c5665dd72db4	Mycarose	TRUE		1	1	Mycarose				SRC:PUBDICT_GLYCONAVI_NAME|Mycarose			
GSD:8bed3aa4-310f-4977-8824-a9273cf5ca5a	Mycinose	TRUE		1	1	Mycinose				SRC:PUBDICT_GLYCONAVI_NAME|Mycinose			
GSD:fc4baaab-88a4-44cf-8246-d3f418dbeb7c	Mycosamine	TRUE		1	1	Mycosamine				SRC:PUBDICT_GLYCONAVI_NAME|Mycosamine			
GSD:5abce0cd-a3c7-4211-9503-65b0cec1a97c	N-acetyl GD3	TRUE	G98544DH	4	2	N-Acetyl GD3; N-acetyl GD3				SRC:GLYCOEPITOPE|N-Acetyl GD3; SRC:PUBDICTIONARIES-GLYCAN-IMAGE|N-acetyl GD3; SRC:PUBDICT_GLYCAN_MOTIF|N-Acetyl GD3; SRC:PUBDICT_GLYCOSMOS|N-Acetyl GD3			
GSD:acce63a2-f38e-4f65-b35a-2ab99054214a	N-acetyl GM2	TRUE	G79389NT	7	4	Gal-GalNAc-(Neu5Ac)-Gal-Glc; GM2; N-Acetyl GM2; N-acetyl GM2	GM2 (Neu5Ac); GM2 / Neu5Ac; NeuAc-GM2	beta-D-GalpNAc-(1-&gt;4)-[alpha-Neup5Ac-(2-&gt;3)]-beta-D-Galp-(1-&gt;4)-beta-D-Glcp is a branched amino tetrasaccharide consisting of the linear sequence β-D-GalNAc-(1→4)-β-D-Gal-(1→4)-β-D-Glc having a Neu5Ac residue attached to the galactose via an α-(2→3) linkage. Corresponds to the carbohydrate portion of ganglioside GM2.[CHEBI:59220]	Glycosphingolipid	SRC:BIOOLIGO|Gal-GalNAc-(Neu5Ac)-Gal-Glc; SRC:GLYCOEPITOPE|N-Acetyl GM2; SRC:GSD_GLYGEN_V0|N-acetyl GM2; SRC:PUBDICTIONARIES-GLYCAN-IMAGE|N-acetyl GM2; SRC:PUBDICT_GLYCAN_MOTIF|N-Acetyl GM2; SRC:PUBDICT_GLYCOSMOS|N-Acetyl GM2; SRC:SUGARBIND|GM2			
GSD:06bd9230-9660-4176-95b3-5ea150555eb8	N-acetyl GM3	TRUE	G91237TK	6	3	GM3 (no spacer); N-Acetyl GM3; N-acetyl GM3	GM3 / Neu5Ac			SRC:GLYCOEPITOPE|N-Acetyl GM3; SRC:PUBDICTIONARIES-GLYCAN-IMAGE|N-acetyl GM3; SRC:PUBDICT_GLYCAN_MOTIF|N-Acetyl GM3; SRC:PUBDICT_GLYCONAVI_ABBREV|GM3 (no spacer); SRC:PUBDICT_GLYCONAVI_NAME|GM3 (no spacer); SRC:PUBDICT_GLYCOSMOS|N-Acetyl GM3			
GSD:3e3f7bda-7f25-40a1-a215-2be057c1bb48	N-acetylgalactosamine	TRUE	G27025MB	1	1	N-acetylgalactosamine				SRC:PUBDICT_GLYCAN_MOTIF|N-acetylgalactosamine			
GSD:6f476676-ab05-411e-9f9a-eaa2f04848db	N-acetylgalactosamine	TRUE	G27025MB	1	1	N-acetylgalactosamine	GalNAc			SRC:SUGARBIND|N-acetylgalactosamine			
GSD:14d2f9b8-7b33-4fee-96bc-056607c4ae1d	N-acetylglucosamine	TRUE	G64581RP	1	1	N-acetylglucosamine	GlcNAc		Glycoprotein	SRC:SUGARBIND|N-acetylglucosamine			
GSD:44dfd37f-c85f-4ce3-9e18-7a089dcba42c	N-acetylglucosamine	TRUE	G64581RP	1	1	N-acetylglucosamine				SRC:PUBDICT_GLYCAN_MOTIF|N-acetylglucosamine			
GSD:e505676f-d5ef-4f0c-9bad-d27deeb1b783	N-acetyllactosamine (type 1)	TRUE	G00056MO; G43784HS	7	6	Lactosamine Type 1; N-acetyllactosamine (type 1); Neo Lactosamine; Neo-Lactosamine; Type 1 LN; Type 1 LN2	LacNAc type 1; Type 1 LN; Type-1 lactosamine		GlycoMotif GGM motif	SRC:GLYCOMOTIF_GGM|Type 1 LN; SRC:GLYCOMOTIF_GGM|Type 1 LN2; SRC:GSD_GLYGEN_V0|N-acetyllactosamine (type 1); SRC:PUBDICT_GLYCAN_MOTIF|Lactosamine Type 1; SRC:PUBDICT_GLYCAN_MOTIF|Neo Lactosamine; SRC:PUBDICT_MOTIF_GTC|Neo Lactosamine; SRC:PUBDICT_MOTIF_GTC|Neo-Lactosamine			
GSD:bcbf9c2c-276b-435e-a92d-848168f7bbf6	N-acetyllactosamine (type 2)	TRUE	G00055MO	13	9	Lactosamine; Lactosamine Type 2; Lactosediamine; LN, N-acetyllactosamine; N-Acetyl-D-Lactosamine (LacNAc); N-acetyllactosamine; N-acetyllactosamine (type 2); Type 2 LN; Type 2 LN (N-acetyllactosamine)	LacNAc; Type 2 LN; N-acetyllactosamine	N-acetyllactosamine is a beta-D-galactopyranosyl-(1→4)-N-acetyl-D-glucosamine having beta-configuration at the reducing end anomeric centre. It is also known as galb1-4glcnacb or lacnac, belongs to the class of organic compounds known as acylaminosugars. These are organic compounds containing a sugar linked to a chain through N-acyl group. N-Acetyllactosamine is an extremely weak basic (essenti...	Core structures (Type 2)	SRC:BIOOLIGO|N-Acetyl-D-Lactosamine (LacNAc); SRC:CUMMINGS|Type 2 LN; SRC:GLYCOMOTIF_CCRC|LN, N-acetyllactosamine; SRC:GLYCOMOTIF_GDV|Type 2 LN (N-acetyllactosamine); SRC:GLYCOMOTIF_GGM|Type 2 LN; SRC:GSD_GLYGEN_V0|N-acetyllactosamine (type 2); SRC:PUBDICT_GLYCAN_MOTIF|LN, N-acetyllactosamine; SRC:PUBDICT_GLYCAN_MOTIF|Lactosamine Type 2; SRC:PUBDICT_GLYCAN_MOTIF|N-acetyllactosamine; SRC:PUBDICT_GLYCAN_MOTIF|Type 2 LN (N-acetyllactosamine); SRC:PUBDICT_GLYCONAVI_NAME|Lactosamine; SRC:PUBDICT_GLYCONAVI_NAME|Lactosediamine; SRC:PUBDICT_MOTIF_GTC|Lactosamine			
GSD:13ee9c79-df90-4832-a104-ad8a54b4d72c	N-acetylneuraminic acid	TRUE	G81533KY; G50850NI	3	2	N-acetylneuraminic acid; Neuraminic acid	NANA; Sialic acid; NeuAc		Glycoprotein	SRC:PUBDICT_GLYCAN_MOTIF|N-acetylneuraminic acid; SRC:PUBDICT_GLYCONAVI_NAME|Neuraminic acid; SRC:SUGARBIND|N-acetylneuraminic acid			
GSD:28aeace7-aab4-40cf-8c26-576043cae69d	N-Glycan biantennary	TRUE	G98414DB	1	1	N-Glycan biantennary			GlycoMotif GGM motif	SRC:GLYCOMOTIF_GGM|N-Glycan biantennary			
GSD:24d335a2-51a3-5232-96e6-2d60815f8e55	N-glycan core	TRUE	G20624LQ; G00026MO	6	4	N-Glycan core; N-glycan core; N-Glycan core basic; Pentasaccharide N-linked glycan core	3a; 6a-mannopentaose; 3a,6a-mannopentaose		N-Linked Type	SRC:EOG_VARKI_4E|N-glycan core; SRC:GLYCOMOTIF_GGM|N-Glycan core basic; SRC:PUBDICT_GLYCAN_MOTIF|N-Glycan core basic; SRC:PUBDICT_GLYCAN_MOTIF|Pentasaccharide N-linked glycan core; SRC:PUBDICT_MOTIF_GTC|N-Glycan core; SRC:SUGARBIND|Pentasaccharide N-linked glycan core			
GSD:1d3d0498-ff87-48fb-8862-b40b13ad9fdb	N-Glycan core, alditol reduced	TRUE	G62167DK	1	1	N-Glycan core, alditol reduced			GlycoMotif GGM motif	SRC:GLYCOMOTIF_GGM|N-Glycan core, alditol reduced			
GSD:ecd6a0cd-61af-4646-9b99-88475cf56f24	N-Glycan core, arm-fucosylated	TRUE	G05006NI	1	1	N-Glycan core, arm-fucosylated			GlycoMotif GGM motif	SRC:GLYCOMOTIF_GGM|N-Glycan core, arm-fucosylated			
GSD:9bded527-ff01-45d5-b176-240d9aee9b1b	N-glycan core, bisected	TRUE	G68395LV	1	1	N-glycan core, bisected			GlycoMotif GGM motif	SRC:GLYCOMOTIF_GGM|N-glycan core, bisected			
GSD:28d721e5-ea11-4129-a9ff-be87ef33fc44	N-Glycan core, core-fucosylated	TRUE	G68504BA	1	1	N-Glycan core, core-fucosylated			GlycoMotif GGM motif	SRC:GLYCOMOTIF_GGM|N-Glycan core, core-fucosylated			
GSD:22d4dc7a-38c1-4ecb-aad4-976fddd930fb	N-Glycan core, superclass	TRUE	G09820LN	1	1	N-Glycan core, superclass			GlycoMotif GGM motif	SRC:GLYCOMOTIF_GGM|N-Glycan core, superclass			
GSD:e45b9b14-17e5-4c83-9cd2-d7b35931dbd7	N-glycan core, truncated	TRUE	G63560NE; G59883YF	1	1	N-glycan core, truncated			GlycoMotif GGM motif	SRC:GLYCOMOTIF_GGM|N-glycan core, truncated			
GSD:3fda8660-e983-5497-aba6-bb4d277e8486	N-glycan corneal-type keratan sulfate	TRUE		1	1	N-glycan corneal-type keratan sulfate	N-glycan corneal-type KS		N-Linked Type	SRC:EOG_VARKI_4E|N-glycan corneal-type keratan sulfate			
GSD:e63e1b7a-88ff-4e50-a7d8-48cffa67c3d9	N-glycan mixture from horseradish peroxidase	TRUE		1	1	N-glycan mixture from horseradish peroxidase			N-linked oligos	SRC:BIOOLIGO|N-glycan mixture from horseradish peroxidase			
GSD:42c9a159-c238-45d2-9091-e732642a1b6c	N-Glycan tetraantennary	TRUE	G33451SJ	1	1	N-Glycan tetraantennary			GlycoMotif GGM motif	SRC:GLYCOMOTIF_GGM|N-Glycan tetraantennary			
GSD:d29eb2e0-fcb0-4841-afb7-d1c0e818a047	N-Glycan triantennary	TRUE	G59096WE	1	1	N-Glycan triantennary			GlycoMotif GGM motif	SRC:GLYCOMOTIF_GGM|N-Glycan triantennary			
GSD:ef7226b5-0cbe-4391-8858-335851692628	N-Glycan truncated motif. First GlcpNAC cut off	TRUE	G00027MO	1	1	N-Glycan truncated motif. First GlcpNAC cut off				SRC:PUBDICT_GLYCAN_MOTIF|N-Glycan truncated motif. First GlcpNAC cut off			
GSD:b6aa2621-651c-5dc5-af13-e3dc0b932d37	N-glycans	TRUE	G78059CC; G90889KG; G28330DZ; G00027MO	4	3	N-Glycan; N-glycan; N-glycans	asparagine–N-linked glycans; N-linked; N-linked oligosaccharides	The carbohydrate portion of a glycoprotein that has a glycan linked through the nitrogen of an asparagine side-chain.[CHEBI:59520]	N-Linked Type	SRC:EOG_VARKI_4E|N-glycans; SRC:GSD_GLYGEN_V0|N-glycans; SRC:PUBDICT_MOTIF_GTC|N-Glycan; SRC:SUGARBIND|N-glycan			
GSD:83b8053a-8f3f-49f5-ad14-33651663ef9a	N-glycolyl GD3	TRUE	G84891DZ	4	2	N-Glycolyl GD3; N-glycolyl GD3				SRC:GLYCOEPITOPE|N-Glycolyl GD3; SRC:PUBDICTIONARIES-GLYCAN-IMAGE|N-glycolyl GD3; SRC:PUBDICT_GLYCAN_MOTIF|N-Glycolyl GD3; SRC:PUBDICT_GLYCOSMOS|N-Glycolyl GD3			
GSD:31190c26-ebe4-406d-a196-64f29bf55e6e	N-glycolyl GM2	TRUE	G56478LD; G18221CF	10	3	N-Glycolyl GM2; N-glycolyl GM2; N-Glycolyl-GM2		(2S,4S,5R,6R)-2-[(2R,3S,4R,5R,6S)-3-[(2S,3R,4R,5R,6R)-3-Acetamido-4,5-dihydroxy-6-(hydroxymethyl)oxan-2-yl]oxy-5-hydroxy-2-(hydroxymethyl)-6-[(2R,3S,4R,5R,6R)-4,5,6-trihydroxy-2-(hydroxymethyl)oxan-3-yl]oxyoxan-4-yl]oxy-4-hydroxy-5-[(2-hydroxyacetyl)amino]-6-[(1R,2R)-1,2,3-trihydroxypropyl]oxane-2-carboxylic acid is a member of carbohydrates and carbohydrate derivatives.[CHEBI:151464]	GlycoMotif GGM motif	SRC:CUMMINGS|N-Glycolyl-GM2; SRC:GLYCOEPITOPE|N-Glycolyl GM2; SRC:GLYCOMOTIF_CCRC|N-Glycolyl-GM2; SRC:GLYCOMOTIF_GDV|N-Glycolyl-GM2; SRC:GLYCOMOTIF_GGM|N-Glycolyl-GM2; SRC:GSD_GLYGEN_V0|N-glycolyl GM2; SRC:PUBDICTIONARIES-GLYCAN-IMAGE|N-glycolyl GM2; SRC:PUBDICT_GLYCAN_MOTIF|N-Glycolyl GM2; SRC:PUBDICT_GLYCAN_MOTIF|N-Glycolyl-GM2; SRC:PUBDICT_GLYCOSMOS|N-Glycolyl GM2			
GSD:3c8e4679-d370-4858-9016-f0d288c387b3	N-glycolyl GM3	TRUE	G75789AR	6	4	GM3(NeuGc); N-Glycolyl GM3; N-glycolyl GM3; NeuGc-GM3	GM3gc		Glycosphingolipid	SRC:GLYCOEPITOPE|N-Glycolyl GM3; SRC:PUBDICTIONARIES-GLYCAN-IMAGE|N-glycolyl GM3; SRC:PUBDICT_GLYCAN_MOTIF|N-Glycolyl GM3; SRC:PUBDICT_GLYCONAVI_NAME|GM3(NeuGc); SRC:PUBDICT_GLYCOSMOS|N-Glycolyl GM3; SRC:SUGARBIND|NeuGc-GM3			
GSD:36ef20d5-18c2-45a7-8ca9-813606f7d2ae	NA2F	TRUE	G00998NI	1	1	NA2F				SRC:SUGARBIND|NA2F			
GSD:cf5631fb-aa17-5630-9cf9-3ec070faf8ed	neolacto-series glycosphingolipids	TRUE	G00070MO	4	3	Glycosphingolipid Neo-lacto; Glycosphingolipid Neo-lacto series; neolacto-series glycosphingolipids	neolacto-series		Glycolipid	SRC:EOG_VARKI_4E|neolacto-series glycosphingolipids; SRC:GLYCOMOTIF_GGM|Glycosphingolipid Neo-lacto series; SRC:PUBDICT_GLYCAN_MOTIF|Glycosphingolipid Neo-lacto series; SRC:PUBDICT_MOTIF_GTC|Glycosphingolipid Neo-lacto			
GSD:1e6b43c2-66fd-49f5-b36e-d75fa1c9ba74	Neu5Ac	TRUE	G81533KY; G76685HR	4	3	Neu5Ac; NeuAc; NeuNAc				SRC:PUBDICT_GLYCAN_MOTIF|Neu5Ac; SRC:PUBDICT_GLYCOSMOS|Neu5Ac; SRC:PUBDICT_GLYCOSMOS|NeuAc; SRC:PUBDICT_GLYCOSMOS|NeuNAc			
GSD:0570980f-ac8a-477a-b691-acdb8d9b7cd6	Neu5Ac a2-3 Gal b1-4 Glc b	TRUE		1	1	Neu5Ac a2-3 Gal b1-4 Glc b			Ganglioside sugars	SRC:BIOOLIGO|Neu5Ac a2-3 Gal b1-4 Glc b			
GSD:611822b5-0bfa-41eb-91f4-ec7cb62c79b9	Neu5Ac a2-6 Gal b1-4 GlcNAc b1-4 Gal b1-4 GlcNAc	TRUE		1	1	Neu5Ac a2-6 Gal b1-4 GlcNAc b1-4 Gal b1-4 GlcNAc			Sialylated oligosaccharide (Type 2)	SRC:BIOOLIGO|Neu5Ac a2-6 Gal b1-4 GlcNAc b1-4 Gal b1-4 GlcNAc			
GSD:928e2a67-7f64-4258-b5ce-d6b5eb5908ce	Neu5Ac(a2-3)Gal / Monosialoganglioside	TRUE	G30207PZ; G77824XV	2	1	Neu5Ac(a2-3)Gal / Monosialoganglioside				SRC:GLYCOEPITOPE|Neu5Ac(a2-3)Gal / Monosialoganglioside; SRC:PUBDICT_GLYCAN_MOTIF|Neu5Ac(a2-3)Gal / Monosialoganglioside			
GSD:2a5ebce3-e5dd-4462-bfd9-b516beeff136	Neu5Ac(a2-3)Gal(b1-3)GalNAc	TRUE		1	1	Neu5Ac(a2-3)Gal(b1-3)GalNAc				SRC:GLYCOEPITOPE|Neu5Ac(a2-3)Gal(b1-3)GalNAc			
GSD:8de7750a-dbd1-45ac-bef5-cad32a4927e9	Neu5Ac(a2-3)Gal(b1-3)GalNAc	TRUE	G56299XO	1	1	Neu5Ac(a2-3)Gal(b1-3)GalNAc				SRC:PUBDICT_GLYCOSMOS|Neu5Ac(a2-3)Gal(b1-3)GalNAc			
GSD:bd544174-9b27-4f63-b71b-c5666358a595	Neu5Ac(a2-3)Gal(b1-3)GalNAc	TRUE	G56299XO	1	1	Neu5Ac(a2-3)Gal(b1-3)GalNAc				SRC:PUBDICTIONARIES-GLYCAN-IMAGE|Neu5Ac(a2-3)Gal(b1-3)GalNAc			
GSD:e38a59af-1d96-4768-9b9b-35d7f6ac812a	Neu5Ac(a2-3)Gal(b1-3)GalNAc	TRUE	G56299XO	1	1	Neu5Ac(a2-3)Gal(b1-3)GalNAc				SRC:PUBDICT_GLYCAN_MOTIF|Neu5Ac(a2-3)Gal(b1-3)GalNAc			
GSD:168d8aba-36bb-4a64-b34b-d0105ab4ebba	Neu5Ac(a2-3)Gal(b1-4)Glc	TRUE	G56516VH	1	1	Neu5Ac(a2-3)Gal(b1-4)Glc				SRC:PUBDICT_GLYCAN_MOTIF|Neu5Ac(a2-3)Gal(b1-4)Glc			
GSD:22d831bc-de3e-4c57-969d-4ab430096ba2	Neu5Ac(a2-3)Gal(b1-4)Glc	TRUE		1	1	Neu5Ac(a2-3)Gal(b1-4)Glc				SRC:GLYCOEPITOPE|Neu5Ac(a2-3)Gal(b1-4)Glc			
GSD:48ea49b0-3c70-4f96-8f76-ad8d4f4f6d9b	Neu5Ac(a2-3)Gal(b1-4)Glc	TRUE	G56516VH	1	1	Neu5Ac(a2-3)Gal(b1-4)Glc				SRC:PUBDICT_GLYCOSMOS|Neu5Ac(a2-3)Gal(b1-4)Glc			
GSD:f261beda-27ca-45b9-a01a-35b48b50b7ce	Neu5Ac(a2-3)Gal(b1-4)Glc	TRUE	G56516VH	1	1	Neu5Ac(a2-3)Gal(b1-4)Glc				SRC:PUBDICTIONARIES-GLYCAN-IMAGE|Neu5Ac(a2-3)Gal(b1-4)Glc			
GSD:5c2de4b2-4008-4dd8-884f-973a690259aa	Neu5Ac(a2-3)Gal(b1-4)GlcNAc	TRUE	G10203DW	5	2	Neu5Ac(a2-3)Gal(b1-4)GlcNAc; Neu5Ac-Gal-(Neu5Ac)-GlcNAc			Miscellaneous	SRC:BIOOLIGO|Neu5Ac-Gal-(Neu5Ac)-GlcNAc; SRC:GLYCOEPITOPE|Neu5Ac(a2-3)Gal(b1-4)GlcNAc; SRC:PUBDICTIONARIES-GLYCAN-IMAGE|Neu5Ac(a2-3)Gal(b1-4)GlcNAc; SRC:PUBDICT_GLYCAN_MOTIF|Neu5Ac(a2-3)Gal(b1-4)GlcNAc; SRC:PUBDICT_GLYCOSMOS|Neu5Ac(a2-3)Gal(b1-4)GlcNAc			
GSD:bbd48827-78a7-4efd-a2fe-37d7b5886f8f	Neu5Ac(a2-6)GalNAc	TRUE	G08371CD	4	1	Neu5Ac(a2-6)GalNAc				SRC:GLYCOEPITOPE|Neu5Ac(a2-6)GalNAc; SRC:PUBDICTIONARIES-GLYCAN-IMAGE|Neu5Ac(a2-6)GalNAc; SRC:PUBDICT_GLYCAN_MOTIF|Neu5Ac(a2-6)GalNAc; SRC:PUBDICT_GLYCOSMOS|Neu5Ac(a2-6)GalNAc			
GSD:6c0aa996-d859-479b-8c37-d6710034a904	Neu5Ac(a2-8)Neu5Ac(a2-3)Gal	TRUE	G82775QT; G43195TR	4	1	Neu5Ac(a2-8)Neu5Ac(a2-3)Gal				SRC:GLYCOEPITOPE|Neu5Ac(a2-8)Neu5Ac(a2-3)Gal; SRC:PUBDICTIONARIES-GLYCAN-IMAGE|Neu5Ac(a2-8)Neu5Ac(a2-3)Gal; SRC:PUBDICT_GLYCAN_MOTIF|Neu5Ac(a2-8)Neu5Ac(a2-3)Gal; SRC:PUBDICT_GLYCOSMOS|Neu5Ac(a2-8)Neu5Ac(a2-3)Gal			
GSD:8c8ff0f0-4ac8-4aaf-aed6-92368916beec	Neu5Ac(a2-8)Neu5Ac(a2-3)Gal(b1-3)GalNAc	TRUE	G93910CU	4	1	Neu5Ac(a2-8)Neu5Ac(a2-3)Gal(b1-3)GalNAc				SRC:GLYCOEPITOPE|Neu5Ac(a2-8)Neu5Ac(a2-3)Gal(b1-3)GalNAc; SRC:PUBDICTIONARIES-GLYCAN-IMAGE|Neu5Ac(a2-8)Neu5Ac(a2-3)Gal(b1-3)GalNAc; SRC:PUBDICT_GLYCAN_MOTIF|Neu5Ac(a2-8)Neu5Ac(a2-3)Gal(b1-3)GalNAc; SRC:PUBDICT_GLYCOSMOS|Neu5Ac(a2-8)Neu5Ac(a2-3)Gal(b1-3)GalNAc			
GSD:3e6860e0-dd8d-46c4-9083-6d0dfbe438cf	Neu5Ac(a2-8)Neu5Ac(a2-3)Gal(b1-4)Glc	TRUE	G81928IQ	1	1	Neu5Ac(a2-8)Neu5Ac(a2-3)Gal(b1-4)Glc				SRC:PUBDICTIONARIES-GLYCAN-IMAGE|Neu5Ac(a2-8)Neu5Ac(a2-3)Gal(b1-4)Glc			
GSD:4c7513b8-9a15-4839-8041-2df9eb3af5b1	Neu5Ac(a2-8)Neu5Ac(a2-3)Gal(b1-4)Glc	TRUE	G81928IQ	3	1	Neu5Ac(a2-8)Neu5Ac(a2-3)Gal(b1-4)Glc				SRC:GLYCOEPITOPE|Neu5Ac(a2-8)Neu5Ac(a2-3)Gal(b1-4)Glc; SRC:PUBDICT_GLYCAN_MOTIF|Neu5Ac(a2-8)Neu5Ac(a2-3)Gal(b1-4)Glc; SRC:PUBDICT_GLYCOSMOS|Neu5Ac(a2-8)Neu5Ac(a2-3)Gal(b1-4)Glc			
GSD:31dae23b-5c21-4dd9-948a-99ebb0946a24	Neu5Ac(a2-8)Neu5Gc(a2-3)Gal	TRUE		1	1	Neu5Ac(a2-8)Neu5Gc(a2-3)Gal				SRC:GLYCOEPITOPE|Neu5Ac(a2-8)Neu5Gc(a2-3)Gal			
GSD:56e89b20-8160-4f40-a07f-3b10fa4dc89e	Neu5Ac(a2-8)Neu5Gc(a2-3)Gal	TRUE	G82974JM	1	1	Neu5Ac(a2-8)Neu5Gc(a2-3)Gal				SRC:PUBDICT_GLYCOSMOS|Neu5Ac(a2-8)Neu5Gc(a2-3)Gal			
GSD:6852f74b-4fc3-490b-8b0d-80fca9c1530f	Neu5Ac(a2-8)Neu5Gc(a2-3)Gal	TRUE	G82974JM	1	1	Neu5Ac(a2-8)Neu5Gc(a2-3)Gal				SRC:PUBDICT_GLYCAN_MOTIF|Neu5Ac(a2-8)Neu5Gc(a2-3)Gal			
GSD:f622cdfb-328b-4e57-8482-d08002907ef6	Neu5Ac(a2-8)Neu5Gc(a2-3)Gal	TRUE	G82974JM	1	1	Neu5Ac(a2-8)Neu5Gc(a2-3)Gal				SRC:PUBDICTIONARIES-GLYCAN-IMAGE|Neu5Ac(a2-8)Neu5Gc(a2-3)Gal			
GSD:2cdbf1a8-88b2-43eb-a50b-c9429b250151	Neu5Ac(a2-8)Neu5Gc(a2-3)Gal(b1-4)Glc	TRUE		1	1	Neu5Ac(a2-8)Neu5Gc(a2-3)Gal(b1-4)Glc				SRC:GLYCOEPITOPE|Neu5Ac(a2-8)Neu5Gc(a2-3)Gal(b1-4)Glc			
GSD:66fa828a-252d-4498-a7cf-de226f0b4de4	Neu5Ac(a2-8)Neu5Gc(a2-3)Gal(b1-4)Glc	TRUE	G95233MF	1	1	Neu5Ac(a2-8)Neu5Gc(a2-3)Gal(b1-4)Glc				SRC:PUBDICT_GLYCOSMOS|Neu5Ac(a2-8)Neu5Gc(a2-3)Gal(b1-4)Glc			
GSD:b2c49b8f-3d4e-42e3-994d-65149fe26b60	Neu5Ac(a2-8)Neu5Gc(a2-3)Gal(b1-4)Glc	TRUE	G95233MF	1	1	Neu5Ac(a2-8)Neu5Gc(a2-3)Gal(b1-4)Glc				SRC:PUBDICT_GLYCAN_MOTIF|Neu5Ac(a2-8)Neu5Gc(a2-3)Gal(b1-4)Glc			
GSD:cc87fa4e-1acc-4b6d-b257-543d6355e5fb	Neu5Ac(a2-8)Neu5Gc(a2-3)Gal(b1-4)Glc	TRUE	G95233MF	1	1	Neu5Ac(a2-8)Neu5Gc(a2-3)Gal(b1-4)Glc				SRC:PUBDICTIONARIES-GLYCAN-IMAGE|Neu5Ac(a2-8)Neu5Gc(a2-3)Gal(b1-4)Glc			
GSD:b0e61e21-7b72-4a52-a020-351cf8a97ba9	Neu5Ac-Gal-(Fuc)-GlcNAc	TRUE		1	1	Neu5Ac-Gal-(Fuc)-GlcNAc			Sialylated oligosaccharide (Type 2)	SRC:BIOOLIGO|Neu5Ac-Gal-(Fuc)-GlcNAc			
GSD:7a9a818e-7acc-4791-9062-4b31907f95fc	Neu5Ac-Gal-(Fuc)-GlcNAc-OMe	TRUE		1	1	Neu5Ac-Gal-(Fuc)-GlcNAc-OMe			Miscellaneous	SRC:BIOOLIGO|Neu5Ac-Gal-(Fuc)-GlcNAc-OMe			
GSD:d18e92e0-40b3-461b-a797-e490bc4c38b6	Neu5Ac-Gal-(Neu5Ac)-deoxy-GalNAc	TRUE		1	1	Neu5Ac-Gal-(Neu5Ac)-deoxy-GalNAc			Sialylated oligosaccharide (Type 1)	SRC:BIOOLIGO|Neu5Ac-Gal-(Neu5Ac)-deoxy-GalNAc			
GSD:473ec64b-303a-53b4-842b-2f8156bc19d1	Neu5Acα2-3Gal	TRUE	G77824XV; G30207PZ	5	3	Neu5Ac(a2-3)Gal / monosialoganglioside; Neu5Ac(a2-3)Gal(b1); Neu5Acα2-3Gal	Neu5Acα2–3Gal-terminated glycans; Neu5Acα2–3Gal-containing oligosaccharides; Neu5Acα2–3Gal-		IUPAC String	SRC:EOG_VARKI_4E|Neu5Acα2-3Gal; SRC:GLYCOEPITOPE|Neu5Ac(a2-3)Gal(b1); SRC:PUBDICTIONARIES-GLYCAN-IMAGE|Neu5Ac(a2-3)Gal / monosialoganglioside; SRC:PUBDICT_GLYCAN_MOTIF|Neu5Ac(a2-3)Gal(b1); SRC:PUBDICT_GLYCOSMOS|Neu5Ac(a2-3)Gal(b1)			
GSD:159f879f-6c57-55d5-b09b-3da3ba2f6cc2	Neu5Acα2-6Gal	TRUE	G44345UH; G63069TR	6	3	Neu5Ac(a2-6)Gal; Neu5Ac)a2-6)Gal; Neu5Acα2-6Gal	Neu5Acα2–6Gal linkages; Neu5Acα2–6Gal-containing oligosaccharides		IUPAC String	SRC:EOG_VARKI_4E|Neu5Acα2-6Gal; SRC:GLYCOEPITOPE|Neu5Ac(a2-6)Gal; SRC:PUBDICTIONARIES-GLYCAN-IMAGE|Neu5Ac(a2-6)Gal; SRC:PUBDICT_GLYCAN_MOTIF|Neu5Ac(a2-6)Gal; SRC:PUBDICT_GLYCAN_MOTIF|Neu5Ac)a2-6)Gal; SRC:PUBDICT_GLYCOSMOS|Neu5Ac(a2-6)Gal			
GSD:d2b2f12c-b0ec-4b5f-a7ab-f139a386da5a	Neu5Gc(a2-3)Gal	TRUE	G53517XC	1	1	Neu5Gc(a2-3)Gal				SRC:PUBDICTIONARIES-GLYCAN-IMAGE|Neu5Gc(a2-3)Gal			
GSD:faab2494-2bb5-4366-993d-5229626c4b95	Neu5Gc(a2-3)Gal	TRUE	G53517XC	1	1	Neu5Gc(a2-3)Gal				SRC:PUBDICT_GLYCAN_MOTIF|Neu5Gc(a2-3)Gal			
GSD:d6eea297-7840-4efe-89df-52e5ddab9fb4	Neu5Gc(a2-3)Gal / monosialoganglioside	TRUE	G53517XC	4	3	Neu5Gc(a2-3)Gal; Neu5Gc(a2-3)Gal / Monosialoganglioside; Neu5Gc(a2-3)Gal / monosialoganglioside				SRC:GLYCOEPITOPE|Neu5Gc(a2-3)Gal; SRC:GLYCOEPITOPE|Neu5Gc(a2-3)Gal / Monosialoganglioside; SRC:PUBDICTIONARIES-GLYCAN-IMAGE|Neu5Gc(a2-3)Gal / monosialoganglioside; SRC:PUBDICT_GLYCAN_MOTIF|Neu5Gc(a2-3)Gal / Monosialoganglioside			
GSD:6bd898e9-9419-4433-a380-c6601f5a44c5	Neu5Gc(a2-3)Gal(b1-4)GlcNAc	TRUE	G48236KP	4	1	Neu5Gc(a2-3)Gal(b1-4)GlcNAc				SRC:GLYCOEPITOPE|Neu5Gc(a2-3)Gal(b1-4)GlcNAc; SRC:PUBDICTIONARIES-GLYCAN-IMAGE|Neu5Gc(a2-3)Gal(b1-4)GlcNAc; SRC:PUBDICT_GLYCAN_MOTIF|Neu5Gc(a2-3)Gal(b1-4)GlcNAc; SRC:PUBDICT_GLYCOSMOS|Neu5Gc(a2-3)Gal(b1-4)GlcNAc			
GSD:2f501f5f-af30-41aa-b2d6-8fd844a33b80	Neu5Gc(a2-8)Neu5Ac(a2-3)Gal	TRUE		1	1	Neu5Gc(a2-8)Neu5Ac(a2-3)Gal				SRC:GLYCOEPITOPE|Neu5Gc(a2-8)Neu5Ac(a2-3)Gal			
GSD:4a8949f9-0e19-4fd6-b3f8-303d3e5fc3f7	Neu5Gc(a2-8)Neu5Ac(a2-3)Gal	TRUE	G61424BA	1	1	Neu5Gc(a2-8)Neu5Ac(a2-3)Gal				SRC:PUBDICTIONARIES-GLYCAN-IMAGE|Neu5Gc(a2-8)Neu5Ac(a2-3)Gal			
GSD:6b00f5eb-afb5-4dd6-9871-243ccf135742	Neu5Gc(a2-8)Neu5Ac(a2-3)Gal	TRUE	G55286YY; G61424BA	1	1	Neu5Gc(a2-8)Neu5Ac(a2-3)Gal				SRC:PUBDICT_GLYCAN_MOTIF|Neu5Gc(a2-8)Neu5Ac(a2-3)Gal			
GSD:cc3c3e9d-97c7-413c-a058-67f4d7866078	Neu5Gc(a2-8)Neu5Ac(a2-3)Gal	TRUE	G61424BA	1	1	Neu5Gc(a2-8)Neu5Ac(a2-3)Gal				SRC:PUBDICT_GLYCOSMOS|Neu5Gc(a2-8)Neu5Ac(a2-3)Gal			
GSD:12a83f46-619d-4aca-b4fa-db34f85715f0	Neu5Gc(a2-8)Neu5Gc(a2-3)Gal	TRUE	G16142UJ; G16775IT	4	1	Neu5Gc(a2-8)Neu5Gc(a2-3)Gal				SRC:GLYCOEPITOPE|Neu5Gc(a2-8)Neu5Gc(a2-3)Gal; SRC:PUBDICTIONARIES-GLYCAN-IMAGE|Neu5Gc(a2-8)Neu5Gc(a2-3)Gal; SRC:PUBDICT_GLYCAN_MOTIF|Neu5Gc(a2-8)Neu5Gc(a2-3)Gal; SRC:PUBDICT_GLYCOSMOS|Neu5Gc(a2-8)Neu5Gc(a2-3)Gal			
GSD:5c93c17c-c516-5bff-8b0d-1541c5ea340b	Neu5Gcα2-3Galβ1-4Glc	TRUE	G32969VW	5	2	Neu5Gc(a2-3)Gal(b1-4)Glc; Neu5Gcα2-3Galβ1-4Glc	Neu5Gcα2–3Galβ1–4Glc		IUPAC String	SRC:EOG_VARKI_4E|Neu5Gcα2-3Galβ1-4Glc; SRC:GLYCOEPITOPE|Neu5Gc(a2-3)Gal(b1-4)Glc; SRC:PUBDICTIONARIES-GLYCAN-IMAGE|Neu5Gc(a2-3)Gal(b1-4)Glc; SRC:PUBDICT_GLYCAN_MOTIF|Neu5Gc(a2-3)Gal(b1-4)Glc; SRC:PUBDICT_GLYCOSMOS|Neu5Gc(a2-3)Gal(b1-4)Glc			
GSD:bcffd0e9-2bd8-4763-aa95-0391397f2ce5	NeuAca2-6I	TRUE	G37563FN	1	1	NeuAca2-6I			Glycosphingolipid	SRC:SUGARBIND|NeuAca2-6I			
GSD:3e25cb4b-6057-4270-ab06-6f12f5d4191c	NeuAca3-nLc8	TRUE	G26036PN	1	1	NeuAca3-nLc8			Glycosphingolipid	SRC:SUGARBIND|NeuAca3-nLc8			
GSD:327d81f2-ad01-4696-8dbe-0d53ef86a1bd	NeuGc-GM2	TRUE	G56478LD	1	1	NeuGc-GM2	GM2gc		Glycosphingolipid	SRC:SUGARBIND|NeuGc-GM2			
GSD:0647c7b9-bf1f-4a3e-b65d-47879fc5e7ff	NeuGca2-3I	TRUE	G72494BI; G53517XC	2	2	Neu5Gc(a2-3)Gal; NeuGca2-3I			Glycosphingolipid	SRC:PUBDICT_GLYCOSMOS|Neu5Gc(a2-3)Gal; SRC:SUGARBIND|NeuGca2-3I			
GSD:c983b5f3-2adc-4db8-8a25-782035454a36	nLc4	TRUE	G58896AZ	4	2	Neolactotetraosylceramide; nLc4	neolacto-tetraosylceramide; NLc4; Paragloboside		Glycosphingolipid	SRC:PUBDICTIONARIES-GLYCAN-IMAGE|nLc4; SRC:PUBDICT_GLYCAN_MOTIF|Neolactotetraosylceramide; SRC:PUBDICT_GLYCOSMOS|nLc4; SRC:SUGARBIND|Neolactotetraosylceramide			
GSD:2c77b391-acda-47d8-8143-7858a299a67c	nLc6	TRUE	G84034JH	4	2	Neolactohexosylceramide; nLc6	neolacto-hexaosylceramide; NLc6		Glycosphingolipid	SRC:PUBDICTIONARIES-GLYCAN-IMAGE|nLc6; SRC:PUBDICT_GLYCAN_MOTIF|Neolactohexosylceramide; SRC:PUBDICT_GLYCOSMOS|nLc6; SRC:SUGARBIND|Neolactohexosylceramide			
GSD:f2e65b3c-44eb-4263-af60-80feee7d9f4d	Nojirimycin	TRUE		1	1	Nojirimycin				SRC:PUBDICT_GLYCONAVI_NAME|Nojirimycin			
GSD:00a9532d-c9db-4be3-8b99-b887e9c93f97	nonfucosylated biantennary N-glycan	TRUE		1	1	nonfucosylated biantennary N-glycan		A biantennary glycan with two GlcNAc branches linked to the core and no fucose appears.		SRC:GSD_GLYGEN_V0|nonfucosylated biantennary N-glycan			
GSD:16c6fd08-f6b9-458a-b3c0-dc80fd54f9c8	nonfucosylated N-glycan	TRUE		1	1	nonfucosylated N-glycan		glycans without a fucose component/monosaccharide residue.		SRC:GSD_GLYGEN_V0|nonfucosylated N-glycan			
GSD:eacbb5c9-0c0b-4549-aad3-934ad108e24f	nonfucosylated triantennary N-glycan	TRUE		1	1	nonfucosylated triantennary N-glycan		A triantennary N-linked glycan with three GlcNAc branches linked to the core and no fucose appears.		SRC:GSD_GLYGEN_V0|nonfucosylated triantennary N-glycan			
GSD:b557a57f-2ea1-404a-a7f1-8ef061e6ff1b	nonsialylated N-glycan	TRUE		1	1	nonsialylated N-glycan		A glycan which is not sialylated.		SRC:GSD_GLYGEN_V0|nonsialylated N-glycan			
GSD:009601a6-7c7b-4129-bc71-a72843df644d	Noviose	TRUE		1	1	Noviose				SRC:PUBDICT_GLYCONAVI_NAME|Noviose			
GSD:929ed22f-b4a5-54aa-9c0d-8000b75e4a33	O-acetylated sialic acids	TRUE		1	1	O-acetylated sialic acids	O-acetylated Sias		Named Functional Motif	SRC:EOG_VARKI_4E|O-acetylated sialic acids			
GSD:831262e4-f719-5510-a84a-ee900c77b375	O-antigen	TRUE		1	1	O-antigen	O-PS; O-polysaccharides; lipopolysaccharide O antigen; LPS O antigen		Named Functional Motif	SRC:EOG_VARKI_4E|O-antigen			
GSD:90a94f3e-97fc-5377-bba5-0d13d2766193	O-fucose glycan	TRUE	G39294YF; G08324ZK; G85661BQ	3	2	O-Fucose; O-fucose glycan	O-Fucose Core 1; O-Fucose Core Thrombospondin Type 1	Form of glycosylation where the protein is modified by a fucose residue and can be extended futher to form a tetrasaccharide in certain cases. alpha-linked o-fucose have a consensus motif of C2X4(s/T)C3 where C2 and C3 are conserved cysteines number 2 and 3 respectively of the EGFR like repeats. [Essentials of Glycobiology:Chapter13]	Others	SRC:EOG_VARKI_4E|O-fucose glycan; SRC:GLYCOMOTIF_GGM|O-Fucose; SRC:GSD_GLYGEN_V0|O-fucose glycan			
GSD:48cb33e8-fbc3-4bd5-a7b0-4568f69b2a46	O-fucose glycan / EGF repeat	TRUE	G39294YF; G17931GP	4	3	O-Fucose / EGF repeat; O-fucose glycan / EGF repeat; O-Fucose Glycan /EGF Repeat				SRC:GLYCOEPITOPE|O-Fucose Glycan /EGF Repeat; SRC:PUBDICTIONARIES-GLYCAN-IMAGE|O-fucose glycan / EGF repeat; SRC:PUBDICT_GLYCAN_MOTIF|O-Fucose / EGF repeat; SRC:PUBDICT_GLYCAN_MOTIF|O-Fucose Glycan /EGF Repeat			
GSD:0f1d4f50-c1ce-442d-b509-85753f1af2fa	O-fucose glycan / thrombospondin type 1 repeat	TRUE	G36855WW	4	3	O-Fucose / Thrombospondin Type 1 Repeat; O-fucose glycan / thrombospondin type 1 repeat; O-Fucose Glycan /Thrombospondin Type 1 Repeat				SRC:GLYCOEPITOPE|O-Fucose Glycan /Thrombospondin Type 1 Repeat; SRC:PUBDICTIONARIES-GLYCAN-IMAGE|O-fucose glycan / thrombospondin type 1 repeat; SRC:PUBDICT_GLYCAN_MOTIF|O-Fucose / Thrombospondin Type 1 Repeat; SRC:PUBDICT_GLYCAN_MOTIF|O-Fucose Glycan /Thrombospondin Type 1 Repeat			
GSD:7cee9dd6-9c05-54fc-947b-afca69f08b9e	O-GalNAc core structures	TRUE		1	1	O-GalNAc core structures	O-GalNAc cores; cores 1–4		O-Linked Core	SRC:EOG_VARKI_4E|O-GalNAc core structures			
GSD:fa47b325-2aab-42f9-9d2d-b2499fab770c	O-GalNAc glycans	TRUE		1	1	O-GalNAc glycans	GalNAc-type O-glycans (CLASS)		O-Linked Core	SRC:EOG_VARKI_4E|O-GalNAc glycans			
GSD:365d7f89-b85d-538a-b378-d8b369d75d62	O-GalNAc-linked sialoglycans	TRUE		1	1	O-GalNAc-linked sialoglycans			Others	SRC:EOG_VARKI_4E|O-GalNAc-linked sialoglycans			
GSD:72a2b19d-9040-476b-86e5-091557249774	O-GlcNAc	TRUE	G49108TO; G89565QL	3	1	O-GlcNAc				SRC:GLYCOEPITOPE|O-GlcNAc; SRC:PUBDICT_GLYCAN_MOTIF|O-GlcNAc; SRC:PUBDICT_GLYCOSMOS|O-GlcNAc			
GSD:e3c2f3c1-093c-4a24-82cb-4917c780d3ba	O-GlcNAc	TRUE	G49108TO	1	1	O-GlcNAc			GlycoMotif GGM motif	SRC:GLYCOMOTIF_GGM|O-GlcNAc			
GSD:fde1a212-abf5-4e79-807b-6d212aebd0e4	O-GlcNAc Core EGF Type	TRUE	G66213AR	1	1	O-GlcNAc Core EGF Type			GlycoMotif GGM motif	SRC:GLYCOMOTIF_GGM|O-GlcNAc Core EGF Type			
GSD:d740545e-dea4-57d3-8167-6524292d59ac	O-glucose glycan	TRUE		1	1	O-glucose glycan	O-Glc glycan		Others	SRC:EOG_VARKI_4E|O-glucose glycan			
GSD:a7a4e9f6-8ef6-444b-9e42-2cd15e27177c	O-Glucosylation	TRUE	G71142DF	1	1	O-Glucosylation			GlycoMotif GGM motif	SRC:GLYCOMOTIF_GGM|O-Glucosylation			
GSD:d0dfe91d-737b-59d2-9fa5-746a0d0ed6ad	O-glycan	TRUE		2	2	O-glycan; O-glycans	O-linked oligosaccharide; Ser/Thr-linked glycans	The carbohydrate portion of a glycoprotein that has a glycan linked through the hydroxyl oxygen of serine, threonine, hydroxylysine or hydroxyproline side-chains.[CHEBI:59521]	Others	SRC:EOG_VARKI_4E|O-glycans; SRC:GSD_GLYGEN_V0|O-glycan			
GSD:289b13cc-2bbb-4753-a996-41e50889d16f	O-Glycan core 1	TRUE	G00032MO; G00031MO	1	1	O-Glycan core 1				SRC:PUBDICT_MOTIF_GTC|O-Glycan core 1			
GSD:c230b0f9-30b0-444b-b6f2-67a73f88c144	O-Glycan core 1 fuzzy	TRUE	G00032MO	2	1	O-Glycan core 1 fuzzy			GlycoMotif GGM motif	SRC:GLYCOMOTIF_GGM|O-Glycan core 1 fuzzy; SRC:PUBDICT_GLYCAN_MOTIF|O-Glycan core 1 fuzzy			
GSD:93f2939d-c385-4fec-ad03-54d0b6560a04	O-Glycan core 2 fuzzy	TRUE	G00034MO	2	1	O-Glycan core 2 fuzzy			GlycoMotif GGM motif	SRC:GLYCOMOTIF_GGM|O-Glycan core 2 fuzzy; SRC:PUBDICT_GLYCAN_MOTIF|O-Glycan core 2 fuzzy			
GSD:cf52958a-b1f9-43cc-868c-24f560d6a2ef	O-Glycan core 5 fuzzy	TRUE	G00040MO; G00039MO	5	2	O-Glycan core 5; O-Glycan core 5 fuzzy			GlycoMotif GGM motif	SRC:GLYCOMOTIF_GGM|O-Glycan core 5; SRC:GLYCOMOTIF_GGM|O-Glycan core 5 fuzzy; SRC:PUBDICT_GLYCAN_MOTIF|O-Glycan core 5; SRC:PUBDICT_GLYCAN_MOTIF|O-Glycan core 5 fuzzy; SRC:PUBDICT_MOTIF_GTC|O-Glycan core 5			
GSD:a12e6f28-b3f6-4b7a-8944-7ba64f665122	O-Glycan core 6	TRUE	G00041MO; G00042MO	3	1	O-Glycan core 6			GlycoMotif GGM motif	SRC:GLYCOMOTIF_GGM|O-Glycan core 6; SRC:PUBDICT_GLYCAN_MOTIF|O-Glycan core 6; SRC:PUBDICT_MOTIF_GTC|O-Glycan core 6			
GSD:cf398bf5-a94d-4370-ba99-7337b9c12812	O-Glycan core 6 Fuzzy	TRUE	G00042MO	2	2	O-Glycan core 6 Fuzzy; O-Glycan core 6 fuzzy			GlycoMotif GGM motif	SRC:GLYCOMOTIF_GGM|O-Glycan core 6 fuzzy; SRC:PUBDICT_GLYCAN_MOTIF|O-Glycan core 6 Fuzzy			
GSD:d414ad9f-6a6e-49a6-a674-bb81638fab83	O-Glycan core 7	TRUE	G00043MO; G00044MO	3	1	O-Glycan core 7			GlycoMotif GGM motif	SRC:GLYCOMOTIF_GGM|O-Glycan core 7; SRC:PUBDICT_GLYCAN_MOTIF|O-Glycan core 7; SRC:PUBDICT_MOTIF_GTC|O-Glycan core 7			
GSD:99e86269-0748-43c4-8ab5-d9f8508370d0	O-Glycan core 7 fuzzy	TRUE	G00044MO	2	1	O-Glycan core 7 fuzzy			GlycoMotif GGM motif	SRC:GLYCOMOTIF_GGM|O-Glycan core 7 fuzzy; SRC:PUBDICT_GLYCAN_MOTIF|O-Glycan core 7 fuzzy			
GSD:76258b69-fc66-4bcb-9914-3d84be07f4a0	O-Glycan core 8	TRUE	G76355TG; G39738WL	2	2	O-Glycan core 8; O-Glycan O-GalNAc Core			GlycoMotif GGM motif	SRC:GLYCOMOTIF_GGM|O-Glycan O-GalNAc Core; SRC:GLYCOMOTIF_GGM|O-Glycan core 8			
GSD:680f88c3-77e7-41a0-b25a-eb05067d7f71	O-Glycan core 8 fuzzy	TRUE	G09127IA	1	1	O-Glycan core 8 fuzzy			GlycoMotif GGM motif	SRC:GLYCOMOTIF_GGM|O-Glycan core 8 fuzzy			
GSD:a4a0bc68-489b-4e45-a23a-0d164acf100a	O-Glycan O-Fucose Core	TRUE	G49112ZN	1	1	O-Glycan O-Fucose Core			GlycoMotif GGM motif	SRC:GLYCOMOTIF_GGM|O-Glycan O-Fucose Core			
GSD:1362bb28-6ca2-4295-bbc9-cdfa0ffe133e	O-Glycan O-Mannose Core	TRUE	G76001GO	1	1	O-Glycan O-Mannose Core			GlycoMotif GGM motif	SRC:GLYCOMOTIF_GGM|O-Glycan O-Mannose Core			
GSD:0b39b32b-2f19-537b-a733-8b030a6cf9dd	O-linked fucose	TRUE		1	1	O-linked fucose			O-Linked Core	SRC:EOG_VARKI_4E|O-linked fucose			
GSD:3a5c03e8-e8e4-50e5-9148-03bd2d061521	O-linked Glc-Gal disaccharide	TRUE		1	1	O-linked Glc-Gal disaccharide	O-Linked Glc-Gal		Named Functional Motif	SRC:EOG_VARKI_4E|O-linked Glc-Gal disaccharide			
GSD:2492d774-7ee5-590a-abf8-920a662f7221	O-linked glucose	TRUE		1	1	O-linked glucose			O-Linked Core	SRC:EOG_VARKI_4E|O-linked glucose			
GSD:cfd82c73-ecd9-5aed-afd2-2a8504110238	O-linked keratan sulfate	TRUE		1	1	O-linked keratan sulfate	O-linked KS		Polysaccharide	SRC:EOG_VARKI_4E|O-linked keratan sulfate			
GSD:b0d84bd5-9ed4-50a8-bd4f-4c25eea96d25	O-linked mannose	TRUE	G70323CJ	3	3	O-Linked mannose; O-linked mannose; O-Mannose			O-Linked Core	SRC:CUMMINGS|O-Linked mannose; SRC:EOG_VARKI_4E|O-linked mannose; SRC:PUBDICT_GLYCAN_MOTIF|O-Mannose			
GSD:627dd562-b899-5fd3-8bb3-c5ad42f31300	O-linked N-acetylglucosamine	TRUE	G49108TO	3	2	O-GlcNAc; O-linked N-acetylglucosamine	O-linked GlcNAc; O-β-GlcNAc	Form of glycosylation which exclusively occurs in the mitochondrial, cytoplasmic or nuclear compartments of the cell where the protein is modified by a GlcNAc monosaccharide on the serine or threonine residues and is generally not modified or elongated further to form more complex structures. [Essentials of Glycobiology:Chapter19]	Others	SRC:EOG_VARKI_4E|O-linked N-acetylglucosamine; SRC:GSD_GLYGEN_V0|O-linked N-acetylglucosamine; SRC:PUBDICTIONARIES-GLYCAN-IMAGE|O-GlcNAc			
GSD:eede026a-633a-577e-9f11-044f45476b06	O-linked sialoglycan	TRUE		1	1	O-linked sialoglycan			Others	SRC:EOG_VARKI_4E|O-linked sialoglycan			
GSD:7f2b0e5a-45b8-5366-9e6d-892f75c98d6a	O-mannose glycan	TRUE	G59126YU; G23707SD	6	3	O-Linked mannose; O-Mannose; O-mannose glycan	O-mannosyl glycan; O-Man glycan; O-mannose-based glycan; O-mannose initiated glycans	O-linked glycans that are initiated by the addtion of a Man residue to Ser or Thr. Subsequent extension of the Man defines the O-Man core type, either M1, M2, or M3. The M1 type is initated by addition of a GlcNAc in β-linkage to the 2 position of the Man residue. M2 is initiated by addition of another GlcNAc to the 6 position of the M1 core. M3 is initiated by the addition of a GlcNAc in β-lin...	O-Linked Core	SRC:EOG_VARKI_4E|O-mannose glycan; SRC:GLYCOMOTIF_GDV|O-Linked mannose; SRC:GLYCOMOTIF_GGM|O-Linked mannose; SRC:GLYCOMOTIF_GGM|O-Mannose; SRC:GSD_GLYGEN_V0|O-mannose glycan; SRC:PUBDICT_GLYCAN_MOTIF|O-Linked mannose			
GSD:beff2359-2cad-408e-8b22-817abe640fdd	O-Mannose Lex	TRUE	G72060BE; G81516LH	4	1	O-Mannose Lex	O-Mannose Le^x		GlycoMotif GGM motif	SRC:CUMMINGS|O-Mannose Lex; SRC:GLYCOMOTIF_CCRC|O-Mannose Lex; SRC:GLYCOMOTIF_GGM|O-Mannose Lex; SRC:PUBDICT_GLYCAN_MOTIF|O-Mannose Lex			
GSD:aa9e444d-dbfb-4d59-8f3d-5fd3e35df979	O-mannosyl glycan / mammalian	TRUE	G59126YU; G41959YC	4	3	O-Mannosyl Glycan / Mammalian; O-mannosyl glycan / mammalian; O-Mannosyl Glycan-Mammalian				SRC:GLYCOEPITOPE|O-Mannosyl Glycan / Mammalian; SRC:PUBDICTIONARIES-GLYCAN-IMAGE|O-mannosyl glycan / mammalian; SRC:PUBDICT_GLYCAN_MOTIF|O-Mannosyl Glycan / Mammalian; SRC:PUBDICT_GLYCAN_MOTIF|O-Mannosyl Glycan-Mammalian			
GSD:225a830f-cc4a-42c0-8d60-ffca23cf7ac0	O-mannosyl glycan / yeast	TRUE	G25559RS; G63072CF	4	3	O-Mannosyl Glycan / Yeast; O-mannosyl glycan / yeast; O-Mannosyl Glycan-Yeast				SRC:GLYCOEPITOPE|O-Mannosyl Glycan / Yeast; SRC:PUBDICTIONARIES-GLYCAN-IMAGE|O-mannosyl glycan / yeast; SRC:PUBDICT_GLYCAN_MOTIF|O-Mannosyl Glycan / Yeast; SRC:PUBDICT_GLYCAN_MOTIF|O-Mannosyl Glycan-Yeast			
GSD:a9cdd507-5984-5398-a41a-79a9dc01deb4	O-xylose-linked glycosaminoglycan	TRUE		1	1	O-xylose-linked glycosaminoglycan	O-xylose-linked GAG chains		Others	SRC:EOG_VARKI_4E|O-xylose-linked glycosaminoglycan			
GSD:9aef0d44-859b-4dec-b5a9-120168bf81d7	Oleandrose	TRUE		1	1	Oleandrose				SRC:PUBDICT_GLYCONAVI_NAME|Oleandrose			
GSD:8d7f339e-041d-5fb1-a248-0b53939bc648	oligogalacturonides	TRUE		1	1	oligogalacturonides			Polysaccharide	SRC:EOG_VARKI_4E|oligogalacturonides			
GSD:4128c067-002f-552f-80b1-b1ba152cce73	oligoglucosides	TRUE		1	1	oligoglucosides			Polysaccharide	SRC:EOG_VARKI_4E|oligoglucosides			
GSD:17d4b1f6-7f34-5221-9454-43f9e00c5f98	oligomannose	TRUE		1	1	oligomannose	oligomannosyl structure; mannose chain		Named Structural Motif	SRC:EOG_VARKI_4E|oligomannose			
GSD:8fbb3cd6-990c-57ec-bf3c-e6826c0b93ec	Outer arm fucose	TRUE		1	1	Outer arm fucose	Fucα1-3GlcNAc		N-Glycan Type	SRC:EOG_VARKI_4E|Outer arm fucose			
GSD:cf106ff8-f5cf-494a-a7bd-47029cde0d2b	P antigen	TRUE	G00061MO	11	5	Globoside; Globoside (P antigen) (Gb4); Globoside(P antigen)  (Gb4); P antigen; P-Antigen	GLOB P antigen; P antigen) (Gb4; P antigen; Gb4; Cytolipin K; Globoside I; Globotetraosylceramide	An amino tetrasaccharide consisting of 2-acetamido-2-deoxy-β-D-galactopyranosyl, α-D-galactopyranosyl, β-D-galactopyranosyl, and β-D-glucopyranose units joined together in sequence by (1→3), (1→4), and (1→4) glycosidic linkages, respectively.[CHEBI:145578]	P1PK Blood Group System	SRC:CUMMINGS|Globoside; SRC:EOG_VARKI_4E|P antigen; SRC:GLYCOMOTIF_CCRC|P antigen; SRC:GLYCOMOTIF_GDV|Globoside(P antigen)  (Gb4); SRC:GLYCOMOTIF_GGM|Globoside; SRC:GSD_GLYGEN_V0|P antigen; SRC:PUBDICT_GLYCAN_MOTIF|Globoside (P antigen) (Gb4); SRC:PUBDICT_GLYCAN_MOTIF|Globoside(P antigen)  (Gb4); SRC:PUBDICT_GLYCAN_MOTIF|P antigen; SRC:PUBDICT_GLYCAN_MOTIF|P-Antigen; SRC:PUBDICT_MOTIF_GTC|P-Antigen			
GSD:24ed65cb-f624-5126-8f05-af4d87063b0f	P blood group antigens	TRUE		1	1	P blood group antigens	P-blood group		Named Functional Motif	SRC:EOG_VARKI_4E|P blood group antigens			
GSD:d64e0922-936d-54e7-9182-bf7f2ccdba85	P1 antigen	TRUE	G12460DL; G55205ZV; G00060MO; G00076PK	14	4	P1 Antigen; P1 antigen; P1 penta; P1-Antigen	P1 determinant	An amino pentasaccharide consisting of α-D-galactose, β-D-galactose N-acetyl-α-D-glucosamine, β-D-galactose, and β-D-glucose residues joined in sequence with ((1→4)-, (1→4)-, (1→3)- and (1→4)-linkages, respectively.[CHEBI:68484]	Named Functional Motif	SRC:CUMMINGS|P1 antigen; SRC:EOG_VARKI_4E|P1 antigen; SRC:GLYCOEPITOPE|P1 Antigen; SRC:GLYCOMOTIF_CCRC|P1 antigen; SRC:GLYCOMOTIF_GDV|P1 antigen; SRC:GLYCOMOTIF_GGM|P1 antigen; SRC:GSD_GLYGEN_V0|P1 antigen; SRC:PUBDICTIONARIES-GLYCAN-IMAGE|P1 antigen; SRC:PUBDICT_GLYCAN_MOTIF|P1 antigen; SRC:PUBDICT_GLYCAN_MOTIF|P1-Antigen; SRC:PUBDICT_GLYCONAVI_ABBREV|P1 penta; SRC:PUBDICT_GLYCONAVI_NAME|P1 penta; SRC:PUBDICT_GLYCOSMOS|P1 Antigen; SRC:PUBDICT_MOTIF_GTC|P1-Antigen			
GSD:01e1118f-c2f5-4f62-b4ce-c9acc7dcba7c	P1 tetra	TRUE		2	1	P1 tetra				SRC:PUBDICT_GLYCONAVI_ABBREV|P1 tetra; SRC:PUBDICT_GLYCONAVI_NAME|P1 tetra			
GSD:c3de80b8-fd8b-45f1-9dd5-7013ed57d7d2	P1 tri	TRUE		2	1	P1 tri				SRC:PUBDICT_GLYCONAVI_ABBREV|P1 tri; SRC:PUBDICT_GLYCONAVI_NAME|P1 tri			
GSD:3dea9dc3-48cc-4ee9-87d0-8ecd5cd1d464	panose	TRUE	G44612JM	3	2	Panose; panose				SRC:PUBDICTIONARIES-GLYCAN-IMAGE|panose; SRC:PUBDICT_GLYCONAVI_NAME|Panose; SRC:PUBDICT_GLYCOSMOS|panose			
GSD:5cb29215-6edb-456a-a92c-2aed67ead976	Para-Forssman glycolipid	TRUE	G51699SI; G98848EU	6	2	Para-Forssman glycolipid; para-Forssman glycolipid		GalNAcβ1→3GalNAcβ1→3Galα1→4Galβ1→4Glcβ1→1Cer [https://doi.org/10.1016/S0040-4039(01)93814-6]	GlycoMotif GGM motif	SRC:CUMMINGS|para-Forssman glycolipid; SRC:GLYCOMOTIF_CCRC|para-Forssman glycolipid; SRC:GLYCOMOTIF_GDV|para-Forssman glycolipid; SRC:GLYCOMOTIF_GGM|para-Forssman glycolipid; SRC:GSD_GLYGEN_V0|Para-Forssman glycolipid; SRC:PUBDICT_GLYCAN_MOTIF|para-Forssman glycolipid			
GSD:196b3f22-cd8a-4073-b5eb-667d615db2b4	Para-Lacto-N-neohexaose	TRUE		1	1	Para-Lacto-N-neohexaose			Core structures (Type 2)	SRC:BIOOLIGO|Para-Lacto-N-neohexaose			
GSD:eb2cc2a3-09f1-4c42-b7dd-d33349ea3dea	paragloboside	TRUE	G58896AZ; G40585SO; G48059CD	9	2	Paragloboside; paragloboside		α-Neup5Ac-(2→3)-β-D-Galp-(1→3)-D-GalpNAc in which the configuration at the GalNAc anomeric carbon is α.[CHEBI:65257]	GlycoMotif GGM motif	SRC:CUMMINGS|Paragloboside; SRC:GLYCOEPITOPE|Paragloboside; SRC:GLYCOMOTIF_CCRC|Paragloboside; SRC:GLYCOMOTIF_GDV|Paragloboside; SRC:GLYCOMOTIF_GGM|Paragloboside; SRC:GSD_GLYGEN_V0|paragloboside; SRC:PUBDICTIONARIES-GLYCAN-IMAGE|paragloboside; SRC:PUBDICT_GLYCAN_MOTIF|Paragloboside; SRC:PUBDICT_GLYCOSMOS|Paragloboside			
GSD:85248794-7c3c-4703-9808-bfd5c2c258b6	Paratose	TRUE		1	1	Paratose				SRC:PUBDICT_GLYCONAVI_NAME|Paratose			
GSD:146aba34-600b-5250-8eaa-78b19e76b286	paucimannose N-glycan	TRUE		2	1	paucimannose N-glycan	paucimannosidic N-glycan; paucimannose glycan; Man2-3GlcNAc2; paucimannose-type glycan; paucimannosidic glycan; paucimannose	Any N-linked glycan derivative with composition Man1-4Fuc0-1 GlcNAc2, in which the chitobiose core (GlcNAc2) is intact. Found in relatively large amounts in invertebrates and plants, they are formed by removal of the non-reducing terminal GlcNAc (\added by GlcNAcT1) from GlcNAcMan3-5GlcNAc2 by a Golgi hexosaminidase and subsequent removal of Man residues by Golgi mannosidases. Pauscimannose gly...	N-Linked Type	SRC:EOG_VARKI_4E|paucimannose N-glycan; SRC:GSD_GLYGEN_V0|paucimannose N-glycan			
GSD:995a508c-70c2-50eb-b141-863139196fe1	pectin	TRUE		1	1	pectin			Polysaccharide	SRC:EOG_VARKI_4E|pectin			
GSD:3ecf4bd1-fe95-442e-9fd6-a4c961e9a75e	Peptidoglycan	TRUE	G00023MO	2	1	Peptidoglycan				SRC:PUBDICT_GLYCAN_MOTIF|Peptidoglycan; SRC:PUBDICT_MOTIF_GTC|Peptidoglycan			
GSD:644977b8-6b32-4bd4-a098-be0c0177c3ee	Perosamine	TRUE		1	1	Perosamine				SRC:PUBDICT_GLYCONAVI_NAME|Perosamine			
GSD:d51dc931-a3ca-5b24-a263-ae807bf9cb6e	phosphomannan	TRUE		1	1	phosphomannan			Polysaccharide	SRC:EOG_VARKI_4E|phosphomannan			
GSD:f2f7171a-ce36-5d80-b7f6-0ae02cc92d57	phosphopeptidomannan	TRUE		1	1	phosphopeptidomannan			Polysaccharide	SRC:EOG_VARKI_4E|phosphopeptidomannan			
GSD:94c78688-31d6-41ea-b885-c811f945864d	Pk antigen	TRUE	G00059MO; G06000DZ	11	4	Pk; Pk Antigen; Pk antigen; Pk-Antigen	Galα1-4Galβ1-4Glc		P1PK Blood Group System	SRC:EOG_VARKI_4E|Pk antigen; SRC:GLYCOEPITOPE|Pk Antigen; SRC:GLYCOMOTIF_CCRC|Pk antigen; SRC:GSD_GLYGEN_V0|Pk antigen; SRC:PUBDICTIONARIES-GLYCAN-IMAGE|Pk antigen; SRC:PUBDICT_GLYCAN_MOTIF|Pk antigen; SRC:PUBDICT_GLYCAN_MOTIF|Pk-Antigen; SRC:PUBDICT_GLYCONAVI_ABBREV|Pk; SRC:PUBDICT_GLYCONAVI_NAME|Pk; SRC:PUBDICT_GLYCOSMOS|Pk Antigen; SRC:PUBDICT_MOTIF_GTC|Pk-Antigen			
GSD:7b9f2698-900f-47c6-8064-ce87502d2dca	Pneumosamine	TRUE		1	1	Pneumosamine				SRC:PUBDICT_GLYCONAVI_NAME|Pneumosamine			
GSD:3d662cb0-4335-4119-a2af-521d03812d11	Poly-KDN	TRUE		1	1	Poly-KDN				SRC:GLYCOEPITOPE|Poly-KDN			
GSD:a9009522-45f5-4fc5-ad82-df5e8c11148d	poly-KDN	TRUE	G42911NE	3	2	Poly-KDN; poly-KDN				SRC:PUBDICTIONARIES-GLYCAN-IMAGE|poly-KDN; SRC:PUBDICT_GLYCAN_MOTIF|Poly-KDN; SRC:PUBDICT_GLYCOSMOS|Poly-KDN			
GSD:3414ff02-7a95-507c-b1c0-efdc59904ea2	poly-lacto-N-biose	TRUE		1	1	poly-lacto-N-biose			Polysaccharide Repeating Unit	SRC:EOG_VARKI_4E|poly-lacto-N-biose			
GSD:2cd03630-ad1c-52c7-b888-7c495783fe10	poly-N-acetylglucosamine	TRUE		1	1	poly-N-acetylglucosamine	PNAG		Polysaccharide	SRC:EOG_VARKI_4E|poly-N-acetylglucosamine			
GSD:6b4d591f-cc04-56e8-a565-f8198ae070e4	poly-N-acetyllactosamine	TRUE	G00058MO	3	2	poly-N-acetyllactosamine; Polylactosamine	poly-LacNAc; poly-LN; poly-N-acetyllactosamine sequences; Galβ1-4GlcNAcβ1-3 repeats		Named Functional Motif	SRC:EOG_VARKI_4E|poly-N-acetyllactosamine; SRC:PUBDICT_GLYCAN_MOTIF|Polylactosamine; SRC:PUBDICT_MOTIF_GTC|Polylactosamine			
GSD:3ba55485-7aec-45b4-acc6-0cde9f25ffb0	poly-N-acetylneuraminic acid	TRUE	G80631ZD	4	2	Poly-N-Acetylneuraminic Acid; poly-N-acetylneuraminic acid				SRC:GLYCOEPITOPE|Poly-N-Acetylneuraminic Acid; SRC:PUBDICTIONARIES-GLYCAN-IMAGE|poly-N-acetylneuraminic acid; SRC:PUBDICT_GLYCAN_MOTIF|Poly-N-Acetylneuraminic Acid; SRC:PUBDICT_GLYCOSMOS|Poly-N-Acetylneuraminic Acid			
GSD:1a223014-1b0b-4155-821c-f9f69aa8b422	poly-N-glycolylneuraminic acid	TRUE	G95717TY	4	2	Poly-N-Glycolylneuraminic Acid; poly-N-glycolylneuraminic acid				SRC:GLYCOEPITOPE|Poly-N-Glycolylneuraminic Acid; SRC:PUBDICTIONARIES-GLYCAN-IMAGE|poly-N-glycolylneuraminic acid; SRC:PUBDICT_GLYCAN_MOTIF|Poly-N-Glycolylneuraminic Acid; SRC:PUBDICT_GLYCOSMOS|Poly-N-Glycolylneuraminic Acid			
GSD:197964ba-03d7-5f0a-ae09-b7a7e1fd478c	polyfucose branch	TRUE		1	1	polyfucose branch			Named Functional Motif	SRC:EOG_VARKI_4E|polyfucose branch			
GSD:32f8e4bf-4bce-5880-822c-2bbe9e194237	polyglycosylceramide	TRUE		1	1	polyglycosylceramide			Glycolipid	SRC:EOG_VARKI_4E|polyglycosylceramide			
GSD:99e7e9ac-4324-5ba3-bc57-1c68b48aba2a	polymannose	TRUE		1	1	polymannose	poly(Manα1-6); poly(Manα1-6)n backbone		Polysaccharide Repeating Unit	SRC:EOG_VARKI_4E|polymannose			
GSD:b3b96d8e-5d7b-5cd5-adce-1c284a2a8086	polymannosyl N-glycan	TRUE		1	1	polymannosyl N-glycan			N-Linked Type	SRC:EOG_VARKI_4E|polymannosyl N-glycan			
GSD:68aeaab4-aaf3-5255-adab-08c0a0d5453d	polysaccharide A	TRUE		1	1	polysaccharide A			Polysaccharide	SRC:EOG_VARKI_4E|polysaccharide A			
GSD:bbaf1170-1d3f-55a0-946d-268cf8f7fa4d	polysialic acid	TRUE	G00065MO; G77612ZC	5	2	Polysialic acid; polysialic acid	polySia; PSA		Polysaccharide	SRC:CUMMINGS|Polysialic acid; SRC:EOG_VARKI_4E|polysialic acid; SRC:GLYCOMOTIF_GGM|Polysialic acid; SRC:GSD_GLYGEN_V0|polysialic acid; SRC:PUBDICT_GLYCAN_MOTIF|Polysialic acid			
GSD:630edab2-70df-4281-9437-1890f9de9636	primeverose	TRUE	G82276DL	3	2	Primeverose; primeverose				SRC:PUBDICTIONARIES-GLYCAN-IMAGE|primeverose; SRC:PUBDICT_GLYCONAVI_NAME|Primeverose; SRC:PUBDICT_GLYCOSMOS|primeverose			
GSD:78ce0d7e-50a2-5e7b-aba2-98aa9bb1ef3d	pseudomurein	TRUE		1	1	pseudomurein	pseudopeptidoglycan		Polysaccharide	SRC:EOG_VARKI_4E|pseudomurein			
GSD:78cca6a4-5e3d-41c8-839d-87844511b1ec	Psicose	TRUE		1	1	Psicose				SRC:PUBDICT_GLYCONAVI_NAME|Psicose			
GSD:768c49b4-c1f5-45c0-9fab-d5e481e801d9	Purpurosamine C	TRUE		1	1	Purpurosamine C				SRC:PUBDICT_GLYCONAVI_NAME|Purpurosamine C			
GSD:ef1133aa-4dac-4ab7-88f0-81f1ef0518d7	Quinovosamine	TRUE		1	1	Quinovosamine				SRC:PUBDICT_GLYCONAVI_NAME|Quinovosamine			
GSD:d1d51502-8ae2-4742-949f-a020f870250a	Quinovose	TRUE		1	1	Quinovose				SRC:PUBDICT_GLYCONAVI_NAME|Quinovose			
GSD:e3ef0583-e447-564b-8ece-c17fb722d0c7	R-linked α-N-acetylglucosamine	TRUE		1	1	R-linked α-N-acetylglucosamine	arginine-linked α-GlcNAc		Others	SRC:EOG_VARKI_4E|R-linked α-N-acetylglucosamine			
GSD:311d11b4-4abe-5b2e-942a-596c17524017	raffinose	TRUE		4	4	Nigerose; Planteose; Raffinose; raffinose			Polysaccharide	SRC:EOG_VARKI_4E|raffinose; SRC:PUBDICT_GLYCONAVI_NAME|Nigerose; SRC:PUBDICT_GLYCONAVI_NAME|Planteose; SRC:PUBDICT_GLYCONAVI_NAME|Raffinose			
GSD:3cdfb79a-6c27-4dc8-9749-3b3d9fb7060f	Rhamnitol	TRUE		1	1	Rhamnitol				SRC:PUBDICT_GLYCONAVI_NAME|Rhamnitol			
GSD:ff4ec627-d237-5bcb-a389-251ba334d130	rhamnogalacturonan	TRUE		1	1	rhamnogalacturonan			Polysaccharide	SRC:EOG_VARKI_4E|rhamnogalacturonan			
GSD:7fc01df9-8288-52ae-934e-2e65dfab5a1d	Rhamnogalacturonan-I	TRUE		1	1	Rhamnogalacturonan-I	RG-I		Polysaccharide	SRC:EOG_VARKI_4E|Rhamnogalacturonan-I			
GSD:32bec96f-bd7c-5876-85ff-5a7ef6c01be7	Rhamnogalacturonan-II	TRUE		1	1	Rhamnogalacturonan-II	RG-II		Polysaccharide	SRC:EOG_VARKI_4E|Rhamnogalacturonan-II			
GSD:97e3ae1b-7f96-5148-8f6f-02eea317eef6	rhamnomannan	TRUE		1	1	rhamnomannan			Polysaccharide	SRC:EOG_VARKI_4E|rhamnomannan			
GSD:83147174-46e5-4322-969c-b83248290682	Rhamnosamine	TRUE		1	1	Rhamnosamine				SRC:PUBDICT_GLYCONAVI_NAME|Rhamnosamine			
GSD:95106596-e197-4332-82ec-3f9e6abfa944	Rhamnose	TRUE		1	1	Rhamnose				SRC:PUBDICT_GLYCONAVI_NAME|Rhamnose			
GSD:cffe0795-a801-4cbc-a64b-ddf25210f12a	Rhodinose	TRUE		1	1	Rhodinose				SRC:PUBDICT_GLYCONAVI_NAME|Rhodinose			
GSD:581d589f-1cff-4a74-897b-b5676648418b	Rhodosamine	TRUE		1	1	Rhodosamine				SRC:PUBDICT_GLYCONAVI_NAME|Rhodosamine			
GSD:ea48d1b4-1236-4354-8a15-07eeef3ef300	Ribose	TRUE		1	1	Ribose				SRC:PUBDICT_GLYCONAVI_NAME|Ribose			
GSD:efd1837f-5544-4594-b0aa-8ca3e92473d3	Ribulose	TRUE		1	1	Ribulose				SRC:PUBDICT_GLYCONAVI_NAME|Ribulose			
GSD:20f8cecb-eca0-4636-8263-f286a02e69cc	rutinose	TRUE	G68857PG	3	2	Rutinose; rutinose				SRC:PUBDICTIONARIES-GLYCAN-IMAGE|rutinose; SRC:PUBDICT_GLYCONAVI_NAME|Rutinose; SRC:PUBDICT_GLYCOSMOS|rutinose			
GSD:7dfddd82-e3ae-57a6-a604-155faf7ca2a8	S-linked glucose	TRUE		1	1	S-linked glucose	S-linked Glcp		Others	SRC:EOG_VARKI_4E|S-linked glucose			
GSD:6665fe0e-6633-4e77-a508-85e908534d5f	Sai2-3Gal	TRUE	G77824XV; G30207PZ	1	1	Sai2-3Gal				SRC:SUGARBIND|Sai2-3Gal			
GSD:7d9f45c3-795f-43e9-9ef8-3da26d4d9236	Sarmentose	TRUE		1	1	Sarmentose				SRC:PUBDICT_GLYCONAVI_NAME|Sarmentose			
GSD:cadabd03-d656-4bab-b508-2e1074b53d1a	SD1a	TRUE	G63813EJ	4	1	SD1a				SRC:GLYCOEPITOPE|SD1a; SRC:PUBDICTIONARIES-GLYCAN-IMAGE|SD1a; SRC:PUBDICT_GLYCAN_MOTIF|SD1a; SRC:PUBDICT_GLYCOSMOS|SD1a			
GSD:9bca4dac-0b6f-50fb-9ef6-a9ac73ee810f	Sda antigen	TRUE	G41052GC; G00062MO	11	4	CT/Sda; SDA; Sda antigen; Sda/CT antigen	Sd(A); Sd^a/CT antigen	A branched amino tetrasaccharide comprised of a trisaccharide chain of N-acetyl-α-neuraminic acid, β-D-galactose and N-acetyl-β-D-glucosamine residues linked sequentially (2→3) and (1→4), to the galactose residue of which is also linked (1→4) an N-acetyl-β-L-galactosamine residue. [CHEBI:71561]	Named Functional Motif	SRC:CUMMINGS|Sda/CT antigen; SRC:EOG_VARKI_4E|Sda antigen; SRC:GLYCOMOTIF_CCRC|Sda/CT antigen; SRC:GLYCOMOTIF_GDV|Sda/CT antigen; SRC:GLYCOMOTIF_GGM|Sda/CT antigen; SRC:GSD_GLYGEN_V0|Sda antigen; SRC:PUBDICT_GLYCAN_MOTIF|SDA; SRC:PUBDICT_GLYCAN_MOTIF|Sda/CT antigen; SRC:PUBDICT_GLYCONAVI_ABBREV|CT/Sda; SRC:PUBDICT_GLYCONAVI_NAME|CT/Sda; SRC:PUBDICT_MOTIF_GTC|SDA			
GSD:b1abc544-7bc2-4a4f-9faa-20903082a488	Sedoheptulosan	TRUE		1	1	Sedoheptulosan				SRC:PUBDICT_GLYCONAVI_NAME|Sedoheptulosan			
GSD:4ab1088f-978b-4722-a928-4dad8f50b6eb	Sedoheptulose	TRUE		1	1	Sedoheptulose				SRC:PUBDICT_GLYCONAVI_NAME|Sedoheptulose			
GSD:61fc05da-859e-45a7-af36-8b943a7bfbe0	seminolipid	TRUE	G72548RZ; G95090DW	6	2	Seminolipid; seminolipid			Glyceroglycolipid	SRC:CUMMINGS|Seminolipid; SRC:GLYCOMOTIF_GDV|Seminolipid; SRC:GLYCOMOTIF_GGM|Seminolipid; SRC:GSD_GLYGEN_V0|seminolipid; SRC:PUBDICT_GLYCAN_MOTIF|Seminolipid; SRC:SUGARBIND|Seminolipid			
GSD:fda9b128-bf72-4dac-8897-7a1ae4bbc58a	Sia(a2-8)Sia(a2-3)Gal	TRUE	G82775QT	1	1	Sia(a2-8)Sia(a2-3)Gal				SRC:PUBDICT_GLYCAN_MOTIF|Sia(a2-8)Sia(a2-3)Gal			
GSD:8c75b6df-877e-4b4d-800b-78b4f0309a8f	Sia2TF	TRUE		1	1	Sia2TF			Sialylated oligosaccharide (Type 1)	SRC:BIOOLIGO|Sia2TF			
GSD:57f2b53e-e27a-4a5b-ad31-4ad1c574406b	Sialic Acid	TRUE	G81533KY	1	1	Sialic Acid				SRC:PUBDICT_GLYCAN_MOTIF|Sialic Acid			
GSD:b149418a-ba3f-56cb-aaef-e93051829234	sialofucosylated glycolipid	TRUE		1	1	sialofucosylated glycolipid			Glycolipid	SRC:EOG_VARKI_4E|sialofucosylated glycolipid			
GSD:85de55d3-c7bc-5196-9eb1-80795c555e3e	sialoglycan	TRUE		1	1	sialoglycan	Sia-containing glycan; sialic acid-containing glycan		Others	SRC:EOG_VARKI_4E|sialoglycan			
GSD:3b6347fa-116a-58bd-94ef-2398080b4861	sialoglycan polymer	TRUE		1	1	sialoglycan polymer			Polysaccharide	SRC:EOG_VARKI_4E|sialoglycan polymer			
GSD:b157895c-4432-56f2-b984-d30820a25a33	sialoglycolipid	TRUE		1	1	sialoglycolipid			Glycolipid	SRC:EOG_VARKI_4E|sialoglycolipid			
GSD:b7195725-a7d4-4717-afe0-2c903c708c2e	sialopentaosylceramide	TRUE	G13224CR; G96400MT	6	2	Sialopentaosylceramide; sialopentaosylceramide		A ganglioside in which the oligosaccharide portion is composed of a pentasaccharide containing one or more sialic acid residues.[CHEBI:36542]	GlycoMotif GGM motif	SRC:CUMMINGS|Sialopentaosylceramide; SRC:GLYCOMOTIF_CCRC|Sialopentaosylceramide; SRC:GLYCOMOTIF_GDV|Sialopentaosylceramide; SRC:GLYCOMOTIF_GGM|Sialopentaosylceramide; SRC:GSD_GLYGEN_V0|sialopentaosylceramide; SRC:PUBDICT_GLYCAN_MOTIF|Sialopentaosylceramide			
GSD:6580fbd2-fc40-47bb-875e-1cfbbfe285f0	sialosyl paragloboside	TRUE	G50123ZO; G01767JJ; G00065MO; G98750DB	12	5	2-3 Sialylparagloboside; 2-3 sialylparagloboside; Sialosyl paragloboside; sialosyl paragloboside; Sialosylparagloboside	S3P; NeuAca3SPG; IV3(NeuAc)nLc4Cer; Sial pg; NeuAca2-3PG; S-3-PG	α-Neup5Ac-(2→3)-β-D-Galp-(1→4)-D-GlcpNAc with β configuration at the anomeric position of the reducing-end N-acetyl-D-glucosamine residue.[CHEBI:71612]	Glycosphingolipid	SRC:CUMMINGS|Sialosyl paragloboside; SRC:GLYCOEPITOPE|2-3 Sialylparagloboside; SRC:GLYCOMOTIF_CCRC|Sialosyl paragloboside; SRC:GLYCOMOTIF_GDV|Sialosyl paragloboside; SRC:GLYCOMOTIF_GGM|Sialosyl paragloboside; SRC:GSD_GLYGEN_V0|sialosyl paragloboside; SRC:PUBDICTIONARIES-GLYCAN-IMAGE|2-3 sialylparagloboside; SRC:PUBDICT_GLYCAN_MOTIF|2-3 Sialylparagloboside; SRC:PUBDICT_GLYCAN_MOTIF|Sialosyl paragloboside; SRC:PUBDICT_GLYCAN_MOTIF|Sialosylparagloboside; SRC:PUBDICT_GLYCOSMOS|2-3 Sialylparagloboside; SRC:SUGARBIND|Sialosylparagloboside			
GSD:7498e0fb-3377-4ee2-8c37-33f0232748e8	sialyl 6-sulfo LacNAc	TRUE	G99745QX	4	2	Sialyl 6-Sulfo LacNAc; sialyl 6-sulfo LacNAc				SRC:GLYCOEPITOPE|Sialyl 6-Sulfo LacNAc; SRC:PUBDICTIONARIES-GLYCAN-IMAGE|sialyl 6-sulfo LacNAc; SRC:PUBDICT_GLYCAN_MOTIF|Sialyl 6-Sulfo LacNAc; SRC:PUBDICT_GLYCOSMOS|Sialyl 6-Sulfo LacNAc			
GSD:b9a8ac87-9c22-4564-ba02-295c1c6550cd	Sialyl Leaglycolipid	TRUE	G91326YS	3	2	Sialyl Lea glycolipid; Sialyl Leaglycolipid			GlycoMotif CCRC motif	SRC:CUMMINGS|Sialyl Leaglycolipid; SRC:GLYCOMOTIF_CCRC|Sialyl Lea glycolipid; SRC:PUBDICT_GLYCAN_MOTIF|Sialyl Lea glycolipid			
GSD:89e36335-2fea-5ef3-a3a8-559985883dad	sialyl Lewis a	TRUE	G00053MO; G50321QR; G91326YS; G81971FM; G16258KS	20	10	Sialyl Lewis a; sialyl Lewis a; Sialyl Lewis a (SLea)  (CA19-9 antigen); Sialyl Lewis a (SLea)(CA19-9 antigen); Sialyl Lewis a glycolipid; Sialyl Lewis a tetraose (SLea); sialyl-Lea; Sialyl-Lewis A; Slea; sLeA	SLea; SLe^a; Slea; sLea; sLeA; sialyl-Lea; NeuAca3-Lea; SLea) (CA19-9 antigen; CA19-9 antigen	A sialyated version of Lewis A with a branched structure of amino tetrasaccharide consisting of a sialyl residue, linked (2→3) to a galactosyl residue that in turn is linked (1→3) to a glucosaminyl residue at the reducing end, which is also carrying a fucosyl residue at the 4-position.[CHEBI:62681]	Named Functional Motif	SRC:BIOOLIGO|Sialyl Lewis a tetraose (SLea); SRC:CUMMINGS|Sialyl Lewis a; SRC:EOG_VARKI_4E|sialyl Lewis a; SRC:GLYCOEPITOPE|Sialyl Lewis a; SRC:GLYCOMOTIF_CCRC|Sialyl Lewis a; SRC:GLYCOMOTIF_GDV|Sialyl Lewis a (SLea)  (CA19-9 antigen); SRC:GLYCOMOTIF_GDV|Sialyl Lewis a glycolipid; SRC:GLYCOMOTIF_GGM|Sialyl Lewis a; SRC:GSD_GLYGEN_V0|sialyl Lewis a; SRC:PUBDICTIONARIES-GLYCAN-IMAGE|sialyl Lewis a; SRC:PUBDICT_GLYCAN_MOTIF|Sialyl Lewis a; SRC:PUBDICT_GLYCAN_MOTIF|Sialyl Lewis a (SLea)  (CA19-9 antigen); SRC:PUBDICT_GLYCAN_MOTIF|Sialyl Lewis a (SLea)(CA19-9 antigen); SRC:PUBDICT_GLYCAN_MOTIF|Sialyl Lewis a glycolipid; SRC:PUBDICT_GLYCAN_MOTIF|Slea; SRC:PUBDICT_GLYCOSMOS|Sialyl Lewis a; SRC:PUBDICT_GLYCOSMOS|sialyl-Lea; SRC:PUBDICT_MOTIF_GTC|Sialyl-Lewis A; SRC:PUBDICT_MOTIF_GTC|sLeA; SRC:SUGARBIND|Sialyl Lewis a			
GSD:0a691ed2-41ee-4a42-a1b1-848bc211ceaa	Sialyl Lewis a/x Like	TRUE	G25705KO	1	1	Sialyl Lewis a/x Like				SRC:PUBDICT_GLYCAN_MOTIF|Sialyl Lewis a/x Like			
GSD:6065c033-b855-4854-9681-32799c3d2bc6	sialyl Lewis c	TRUE	G46776WR	7	4	3′-Sialyl-Lewis c; Sialyl Lewis c; sialyl Lewis c; Sialyl-Lewis c	SLec; SaiLec		Lewis antigens	SRC:BIOOLIGO|3′-Sialyl-Lewis c; SRC:GLYCOEPITOPE|Sialyl Lewis c; SRC:PUBDICTIONARIES-GLYCAN-IMAGE|sialyl Lewis c; SRC:PUBDICT_GLYCAN_MOTIF|Sialyl Lewis c; SRC:PUBDICT_GLYCAN_MOTIF|Sialyl-Lewis c; SRC:PUBDICT_GLYCOSMOS|Sialyl Lewis c; SRC:SUGARBIND|Sialyl Lewis c			
GSD:32e928fb-1550-5e0a-945f-2218ac79b83c	sialyl Lewis x	TRUE	G00054MO; G96401FK	18	8	Sialyl Lewis X; Sialyl Lewis x; sialyl Lewis x; Sialyl Lewis x (SLex); Sialyl Lewis X (sLeX) pentaose; Sialyl-Lewis X; Slex; sLeX	SLe(x); SLe^x; SLex; Slex; sLex; sLeX; sialyl-Lex; NeuAca3-Lex; SaiLex	A sialylated version of Lewis X antigen expressed on cell surfaces with structure alpha-Neup5Ac-(2-&gt;3)-beta-D-Galp-(1-&gt;4)-[alpha-L-Fucp-(1-&gt;3)]-beta-D-GlcpNAcis α-Neup5Ac-(2→3)-β-D-Galp-(1→4)-[α-L-Fucp-(1→3)]-D-GlcpNAc in which the anomeric configuration of the reducing-end N-acetyl-beta-D-glucosamine residue is beta. It is a ligand for selectins. [MESH:2030970,CHEI:71622]	Named Functional Motif	SRC:BIOOLIGO|Sialyl Lewis X (sLeX) pentaose; SRC:CUMMINGS|Sialyl Lewis x; SRC:EOG_VARKI_4E|sialyl Lewis x; SRC:GLYCOEPITOPE|Sialyl Lewis x; SRC:GLYCOMOTIF_CCRC|Sialyl Lewis x; SRC:GLYCOMOTIF_GDV|Sialyl Lewis x (SLex); SRC:GLYCOMOTIF_GGM|Sialyl Lewis x; SRC:GSD_GLYGEN_V0|sialyl Lewis x; SRC:PUBDICTIONARIES-GLYCAN-IMAGE|sialyl Lewis x; SRC:PUBDICT_GLYCAN_MOTIF|Sialyl Lewis x; SRC:PUBDICT_GLYCAN_MOTIF|Sialyl Lewis x (SLex); SRC:PUBDICT_GLYCAN_MOTIF|Sialyl-Lewis X; SRC:PUBDICT_GLYCAN_MOTIF|Slex; SRC:PUBDICT_GLYCOSMOS|Sialyl Lewis x; SRC:PUBDICT_MOTIF_GTC|Sialyl Lewis X; SRC:PUBDICT_MOTIF_GTC|Sialyl-Lewis X; SRC:PUBDICT_MOTIF_GTC|sLeX; SRC:SUGARBIND|Sialyl Lewis x			
GSD:d9f72ae6-e27f-4cd6-8bb0-a033813a581d	Sialyl Lewis x Lewis x	TRUE	G45215IJ	1	1	Sialyl Lewis x Lewis x	NeuAca3-dimer-Lex; SDLex		Glycosphingolipid	SRC:SUGARBIND|Sialyl Lewis x Lewis x			
GSD:314fa931-c71a-4fc8-a467-409f7a0862a3	sialyl Lewis x-i antigen	TRUE	G06597DS	5	2	Sialyl Lewis x-i; sialyl Lewis x-i antigen				SRC:GLYCOEPITOPE|Sialyl Lewis x-i; SRC:GSD_GLYGEN_V0|sialyl Lewis x-i antigen; SRC:PUBDICTIONARIES-GLYCAN-IMAGE|sialyl Lewis x-i antigen; SRC:PUBDICT_GLYCAN_MOTIF|Sialyl Lewis x-i; SRC:PUBDICT_GLYCOSMOS|Sialyl Lewis x-i			
GSD:65e6cb17-b6e0-4548-83c1-6dd8fdf13c42	sialyl T antigen	TRUE	G65562ZE; G56299XO	6	2	Sialyl T antigen; sialyl T antigen		Alpha-Neup5Ac-(2→3)-beta-D-Galp-(1→3)-alpha-D-GalpNAc is alpha-Neup5Ac-(2→3)-beta-D-Galp-(1→3)-D-GalpNAc in which the configuration at the GalNAc anomeric carbon is alpha. It has a role as an epitope.[CHEBI:65257]	GlycoMotif GGM motif	SRC:CUMMINGS|Sialyl T antigen; SRC:GLYCOMOTIF_CCRC|Sialyl T antigen; SRC:GLYCOMOTIF_GDV|Sialyl T antigen; SRC:GLYCOMOTIF_GGM|Sialyl T antigen; SRC:GSD_GLYGEN_V0|sialyl T antigen; SRC:PUBDICT_GLYCAN_MOTIF|Sialyl T antigen			
GSD:562a7a4f-9d8e-5682-ab69-9673ba3599c6	sialyl Tn antigen	TRUE	G36123IU; G08371CD; G38301SX	7	4	Sialyl Tn Antigen; Sialyl Tn antigen; sialyl Tn antigen; sialyl-Tn	sialyl-Tn antigen; sTn antigen; Neu5Acα2-6GalNAcα	N-acetyl-alpha-neuraminyl-(2→6)-N-acetyl-alpha-D-galactosamine is an N-acetyl-alpha-neuraminyl-(2→6)-N-acetyl-D-galactosamine in which the carbon bearing the anomeric hydroxy group has alpha configuration. It has a role as an epitope. It derives from a N-acetyl-alpha-D-galactosamine and a N-acetyl-alpha-neuraminic acid.[CHEBI:61818]	Named Functional Motif	SRC:EOG_VARKI_4E|sialyl-Tn; SRC:GLYCOMOTIF_GDV|Sialyl Tn antigen; SRC:GLYCOMOTIF_GGM|Sialyl Tn antigen; SRC:GSD_GLYGEN_V0|sialyl Tn antigen; SRC:PUBDICTIONARIES-GLYCAN-IMAGE|sialyl Tn antigen; SRC:PUBDICT_GLYCAN_MOTIF|Sialyl Tn antigen; SRC:PUBDICT_GLYCOSMOS|Sialyl Tn Antigen			
GSD:87e77fa6-a0eb-4fee-b7cf-71c69720ac34	Sialyl-3-lactose	TRUE	G91237TK; G56516VH	2	1	Sialyl-3-lactose	Alpha 2-3 sialyllactose; 3′SL			SRC:PUBDICT_GLYCAN_MOTIF|Sialyl-3-lactose; SRC:SUGARBIND|Sialyl-3-lactose			
GSD:56c1c4e3-2f6b-59db-b7c5-46e6567feea0	sialyl-Tn antigen	TRUE		4	4	Sialyl Tn Antigen; Sialyl Tn antigen; sialyl-Tn antigen; STn	sTn		Named Functional Motif	SRC:CUMMINGS|Sialyl Tn antigen; SRC:EOG_VARKI_4E|sialyl-Tn antigen; SRC:GLYCOEPITOPE|Sialyl Tn Antigen; SRC:PUBDICT_GLYCONAVI_NAME|STn			
GSD:2af27ed8-674b-5471-adb0-e8456d8f0ea1	sialylated biantennary N-glycan	TRUE		2	1	sialylated biantennary N-glycan	sialyl biantennary	A binantennary glycan with one or two sialic acid residues as non-reducing terminal residues on one or both antennae. [RN]	N-Linked Type	SRC:EOG_VARKI_4E|sialylated biantennary N-glycan; SRC:GSD_GLYGEN_V0|sialylated biantennary N-glycan			
GSD:13c3b217-f4d2-5e5f-9349-c2754539e341	sialylated complex-type N-glycan	TRUE		2	1	sialylated complex-type N-glycan	sialo-complex type; complex sialylated N-glycan; complex-type sialylated glycan	Complex N-linked glycan that have added GlcNAc residues at both the α-3 and α-6 mannose sites and do not contain mannose residues apart from the core structure but with sialic acid residues.	N-Linked Type	SRC:EOG_VARKI_4E|sialylated complex-type N-glycan; SRC:GSD_GLYGEN_V0|sialylated complex-type N-glycan			
GSD:35ef481e-71f9-5f52-8643-a36b9c465ab7	sialylated glycolipid	TRUE		1	1	sialylated glycolipid			Glycolipid	SRC:EOG_VARKI_4E|sialylated glycolipid			
GSD:7d7d82c3-15e3-546f-a46d-f6187b6cbf2c	sialylated glycosphingolipid	TRUE		1	1	sialylated glycosphingolipid			Glycolipid	SRC:EOG_VARKI_4E|sialylated glycosphingolipid			
GSD:4e77fa02-7b3e-4502-961c-eb3128018267	sialylated LacdiNAc	TRUE	G55583HW	7	3	sialylated LacdiNAc; Sialylated LDN; Sialylated LDN [6-SLDN]	sialylated-LacdiNAc; Sialylated LDN		Miscellaneous (LDN-related oligosaccharides)	SRC:BIOOLIGO|Sialylated LDN [6-SLDN]; SRC:CUMMINGS|Sialylated LDN; SRC:GLYCOMOTIF_CCRC|Sialylated LDN; SRC:GLYCOMOTIF_GDV|Sialylated LDN; SRC:GLYCOMOTIF_GGM|Sialylated LDN; SRC:GSD_GLYGEN_V0|sialylated LacdiNAc; SRC:PUBDICT_GLYCAN_MOTIF|Sialylated LDN			
GSD:d6d5d9b1-e690-541d-b5fb-6b58d336553a	sialylated N-acetyllactosamine	TRUE		1	1	sialylated N-acetyllactosamine			Named Functional Motif	SRC:EOG_VARKI_4E|sialylated N-acetyllactosamine			
GSD:66cd1dd7-b3bf-5df6-b3c3-69e6354149e1	sialylated N-glycan	TRUE		1	1	sialylated N-glycan			N-Linked Type	SRC:EOG_VARKI_4E|sialylated N-glycan			
GSD:2f79f606-6a5c-5ac0-ae1f-b931f02464ef	sialylated O-GalNAc glycan	TRUE		1	1	sialylated O-GalNAc glycan			O-Linked Core	SRC:EOG_VARKI_4E|sialylated O-GalNAc glycan			
GSD:846e7a18-60cf-5ee0-bc8a-337519077430	sialylated O-glycan	TRUE		1	1	sialylated O-glycan			O-Linked Core	SRC:EOG_VARKI_4E|sialylated O-glycan			
GSD:8e044e80-03e0-433f-84b8-89c3b621e02a	sialylated tetraantennary N-glycan	TRUE		1	1	sialylated tetraantennary N-glycan		A tetraantennary glycan with four GlcNAc branches linked to the core and the addition of one sialic acid residues.		SRC:GSD_GLYGEN_V0|sialylated tetraantennary N-glycan			
GSD:dd02e662-7e97-4ecf-a796-0617bbafbc86	Sialylated tetraose type	TRUE		1	1	Sialylated tetraose type			Sialylated oligosaccharide (Type 1)	SRC:BIOOLIGO|Sialylated tetraose type			
GSD:1f64d5a9-7579-4ad2-95cc-13256c788bb2	Sialylated tetraose type 1	TRUE		1	1	Sialylated tetraose type 1			Sialylated oligosaccharide (Type 1)	SRC:BIOOLIGO|Sialylated tetraose type 1			
GSD:11202984-bddb-45f1-8290-ec4c55c3bb32	Sialylated tetraose type 2	TRUE		1	1	Sialylated tetraose type 2			Sialylated oligosaccharide (Type 2)	SRC:BIOOLIGO|Sialylated tetraose type 2			
GSD:57a357c5-daaf-4b6a-b6c1-7ea63e8dd54c	Sialylated triose type 1	TRUE		1	1	Sialylated triose type 1			Sialylated oligosaccharide (Type 1)	SRC:BIOOLIGO|Sialylated triose type 1			
GSD:102c8571-7a47-45a8-9237-8b37da4448c4	Sialyllacto-N-neotetraose	TRUE	G72506RN	2	2	LSTc pentasaccharide; Sialyllacto-N-neotetraose	Sai-LNnT		Glycosphingolipid	SRC:SUGARBIND|LSTc pentasaccharide; SRC:SUGARBIND|Sialyllacto-N-neotetraose			
GSD:75e78000-a05e-4f0f-8d44-06fb7e7669d3	Sialyllacto-N-tetraose b	TRUE	G32417JV	3	2	LS tetrasaccharide b; Sialyllacto-N-tetraose b	LSTb		Glycosphingolipid	SRC:BIOOLIGO|LS tetrasaccharide b; SRC:PUBDICT_GLYCAN_MOTIF|Sialyllacto-N-tetraose b; SRC:SUGARBIND|Sialyllacto-N-tetraose b			
GSD:a0cd115f-d182-4ddd-9edf-234242a5b000	Sialyllactotetraosylceramide	TRUE	G72692DY; G79536OW	1	1	Sialyllactotetraosylceramide			Glycosphingolipid	SRC:SUGARBIND|Sialyllactotetraosylceramide			
GSD:96329dbf-4f65-50bc-899b-539e25568d12	Siaα2-3Galβ1-4GlcNAc	TRUE		1	1	Siaα2-3Galβ1-4GlcNAc			IUPAC String	SRC:EOG_VARKI_4E|Siaα2-3Galβ1-4GlcNAc			
GSD:e04fcc39-8f52-5bae-8af2-bd7eafdf3b15	Siaα2-6Galβ1-4GlcNAc	TRUE	G03509EL	2	2	2-6 sialyl-LacNAc-Gal; Siaα2-6Galβ1-4GlcNAc			IUPAC String	SRC:EOG_VARKI_4E|Siaα2-6Galβ1-4GlcNAc; SRC:PUBDICTIONARIES-GLYCAN-IMAGE|2-6 sialyl-LacNAc-Gal			
GSD:a0eaef32-7922-4a41-b960-4810c6b2d05e	SLex on Core 2	TRUE	G71121NN; G97345NY	7	3	SLex Core 2 O-glycan; SLex Core 2 O-glycan glycan; SLex on Core 2	SLe^x Core 2 O-glycan		Core structures (Type 2)	SRC:BIOOLIGO|SLex on Core 2; SRC:CUMMINGS|SLex Core 2 O-glycan glycan; SRC:GLYCOMOTIF_CCRC|SLex Core 2 O-glycan glycan; SRC:GLYCOMOTIF_GDV|SLex Core 2 O-glycan glycan; SRC:GLYCOMOTIF_GGM|SLex Core 2 O-glycan; SRC:PUBDICT_GLYCAN_MOTIF|SLex Core 2 O-glycan; SRC:PUBDICT_GLYCAN_MOTIF|SLex Core 2 O-glycan glycan			
GSD:c7c531b7-dcba-4a3e-9ccf-18545c774c04	SLex-Lex (SDLeX)	TRUE		1	1	SLex-Lex (SDLeX)			Lewis antigens	SRC:BIOOLIGO|SLex-Lex (SDLeX)			
GSD:29df5d17-c438-446d-818d-24c117042b40	SLex-Lex-Lex	TRUE		1	1	SLex-Lex-Lex			Lewis antigens	SRC:BIOOLIGO|SLex-Lex-Lex			
GSD:7f747c20-dbac-4427-89e2-788cc4fd90ca	SM3	TRUE	G20044TD	4	1	SM3				SRC:GLYCOEPITOPE|SM3; SRC:PUBDICTIONARIES-GLYCAN-IMAGE|SM3; SRC:PUBDICT_GLYCAN_MOTIF|SM3; SRC:PUBDICT_GLYCOSMOS|SM3			
GSD:65f5cada-eb8b-4f15-b7b5-04b914f1491b	SM4s	TRUE	G72548RZ	4	1	SM4s				SRC:GLYCOEPITOPE|SM4s; SRC:PUBDICTIONARIES-GLYCAN-IMAGE|SM4s; SRC:PUBDICT_GLYCAN_MOTIF|SM4s; SRC:PUBDICT_GLYCOSMOS|SM4s			
GSD:619ad666-d407-414f-94da-5768af44e718	Solatriose	TRUE		1	1	Solatriose				SRC:PUBDICT_GLYCONAVI_NAME|Solatriose			
GSD:d286690f-e8c0-48e1-a95d-fdd4b90b8ab9	Sophorose	TRUE		1	1	Sophorose				SRC:PUBDICT_GLYCONAVI_NAME|Sophorose			
GSD:91dfcef2-d2ed-46d8-a2f8-16362e6d24c0	Sorbose	TRUE		1	1	Sorbose				SRC:PUBDICT_GLYCONAVI_NAME|Sorbose			
GSD:a323f1dc-46ab-413c-98d8-7c38c54cc8ca	SR123781A (Heparin 16)	TRUE		1	1	SR123781A (Heparin 16)			GAGs	SRC:BIOOLIGO|SR123781A (Heparin 16)			
GSD:5a76e56e-4c2c-4bb9-ac80-226bc6d5b7f2	SSEA-1	TRUE	G85497PI; G01187XC; G99053DY	7	2	SSEA; SSEA-1	stage-specific embryonic antigen-1		GlycoMotif GDV motif	SRC:GLYCOEPITOPE|SSEA-1; SRC:GLYCOMOTIF_GDV|SSEA; SRC:GSD_GLYGEN_V0|SSEA-1; SRC:PUBDICTIONARIES-GLYCAN-IMAGE|SSEA-1; SRC:PUBDICT_GLYCAN_MOTIF|SSEA; SRC:PUBDICT_GLYCAN_MOTIF|SSEA-1; SRC:PUBDICT_GLYCOSMOS|SSEA-1			
GSD:263b5566-6e4e-41d1-9f12-c8339e6bf126	SSEA-3	TRUE	G25129BT; G19298OA; G99053DY	8	1	SSEA-3	stage-specific embryonic antigen-3	An amino trisaccharide consisting of β-D-galactopyranose, 2-acetamido-2-deoxy-β-D-galactopyranose and α-D-galactopyranose residues joined in sequence by (1→3) glycosidic linkages.[CHEBI:149071]	GlycoMotif GGM motif	SRC:CUMMINGS|SSEA-3; SRC:GLYCOEPITOPE|SSEA-3; SRC:GLYCOMOTIF_CCRC|SSEA-3; SRC:GLYCOMOTIF_GGM|SSEA-3; SRC:GSD_GLYGEN_V0|SSEA-3; SRC:PUBDICTIONARIES-GLYCAN-IMAGE|SSEA-3; SRC:PUBDICT_GLYCAN_MOTIF|SSEA-3; SRC:PUBDICT_GLYCOSMOS|SSEA-3			
GSD:eb14b505-7275-5888-9bc7-4b07107af0b3	SSEA-4	TRUE	G84263XI; G32254QI	9	1	SSEA-4	stage-specific embryonic antigen-4; Stage specific embryonic antigen-4		Glycolipid	SRC:EOG_VARKI_4E|SSEA-4; SRC:GLYCOEPITOPE|SSEA-4; SRC:GSD_GLYGEN_V0|SSEA-4; SRC:PUBDICTIONARIES-GLYCAN-IMAGE|SSEA-4; SRC:PUBDICT_GLYCAN_MOTIF|SSEA-4; SRC:PUBDICT_GLYCONAVI_ABBREV|SSEA-4; SRC:PUBDICT_GLYCONAVI_NAME|SSEA-4; SRC:PUBDICT_GLYCOSMOS|SSEA-4; SRC:SUGARBIND|SSEA-4			
GSD:931e7c81-d1a6-4788-bf06-4b3f425ecae7	Stachyose	TRUE		1	1	Stachyose				SRC:PUBDICT_GLYCONAVI_NAME|Stachyose			
GSD:ad85463a-3111-5186-94b3-b074cddaead4	starch	TRUE		1	1	starch			Polysaccharide	SRC:EOG_VARKI_4E|starch			
GSD:233e3aef-b819-4a4f-a14c-ea69e0007e18	Streptose	TRUE		1	1	Streptose				SRC:PUBDICT_GLYCONAVI_NAME|Streptose			
GSD:d074659d-d256-4b99-a410-e5255abfd141	Sucrose	TRUE		1	1	Sucrose				SRC:PUBDICT_GLYCONAVI_NAME|Sucrose			
GSD:f9f7af2d-04fe-4209-af56-69d98694f928	Sulf-gangliotetraosyl ceramide	TRUE	G96614JE; G57796RK; G59736KH; G96596OC	6	2	Monosulfated gangliotetraosylceramide; Sulf-gangliotetraosyl ceramide			Glycosphingolipid	SRC:CUMMINGS|Monosulfated gangliotetraosylceramide; SRC:GLYCOMOTIF_CCRC|Monosulfated gangliotetraosylceramide; SRC:GLYCOMOTIF_GDV|Monosulfated gangliotetraosylceramide; SRC:GLYCOMOTIF_GGM|Monosulfated gangliotetraosylceramide; SRC:PUBDICT_GLYCAN_MOTIF|Monosulfated gangliotetraosylceramide; SRC:SUGARBIND|Sulf-gangliotetraosyl ceramide			
GSD:2ecd47eb-1349-5683-b84c-d6986496c78d	sulfated galactan	TRUE		1	1	sulfated galactan			Polysaccharide	SRC:EOG_VARKI_4E|sulfated galactan			
GSD:bf54b03e-d24b-5886-997b-2a52ede11173	sulfated glucuronosyl glycan	TRUE		1	1	sulfated glucuronosyl glycan			Named Functional Motif	SRC:EOG_VARKI_4E|sulfated glucuronosyl glycan			
GSD:a2613919-1e6d-5428-aba4-5997bad45f8b	sulfated glycan	TRUE		1	1	sulfated glycan			Others	SRC:EOG_VARKI_4E|sulfated glycan			
GSD:037ed9e9-fe72-5b57-9710-13e1e02b20c4	sulfated glycosaminoglycan	TRUE		1	1	sulfated glycosaminoglycan	sulfated glycosaminoglycan chains; sulfated GAG		Polysaccharide	SRC:EOG_VARKI_4E|sulfated glycosaminoglycan			
GSD:d7547529-9384-46c2-b359-ad455f8cba6d	sulfated LacdiNAc	TRUE	G18464VS; G31301MT	7	4	4'-sulfated LDN; 4-sulfated LDN; 40-sulfated LDN; sulfated LacdiNAc	4'-O-sulfated LacdiNAc; 4'-sulfated LDN; sulfated LDN		GlycoMotif GGM motif	SRC:GLYCOMOTIF_CCRC|4'-sulfated LDN; SRC:GLYCOMOTIF_GDV|4-sulfated LDN; SRC:GLYCOMOTIF_GGM|4'-sulfated LDN; SRC:GSD_GLYGEN_V0|sulfated LacdiNAc; SRC:PUBDICT_GLYCAN_MOTIF|4'-sulfated LDN; SRC:PUBDICT_GLYCAN_MOTIF|4-sulfated LDN; SRC:PUBDICT_GLYCAN_MOTIF|40-sulfated LDN			
GSD:b8143bd5-05c6-5619-b1c1-33b000af2e7c	sulfated N-glycan	TRUE		1	1	sulfated N-glycan			N-Linked Type	SRC:EOG_VARKI_4E|sulfated N-glycan			
GSD:98efacdd-c1d7-5dc7-8d0b-06c6d5967cef	sulfated O-GalNAc glycan	TRUE		1	1	sulfated O-GalNAc glycan	sulfated mucin-type glycan		O-Linked Core	SRC:EOG_VARKI_4E|sulfated O-GalNAc glycan			
GSD:14ba2f9a-068b-4e26-9805-d9bcb1307f12	Sulfated sialyl-3-N-acetyllactosamine	TRUE	G99745QX	2	1	Sulfated sialyl-3-N-acetyllactosamine	Su-3′SLN; Sulfated trisaccharide			SRC:PUBDICT_GLYCAN_MOTIF|Sulfated sialyl-3-N-acetyllactosamine; SRC:SUGARBIND|Sulfated sialyl-3-N-acetyllactosamine			
GSD:e0e0fe41-e988-5381-a1a6-932e18899850	sulfated terminal β-linked GalNAc	TRUE		1	1	sulfated terminal β-linked GalNAc	sulfated-GalNAc		Named Functional Motif	SRC:EOG_VARKI_4E|sulfated terminal β-linked GalNAc			
GSD:f9726a72-e7bc-5b9f-bd06-b85ea099456d	sulfatide	TRUE	G72548RZ; G07169WN; G60011XD; G40843KY; G95090DW	9	2	Sulfatide; sulfatide			Glycolipid	SRC:CUMMINGS|Sulfatide; SRC:EOG_VARKI_4E|sulfatide; SRC:GLYCOMOTIF_CCRC|Sulfatide; SRC:GLYCOMOTIF_GDV|Sulfatide; SRC:GLYCOMOTIF_GGM|Sulfatide; SRC:GSD_GLYGEN_V0|sulfatide; SRC:PUBDICT_GLYCAN_MOTIF|Sulfatide; SRC:PUBDICT_GLYCONAVI_NAME|Sulfatide; SRC:SUGARBIND|Sulfatide			
GSD:5d8b7707-65df-4565-bed2-e3edc229eeaa	Sulfo-isogloboside	TRUE	G10057XH; G30925QW; G56133NW; G57036MA	5	1	Sulfo-isogloboside	Mono-sulfated isoglobotetraosylceramide		GlycoMotif GGM motif	SRC:CUMMINGS|Sulfo-isogloboside; SRC:GLYCOMOTIF_CCRC|Sulfo-isogloboside; SRC:GLYCOMOTIF_GDV|Sulfo-isogloboside; SRC:GLYCOMOTIF_GGM|Sulfo-isogloboside; SRC:PUBDICT_GLYCAN_MOTIF|Sulfo-isogloboside			
GSD:5b6ede6e-9829-5690-a1a3-d1883b62d46d	T antigen	TRUE	G00031MO; G58645HA; G78436BB	16	8	Core 1 / T antigen; T (also TF)  antigen; T (also TF) antigen; T Antigen; T antigen; T or TF antigen; TF; TF antigen	TF antigen; O-GalNAc-Gal; Thomsen-Fridenreich antigen	An amino disaccharide composed of D-galactose and N-acetyl-α-D-galactosaminyl residues in β-(1→3) linkage.[CHEBI:61820]	O-Linked Core	SRC:CUMMINGS|T (also TF) antigen; SRC:EOG_VARKI_4E|T antigen; SRC:GLYCOEPITOPE|T Antigen; SRC:GLYCOMOTIF_CCRC|T or TF antigen; SRC:GLYCOMOTIF_GDV|T (also TF)  antigen; SRC:GLYCOMOTIF_GGM|T antigen; SRC:GSD_GLYGEN_V0|T antigen; SRC:PUBDICTIONARIES-GLYCAN-IMAGE|T antigen; SRC:PUBDICT_GLYCAN_MOTIF|Core 1 / T antigen; SRC:PUBDICT_GLYCAN_MOTIF|T (also TF)  antigen; SRC:PUBDICT_GLYCAN_MOTIF|T (also TF) antigen; SRC:PUBDICT_GLYCAN_MOTIF|T antigen; SRC:PUBDICT_GLYCAN_MOTIF|T or TF antigen; SRC:PUBDICT_GLYCAN_MOTIF|TF antigen; SRC:PUBDICT_GLYCONAVI_NAME|TF; SRC:PUBDICT_GLYCOSMOS|T Antigen			
GSD:68e7058a-c5a9-4bda-8a4d-32b78f7b3c16	Tagatose	TRUE		1	1	Tagatose				SRC:PUBDICT_GLYCONAVI_NAME|Tagatose			
GSD:a466baf1-531d-4197-9a2a-606fea058456	Talose	TRUE		1	1	Talose				SRC:PUBDICT_GLYCONAVI_NAME|Talose			
GSD:950ce199-a231-4f6b-b7f0-b6bdf43aee7c	Tartaric acid	TRUE		1	1	Tartaric acid				SRC:PUBDICT_GLYCONAVI_NAME|Tartaric acid			
GSD:9a4adb24-5192-5017-8286-14828329a8e1	teichoic acid	TRUE		1	1	teichoic acid	teichoic acid polymer		Polysaccharide	SRC:EOG_VARKI_4E|teichoic acid			
GSD:caf303a2-143f-51b8-887a-9fdc7e34a48c	terminal fucose	TRUE		1	1	terminal fucose	terminal Fuc residue		Named Functional Motif	SRC:EOG_VARKI_4E|terminal fucose			
GSD:0c32fd16-6ba8-5f21-aacc-e67e0b71acc1	terminal galactose	TRUE		1	1	terminal galactose	terminal Gal residue; exposed galactose		Named Functional Motif	SRC:EOG_VARKI_4E|terminal galactose			
GSD:9555ca61-aba2-5e44-947a-a6faeb0ccf73	terminal glucuronic acid	TRUE		1	1	terminal glucuronic acid			Named Functional Motif	SRC:EOG_VARKI_4E|terminal glucuronic acid			
GSD:9b46c1bc-c89c-51be-a6bd-cb98e416888c	terminal mannose	TRUE		1	1	terminal mannose	terminal Man		Named Functional Motif	SRC:EOG_VARKI_4E|terminal mannose			
GSD:cd483672-3ab7-5734-a40a-b489a133c301	terminal N-acetylgalactosamine	TRUE	G61418DU	3	2	N-acetyl-D-galactosamine; terminal N-acetylgalactosamine	terminal GalNAc residue; GalNAc		Named Functional Motif	SRC:EOG_VARKI_4E|terminal N-acetylgalactosamine; SRC:PUBDICT_GLYCAN_MOTIF|N-acetyl-D-galactosamine; SRC:SUGARBIND|N-acetyl-D-galactosamine			
GSD:7562f115-e4a2-5461-8cea-be68033775d0	terminal N-acetylglucosamine	TRUE		1	1	terminal N-acetylglucosamine	exposed GlcNAc residues; terminal GlcNAc residue		Named Functional Motif	SRC:EOG_VARKI_4E|terminal N-acetylglucosamine			
GSD:7e50b61a-ea7e-5c9c-860e-a5296d3b2339	terminal sialic acid	TRUE		1	1	terminal sialic acid	Terminal Sia residue		Named Functional Motif	SRC:EOG_VARKI_4E|terminal sialic acid			
GSD:57fe1544-36ee-52f8-9802-d4ffc1867028	terminal α-linked fucose	TRUE		1	1	terminal α-linked fucose			Named Functional Motif	SRC:EOG_VARKI_4E|terminal α-linked fucose			
GSD:a7da3922-7453-5cc0-897b-4bb463ece798	terminal α-linked mannose	TRUE		1	1	terminal α-linked mannose			Named Functional Motif	SRC:EOG_VARKI_4E|terminal α-linked mannose			
GSD:ddda1d65-b417-51b2-8b8a-d5e9e86509b5	terminal α-linked-galactose	TRUE		1	1	terminal α-linked-galactose	terminal α-galactose residue		Named Functional Motif	SRC:EOG_VARKI_4E|terminal α-linked-galactose			
GSD:8759d2e6-5d43-508d-bec0-a9cdf395b049	terminal α1-6 mannose	TRUE		1	1	terminal α1-6 mannose	terminal α1–6Man		Named Functional Motif	SRC:EOG_VARKI_4E|terminal α1-6 mannose			
GSD:2d13a3a8-39c6-5ce0-ba08-9ea5582c6ff4	terminal β-linked galactose	TRUE		1	1	terminal β-linked galactose			Named Functional Motif	SRC:EOG_VARKI_4E|terminal β-linked galactose			
GSD:e16fd11e-688e-51f7-b405-dd0bb8b17879	terminal β-linked N-acetylgalactosamine	TRUE		1	1	terminal β-linked N-acetylgalactosamine			Named Functional Motif	SRC:EOG_VARKI_4E|terminal β-linked N-acetylgalactosamine			
GSD:283cf9cf-37cb-4610-ac96-5c27e7b5e032	tetraantennary complex-type N-glycan	TRUE		1	1	tetraantennary complex-type N-glycan		Type of N-linked glycan in which four antennae are present on the trimannosyl core, each initiated by GlcNAc additions catalyzed by position-specific N-acetylglucosaminyltransferases (GlcNAcTs). The four antennae are initiated by addition of 2 GlcNAcs to the _3 Man (at the 2 and 4 positions) and 2 GlcNAcs to the _6 Man (at the 2 and 6 positions) of the trimannosyl core. Each antenna can be exte...		SRC:GSD_GLYGEN_V0|tetraantennary complex-type N-glycan			
GSD:aee918cb-25f8-50b7-8174-0b8aee6bfdb1	tetraantennary N-glycan	TRUE		2	1	tetraantennary N-glycan		Type of N-linked glycan in which four antennae are present on the trimannosyl core, each initiated by GlcNAc additions catalyzed by position-specific N-acetylglucosaminyltransferases (GlcNAcTs). The four antennae are initiated by addition of 2 GlcNAcs to the _3 Man (at the 2 and 4 positions) and 2 GlcNAcs to the _6 Man (at the 2 and 6 positions) of the trimannosyl core. Each antenna can be exte...	N-Linked Type	SRC:EOG_VARKI_4E|tetraantennary N-glycan; SRC:GSD_GLYGEN_V0|tetraantennary N-glycan			
GSD:e2f94329-3b2e-488f-9560-f5c869e713da	tetrafluoro-4-methoxy-benzamide-GalN-GlcNAc	TRUE		1	1	tetrafluoro-4-methoxy-benzamide-GalN-GlcNAc			Miscellaneous	SRC:BIOOLIGO|tetrafluoro-4-methoxy-benzamide-GalN-GlcNAc			
GSD:70e33abf-b5a9-49ec-8e9b-852ae250f059	Tetraosylceramide	TRUE	G95034OI	7	6	alpha()2-6)sialyl lactotetraosylceramide; alpha(2-6)sialyl lactotetraosylceramide; sialyl lactotetraosylceramide; Tetraosylceramide; α(2-6)sialyl  lactotetraosylceramide; α(2-6)sialylÂ_ lactotetraosylceramide			Glycosphingolipid	SRC:PUBDICT_GLYCONAVI_ABBREV|alpha()2-6)sialyl lactotetraosylceramide; SRC:PUBDICT_GLYCONAVI_ABBREV|alpha(2-6)sialyl lactotetraosylceramide; SRC:PUBDICT_GLYCONAVI_ABBREV|sialyl lactotetraosylceramide; SRC:PUBDICT_GLYCONAVI_NAME|sialyl lactotetraosylceramide; SRC:PUBDICT_GLYCONAVI_NAME|α(2-6)sialyl  lactotetraosylceramide; SRC:PUBDICT_GLYCONAVI_NAME|α(2-6)sialylÂ_ lactotetraosylceramide; SRC:SUGARBIND|Tetraosylceramide			
GSD:bcdcd7e0-2593-46c4-bd21-9ef67fdaaa50	tetrasialylated biantennary N-glycan	TRUE		1	1	tetrasialylated biantennary N-glycan		A biantennary glycan with two GlcNAc branches linked to the core and the addition of four sialic acid residues.		SRC:GSD_GLYGEN_V0|tetrasialylated biantennary N-glycan			
GSD:eacf884d-9d7e-4be4-b992-d5ae36e56c26	Threose	TRUE		1	1	Threose				SRC:PUBDICT_GLYCONAVI_NAME|Threose			
GSD:0263024f-b8b2-4097-aa52-edc40fa30271	Tk	TRUE		1	1	Tk			Miscellaneous	SRC:BIOOLIGO|Tk			
GSD:25e2c658-4349-5dc1-ba23-f9dbe366f1e7	Tn antigen	TRUE	G57321FI; G61406KC	9	2	Tn Antigen; Tn antigen	O-GalNAc; Thomsen-Nouveau antigen	Tn anitigen or alpha-galnac or N-Acetylgalactosamine is an N-acetyl-D-galactosamine having alpha-configuration at the anomeric centre. It has a role as an epitope. It derives from an alpha-D-galactosamine.[CHEBI:40356,HMDB0000212]	Named Functional Motif	SRC:CUMMINGS|Tn antigen; SRC:EOG_VARKI_4E|Tn antigen; SRC:GLYCOEPITOPE|Tn Antigen; SRC:GLYCOMOTIF_GDV|Tn antigen; SRC:GLYCOMOTIF_GGM|Tn antigen; SRC:GSD_GLYGEN_V0|Tn antigen; SRC:PUBDICTIONARIES-GLYCAN-IMAGE|Tn antigen; SRC:PUBDICT_GLYCAN_MOTIF|Tn antigen; SRC:PUBDICT_GLYCOSMOS|Tn Antigen			
GSD:d61bd6db-94d6-41f5-9f88-d70fe7ee2ba4	Trehalosamine	TRUE		1	1	Trehalosamine				SRC:PUBDICT_GLYCONAVI_NAME|Trehalosamine			
GSD:341d1909-eedf-5265-b3ee-cc78924c8a00	trehalose-6,6-dimycolate	TRUE		1	1	trehalose-6,6-dimycolate			Glycolipid	SRC:EOG_VARKI_4E|trehalose-6,6-dimycolate			
GSD:3c396caf-04a5-48df-9989-0a728b8fece6	tri-Lewis x	TRUE		2	2	Tri - Lewis X; tri-Lewis x			Lewis antigens	SRC:BIOOLIGO|Tri - Lewis X; SRC:BIOOLIGO|tri-Lewis x			
GSD:3d595e49-5cfa-4b48-b3ca-1e2b801e6937	Tri-Lex	TRUE		2	1	Tri-Lex				SRC:PUBDICT_GLYCONAVI_ABBREV|Tri-Lex; SRC:PUBDICT_GLYCONAVI_NAME|Tri-Lex			
GSD:da2800d1-7a50-4c24-8034-af07f8e85d2f	Tri-LN	TRUE		2	1	Tri-LN				SRC:PUBDICT_GLYCONAVI_ABBREV|Tri-LN; SRC:PUBDICT_GLYCONAVI_NAME|Tri-LN			
GSD:e42c7aa4-8b95-5f1c-8fe3-c263093d7b5a	tri-mannose	TRUE		1	1	tri-mannose	tri-Man		Others	SRC:EOG_VARKI_4E|tri-mannose			
GSD:7a02f83f-4c19-49a1-8c99-d0ccfd975e25	tri-sialylated N-glycan from porcine fibrinogen	TRUE		1	1	tri-sialylated N-glycan from porcine fibrinogen			N-linked oligos	SRC:BIOOLIGO|tri-sialylated N-glycan from porcine fibrinogen			
GSD:9598324c-4144-4a36-9363-8b23621950d1	triantennary complex-type N-glycan	TRUE		1	1	triantennary complex-type N-glycan	Triantennary complex-type	A complex N-glycan that has three branches attached to the non-reducing terminal Man residues of the trimannosyl core.[CHEBI:156252]  Each branch is initiated with a GlcNAc and can be exteneded or capped with HexNAc, deoxyHex, Hex, or sialic acid residues.		SRC:GSD_GLYGEN_V0|triantennary complex-type N-glycan			
GSD:1471df12-b367-5f77-b47f-f8e31ae9707f	triantennary N-glycan	TRUE		2	1	triantennary N-glycan	tri-antennary N-glycan	Type of N-linked glycan in which three antennae are present on the trimannosyl core, each initiated by GlcNAc additions catalyzed by position-specific N-acetylglucosaminyltransferases (GlcNAcTs). The three antennae can be be initiated by addition of 2 GlcNAcs to the _3 Man (at the 2 and 4 positions) and 1 GlcNAc to the _6 Man (at the 2 position) of the trimannosyl core or 1 on the _3 and 2 on t...	N-Linked Type	SRC:EOG_VARKI_4E|triantennary N-glycan; SRC:GSD_GLYGEN_V0|triantennary N-glycan			
GSD:4b1954a1-a4b9-4cda-9c47-4df9e13e87b4	trifucosyl Lewis b	TRUE	G74578MX	5	4	trifucosyl Lewis b; trifucosyl-Lewis b; Trifucosyl-Lewis b Antigen; Trifucosyl-Lewis b antigen	trifucosyl-Leb antigen	N-[(2R,3R,4R,5S,6R)-4-[(2R,3R,4S,5S,6R)-4-[(2S,3R,4R,5S,6R)-3-Acetamido-4-[(2R,3R,4S,5R,6R)-4,5-dihydroxy-6-(hydroxymethyl)-3-[(2S,3S,4R,5S,6S)-3,4,5-trihydroxy-6-methyloxan-2-yl]oxyoxan-2-yl]oxy-6-(hydroxymethyl)-5-[(2S,3S,4R,5S,6S)-3,4,5-trihydroxy-6-methyloxan-2-yl]oxyoxan-2-yl]oxy-3,5-dihydroxy-6-(hydroxymethyl)oxan-2-yl]oxy-2-hydroxy-6-(hydroxymethyl)-5-[(2S,3S,4R,5S,6S)-3,4,5-trihydroxy-6...		SRC:GLYCOEPITOPE|Trifucosyl-Lewis b Antigen; SRC:GSD_GLYGEN_V0|trifucosyl Lewis b; SRC:PUBDICTIONARIES-GLYCAN-IMAGE|trifucosyl-Lewis b; SRC:PUBDICT_GLYCAN_MOTIF|Trifucosyl-Lewis b antigen; SRC:PUBDICT_GLYCOSMOS|Trifucosyl-Lewis b Antigen			
GSD:d7bc6703-411b-4861-b5aa-285099666f06	trifucosyl lewis y	TRUE	G74917JX	5	4	trifucosyl lewis y; trifucosyl-Lewis y; Trifucosyl-Lewis y Antigen; Trifucosyl-Lewis y antigen	trifucosyl Ley	A branched heptasaccharide derivative consisting of two repeating units of β-D-Gal-(1→4)-[α-L-Fuc-(1→3)]-β-D-GlcNAc (joined by a (1→3)-linkage) with an α-L-fucosyl residue attached at the 2-position of the galactose residue at the non-reducing end.[CHEBI:61332]		SRC:GLYCOEPITOPE|Trifucosyl-Lewis y Antigen; SRC:GSD_GLYGEN_V0|trifucosyl lewis y; SRC:PUBDICTIONARIES-GLYCAN-IMAGE|trifucosyl-Lewis y; SRC:PUBDICT_GLYCAN_MOTIF|Trifucosyl-Lewis y antigen; SRC:PUBDICT_GLYCOSMOS|Trifucosyl-Lewis y Antigen			
GSD:f7cdf4f8-f80e-4ee7-9e4b-9bac207c7b34	trimannosyl core	TRUE		1	1	trimannosyl core		A glycan that constitutes the core structure common to all high-mannose, complex, or hybrid N-glycans. The trimannosyl core composition is Man3 GlcNAc2 and includes a chitobiose at the reducing terminal which is extended by a single b-linked Man residue. The b-linked Man is branched by two additional a-linked Man residues, one at the 3 position and one at the 6 position.		SRC:GSD_GLYGEN_V0|trimannosyl core			
GSD:efde0077-3b30-4049-908a-06fca5baa212	Trisialogangliotetraosylceramide	TRUE	G40183QN	2	1	Trisialogangliotetraosylceramide	NeuAc-GT1b; GT1b		Glycosphingolipid	SRC:PUBDICT_GLYCAN_MOTIF|Trisialogangliotetraosylceramide; SRC:SUGARBIND|Trisialogangliotetraosylceramide			
GSD:2f0d9e16-7fe0-4093-a503-040879ec7636	trisialylated biantennary N-glycan	TRUE		1	1	trisialylated biantennary N-glycan		A diantennary/biantennary glycans with three sialic acid components.		SRC:GSD_GLYGEN_V0|trisialylated biantennary N-glycan			
GSD:73e36053-c634-4d6f-98a5-2028af786c46	Trisialylated pentaose type 1	TRUE		1	1	Trisialylated pentaose type 1			Sialylated oligosaccharide (Type 1)	SRC:BIOOLIGO|Trisialylated pentaose type 1			
GSD:a14b7a5b-2df1-4663-b7df-52820aa34335	Trisialylated pentaose type 2	TRUE		1	1	Trisialylated pentaose type 2			Sialylated oligosaccharide (Type 2)	SRC:BIOOLIGO|Trisialylated pentaose type 2			
GSD:02e8291e-5f4e-4181-98a5-ca7f185050fc	trisialylated triantennary N-glycan	TRUE		1	1	trisialylated triantennary N-glycan		A triantennry glycan with three sialic acid components.		SRC:GSD_GLYGEN_V0|trisialylated triantennary N-glycan			
GSD:65bba6d7-e07f-577c-b95a-b2c2a4b87b0b	truncated core 1 O-glycan	TRUE		1	1	truncated core 1 O-glycan	truncated core 1 structure		O-Linked Core	SRC:EOG_VARKI_4E|truncated core 1 O-glycan			
GSD:cd5c19d8-26c9-5540-b4b5-005c0b9f735c	truncated N-glycan	TRUE		1	1	truncated N-glycan			N-Linked Type	SRC:EOG_VARKI_4E|truncated N-glycan			
GSD:76a59293-d803-5115-8d91-bfe83bf96e4d	truncated O-GalNAc glycan	TRUE		1	1	truncated O-GalNAc glycan			O-Linked Core	SRC:EOG_VARKI_4E|truncated O-GalNAc glycan			
GSD:1a0dea3e-99dc-509f-b1e7-72f22adabe1d	truncated O-glycan	TRUE		1	1	truncated O-glycan	incomplete O-glycan		O-Linked Core	SRC:EOG_VARKI_4E|truncated O-glycan			
GSD:33b5bf68-d1bd-4d9e-95e3-515bcf224f9f	Turanose	TRUE		1	1	Turanose				SRC:PUBDICT_GLYCONAVI_NAME|Turanose			
GSD:ac96c981-4bb7-47b7-af11-0a28984132d4	Type 1 LN	TRUE	G43784HS; G00056MO	5	2	Type 1 LN; Type 1 LN2			GlycoMotif GDV motif	SRC:CUMMINGS|Type 1 LN; SRC:CUMMINGS|Type 1 LN2; SRC:GLYCOMOTIF_GDV|Type 1 LN; SRC:PUBDICT_GLYCAN_MOTIF|Type 1 LN; SRC:PUBDICT_GLYCAN_MOTIF|Type 1 LN2			
GSD:7505d87c-60ac-43ea-aff8-218a5a7cdffa	Type 1 LN3	TRUE	G85779MY; G17961XM	4	2	LN3; Type 1 LN3			GlycoMotif CCRC motif	SRC:CUMMINGS|Type 1 LN3; SRC:GLYCOMOTIF_CCRC|LN3; SRC:PUBDICT_GLYCAN_MOTIF|LN3; SRC:PUBDICT_GLYCAN_MOTIF|Type 1 LN3			
GSD:83e6f432-6d24-4e1a-85c3-2c141a2d8b07	Type 2 LN	TRUE	G00055MO	1	1	Type 2 LN				SRC:PUBDICT_GLYCAN_MOTIF|Type 2 LN			
GSD:fe424dbf-51ec-555c-926c-3f41890b54c4	type-1 unit	TRUE		1	1	type-1 unit	type-1 chain repeating unit; Galβ1-3GlcNAc		Named Functional Motif	SRC:EOG_VARKI_4E|type-1 unit			
GSD:b9977dd8-7121-5b87-8b2a-75ca0fbeba71	type-2 unit	TRUE		1	1	type-2 unit	type-2 chain repeating unit; Galβ1-4GlcNAc		Named Functional Motif	SRC:EOG_VARKI_4E|type-2 unit			
GSD:8a16aa22-c6c7-504a-b0a9-c4e7a92d84ea	type-4 chain	TRUE		1	1	type-4 chain			Glycolipid	SRC:EOG_VARKI_4E|type-4 chain			
GSD:54bf38bf-5d90-4069-b733-6df62c01f3cb	Tyvelose	TRUE		1	1	Tyvelose				SRC:PUBDICT_GLYCONAVI_NAME|Tyvelose			
GSD:3d421008-1063-4b06-9158-824c0d23e23b	Umbelliferose	TRUE		1	1	Umbelliferose				SRC:PUBDICT_GLYCONAVI_NAME|Umbelliferose			
GSD:d76493e6-6bce-476f-8af2-ef5580c82df3	Unnamed	TRUE	G74621DY; G78436BB; G54721WC; G57710SU; G51699SI; G87315SO; G60859DF; G04616ST; G51331BY; G39064VB; G03499BP; G61298NX; G33224VN; G67988RO; G32969VW; G56299XO; G70323CJ; G07982RO; G78260AJ; G04165ZA; G03777BI; G08079IN; G30207PZ; G55153IW; G87245HS; G44345UH; G29313LW; G41709CA; G87727XV; G00407UJ; G65889KE; G00059MO; G91649BT; G12460DL; G02880JU; G39011KA; G55205ZV; G06000DZ; G23581GL; G65191ST; G48236KP	1	1	Unnamed			Glycosphingolipid	SRC:SUGARBIND|Unnamed			
GSD:22a00f8d-9902-4eef-8bc2-2b91bbce1310	VIM-2	TRUE	G22418PV	5	1	VIM-2		α-Neup5Ac-(2→3)-β-D-Galp-(1→4)-β-D-GlcpNAc-(1→3)-β-D-Galp-(1→4)-[α-L-Fucp-(1→3)]-D-GlcpNAc in which the anomeric configuration of the N-acetyl-D-glucosamine residue at the reducing end is β.[CHEBI:85946]	GlycoMotif GGM motif	SRC:GLYCOMOTIF_GDV|VIM-2; SRC:GLYCOMOTIF_GGM|VIM-2; SRC:GSD_GLYGEN_V0|VIM-2; SRC:PUBDICTIONARIES-GLYCAN-IMAGE|VIM-2; SRC:PUBDICT_GLYCOSMOS|VIM-2			
GSD:af3681c1-eef5-4c2d-bff6-c0c65253a595	VIM-2	TRUE	G01296LJ; G00065MO; G22418PV	7	2	VIM; VIM-2			Glycosphingolipid	SRC:CUMMINGS|VIM-2; SRC:GLYCOEPITOPE|VIM-2; SRC:GLYCOMOTIF_CCRC|VIM-2; SRC:PUBDICT_GLYCAN_MOTIF|VIM; SRC:PUBDICT_GLYCAN_MOTIF|VIM-2; SRC:PUBDICT_MOTIF_GTC|VIM; SRC:SUGARBIND|VIM-2			
GSD:8628423b-7feb-49f2-b5d8-c59ef8c69ef0	Xeno antigen type 1	TRUE		1	1	Xeno antigen type 1			Gala-3Gal oligosaccharides (Galili and xeno antigens)	SRC:BIOOLIGO|Xeno antigen type 1			
GSD:3bb22683-9715-4e72-8c23-c14084150174	Xeno lewis a	TRUE		1	1	Xeno lewis a			Gala-3Gal oligosaccharides (Galili and xeno antigens)	SRC:BIOOLIGO|Xeno lewis a			
GSD:2ea01c07-0d3e-40b3-87e6-1be6ab59fcec	Xeno lewis X (Gal Lewis x)	TRUE		1	1	Xeno lewis X (Gal Lewis x)			Gala-3Gal oligosaccharides (Galili and xeno antigens)	SRC:BIOOLIGO|Xeno lewis X (Gal Lewis x)			
GSD:a99ba2f3-c21f-5d4f-b958-3576be9c9188	xylan	TRUE		1	1	xylan			Polysaccharide	SRC:EOG_VARKI_4E|xylan			
GSD:db5ed7f2-45f9-5e86-9eb1-bc412c33afc7	xylogalacturonan	TRUE	G00367NK	5	2	Xylogalacturonan; xylogalacturonan			Polysaccharide	SRC:EOG_VARKI_4E|xylogalacturonan; SRC:GLYCOEPITOPE|Xylogalacturonan; SRC:PUBDICTIONARIES-GLYCAN-IMAGE|xylogalacturonan; SRC:PUBDICT_GLYCAN_MOTIF|Xylogalacturonan; SRC:PUBDICT_GLYCOSMOS|Xylogalacturonan			
GSD:6e9249d9-1b1b-5dbf-8561-76de16821a00	xyloglucan	TRUE	G25326UC	5	2	Xyloglucan; xyloglucan			Polysaccharide	SRC:EOG_VARKI_4E|xyloglucan; SRC:GLYCOEPITOPE|Xyloglucan; SRC:PUBDICTIONARIES-GLYCAN-IMAGE|xyloglucan; SRC:PUBDICT_GLYCAN_MOTIF|Xyloglucan; SRC:PUBDICT_GLYCOSMOS|Xyloglucan			
GSD:9a875625-e92f-42d7-b657-f9409753f7d6	Xylose	TRUE		1	1	Xylose				SRC:PUBDICT_GLYCONAVI_NAME|Xylose			
GSD:b301b0d9-2ac9-589a-9cd1-4539be294d96	xyloside	TRUE		1	1	xyloside			Others	SRC:EOG_VARKI_4E|xyloside			
GSD:9f46e63f-395f-55cb-9230-c011b593b822	xylosylated glycans	TRUE		1	1	xylosylated glycans			Others	SRC:EOG_VARKI_4E|xylosylated glycans			
GSD:31d588c8-8eb9-4786-b7f6-4395ee8ee848	Xylulose	TRUE		1	1	Xylulose				SRC:PUBDICT_GLYCONAVI_NAME|Xylulose			
GSD:88ff1b8f-bd93-5eb3-b4ae-8ba697b28122	α(1-3)-linked N-acetylgalactosamine	TRUE		1	1	α(1-3)-linked N-acetylgalactosamine	α(1-3)GalNAc		Named Functional Motif	SRC:EOG_VARKI_4E|α(1-3)-linked N-acetylgalactosamine			
GSD:10dc47f9-89f6-59b5-aa58-22fd27d80b6e	α(1-6)-linked glucose branch	TRUE		1	1	α(1-6)-linked glucose branch	periodic α1–6Glc branch		Named Functional Motif	SRC:EOG_VARKI_4E|α(1-6)-linked glucose branch			
GSD:5c4bc8ee-f2ad-4777-8603-0980a82fa30f	α,α-Trehalose	TRUE		1	1	α,α-Trehalose				SRC:PUBDICT_GLYCONAVI_NAME|α,α-Trehalose			
GSD:f4f8ff22-b9e8-5e3e-a230-680056063e4b	α-linked mannose	TRUE		1	1	α-linked mannose			Monosaccharide	SRC:EOG_VARKI_4E|α-linked mannose			
GSD:c8753ce2-90c7-5f6d-8408-8771b0fbcdd3	α-linked O-fucose modification	TRUE		1	1	α-linked O-fucose modification			Named Functional Motif	SRC:EOG_VARKI_4E|α-linked O-fucose modification			
GSD:7a5bd3ed-8cf1-590b-a0d0-361864a820eb	α-linked polyglucose	TRUE		1	1	α-linked polyglucose	α-linked polyglucose nanofilaments		Polysaccharide	SRC:EOG_VARKI_4E|α-linked polyglucose			
GSD:32bfa27a-d28a-584a-9a53-7b24e852853f	α-mannan	TRUE	G29313LW; G07490EK; G51379UR	2	2	alpha-oligomannoside; α-mannan	dimannoside		Polysaccharide	SRC:EOG_VARKI_4E|α-mannan; SRC:SUGARBIND|alpha-oligomannoside			
GSD:a2975b50-96f1-55c1-9723-87fb404221fb	α-mannose-containing glycan	TRUE		1	1	α-mannose-containing glycan			Named Functional Motif	SRC:EOG_VARKI_4E|α-mannose-containing glycan			
GSD:074c18ce-d0db-5638-b2f1-18f7c5525a09	α-sialyl linkage	TRUE		1	1	α-sialyl linkage	α-sialyl linkages		Named Functional Motif	SRC:EOG_VARKI_4E|α-sialyl linkage			
GSD:7cf55d9d-bacd-51cb-8500-ef798d5c7e9b	α2-3 sialic acid branch	TRUE		1	1	α2-3 sialic acid branch	α2-3Sia branch		Named Functional Motif	SRC:EOG_VARKI_4E|α2-3 sialic acid branch			
GSD:5bb8d8c8-c3d1-5fce-b193-1c59dd7fa899	α2-3 sialyllactosamine	TRUE	G59168YE	2	2	3'-sialyl-N-acetyllactosamine(1-3); α2-3 sialyllactosamine	α2-3sialyllactosamines		Named Functional Motif	SRC:EOG_VARKI_4E|α2-3 sialyllactosamine; SRC:PUBDICT_GLYCAN_MOTIF|3'-sialyl-N-acetyllactosamine(1-3)			
GSD:43d51cfc-740a-4ed3-b6e3-8ab535549b19	α2-6-sialylated 6-sulfo-LacNAc	TRUE	G41145LF; G43191LZ; G92341SR	9	5	2,6-sialyl-Sulfo-LN; 2,6-sialyl-Sulfo-LN (6-sialyl-6-sulfo LN); 6-sialyl-6-sulfo LN; 6′-Sia-6-su-LacNAc; α2-6-sialylated 6-sulfo-LacNAc	6-sialyl-6-sulfo LN; α2-6-sialylated 6-sulfo-LacNAc		Sialylated oligosaccharide (Type 2)	SRC:BIOOLIGO|6′-Sia-6-su-LacNAc; SRC:CUMMINGS|2,6-sialyl-Sulfo-LN; SRC:GLYCOMOTIF_CCRC|2,6-sialyl-Sulfo-LN; SRC:GLYCOMOTIF_GDV|2,6-sialyl-Sulfo-LN (6-sialyl-6-sulfo LN); SRC:GLYCOMOTIF_GGM|2,6-sialyl-Sulfo-LN; SRC:GSD_GLYGEN_V0|α2-6-sialylated 6-sulfo-LacNAc; SRC:PUBDICT_GLYCAN_MOTIF|2,6-sialyl-Sulfo-LN; SRC:PUBDICT_GLYCAN_MOTIF|2,6-sialyl-Sulfo-LN (6-sialyl-6-sulfo LN); SRC:PUBDICT_GLYCAN_MOTIF|6-sialyl-6-sulfo LN			
GSD:602bc4bf-da9f-505c-8a5d-d3de8020b72d	β-(1,3)-glucan	TRUE		1	1	β-(1,3)-glucan	β-1,3-glucan oligosaccharides; β-1,3-glucan		Polysaccharide	SRC:EOG_VARKI_4E|β-(1,3)-glucan			
GSD:3f1f513f-f9df-5475-8bb2-ca5235e3de00	β-(1,4)-glucan	TRUE		1	1	β-(1,4)-glucan	β-1,4-glucan oligosaccharides; β-1,4-glucans		Polysaccharide	SRC:EOG_VARKI_4E|β-(1,4)-glucan			
GSD:e8b1df23-5a49-5fd5-ba6a-9e4701e140d1	β-(1,4)-mannuronate	TRUE		1	1	β-(1,4)-mannuronate			Polysaccharide Repeating Unit	SRC:EOG_VARKI_4E|β-(1,4)-mannuronate			
GSD:b1e943e8-3b74-5ca0-b624-b7035cb5867d	β-D-xyloside	TRUE		1	1	β-D-xyloside			Others	SRC:EOG_VARKI_4E|β-D-xyloside			
GSD:6c978e40-5b00-580b-b7c6-94bc0e970ccc	β-glucan	TRUE	G00024MO	3	2	Beta-glucan; β-glucan			Polysaccharide	SRC:EOG_VARKI_4E|β-glucan; SRC:PUBDICT_GLYCAN_MOTIF|Beta-glucan; SRC:PUBDICT_MOTIF_GTC|Beta-glucan			
GSD:ad1e80a4-92ce-5bc2-b892-ffbbfaff2a25	β-linked galactose	TRUE	G65889KE; G68158BT	8	6	Bata Galactose; beta galactose; Beta Galoctose; Beta-linked galactose; Galactose beta1; β-linked galactose	β-linked Gal; Gal beta1		Named Functional Motif	SRC:EOG_VARKI_4E|β-linked galactose; SRC:GLYCOEPITOPE|Bata Galactose; SRC:PUBDICTIONARIES-GLYCAN-IMAGE|beta galactose; SRC:PUBDICT_GLYCAN_MOTIF|Bata Galactose; SRC:PUBDICT_GLYCAN_MOTIF|Beta Galoctose; SRC:PUBDICT_GLYCOSMOS|Bata Galactose; SRC:SUGARBIND|Beta-linked galactose; SRC:SUGARBIND|Galactose beta1			
GSD:09f4cd98-a90c-5754-a796-8af8fcfd5b82	β-linked Kdo	TRUE		1	1	β-linked Kdo			Monosaccharide	SRC:EOG_VARKI_4E|β-linked Kdo			
GSD:a6c8cb4a-f684-48be-a06e-86fa493b2d87	β-linked lactose	TRUE	G84224TW	1	1	β-linked lactose				SRC:PUBDICTIONARIES-GLYCAN-IMAGE|β-linked lactose			
GSD:ab43ce77-050f-5ca4-aee7-38cc6bd7430d	β-N-acetylgalactosaminide	TRUE		1	1	β-N-acetylgalactosaminide			Others	SRC:EOG_VARKI_4E|β-N-acetylgalactosaminide			
GSD:bbaa2aeb-973c-5aa6-bc50-82c31077387a	β-N-acetylglucosaminide	TRUE		1	1	β-N-acetylglucosaminide			Named Functional Motif	SRC:EOG_VARKI_4E|β-N-acetylglucosaminide			
GSD:a682ef18-7c67-5471-bd36-7a689b7f6114	β2-linked mannose polymer	TRUE		1	1	β2-linked mannose polymer			Polysaccharide	SRC:EOG_VARKI_4E|β2-linked mannose polymer			
GSD:444a9542-bd90-5bca-a8ea-78fc7b905dc4	β2-linked N-acetylglucosamine	TRUE		1	1	β2-linked N-acetylglucosamine	β1-2GlcNAc		Named Functional Motif	SRC:EOG_VARKI_4E|β2-linked N-acetylglucosamine			
GSD:864352e3-4959-5d32-b9e3-b0973c89c4a1	β3-linked glucose	TRUE		1	1	β3-linked glucose	1-3-linked β-Glc		Polysaccharide Repeating Unit	SRC:EOG_VARKI_4E|β3-linked glucose			
GSD:2f37ec04-7fb3-58c1-8f7b-4995e61eda24	β4-linked N-acetylgalactosamine	TRUE		1	1	β4-linked N-acetylgalactosamine	β1-4GalNAc		Named Functional Motif	SRC:EOG_VARKI_4E|β4-linked N-acetylgalactosamine			
GSD:be8acfd3-8241-5bb3-8e7f-21348d2fbb17	β4-linked N-acetylglucosamine	TRUE		1	1	β4-linked N-acetylglucosamine	β1-4GlcNAc		Named Functional Motif	SRC:EOG_VARKI_4E|β4-linked N-acetylglucosamine			
GSD:165697ec-4d3c-5222-b659-a519d5f852b1	β6-linked galactose	TRUE		1	1	β6-linked galactose	1-6-linked β-Galp		Polysaccharide Repeating Unit	SRC:EOG_VARKI_4E|β6-linked galactose			
GSD:59ad35d6-72e6-5621-84da-36ff79658b40	β6-linked glucose	TRUE		1	1	β6-linked glucose	1-6-linked β-Glc		Polysaccharide Repeating Unit	SRC:EOG_VARKI_4E|β6-linked glucose			
GSD:787243fc-eea6-5ac3-b76f-ff0e45698791	β6-linked N-acetylglucosamine	TRUE		1	1	β6-linked N-acetylglucosamine	β1-6GlcNAc		Named Functional Motif	SRC:EOG_VARKI_4E|β6-linked N-acetylglucosamine			
